frame,num_unique_clusters
0,4
1,4
2,4
3,4
4,4
5,4
6,4
7,4
8,4
9,4
10,4
11,4
12,4
13,4
14,4
15,4
16,4
17,4
18,4
19,4
20,4
21,4
22,4
23,4
24,4
25,4
26,4
27,4
28,4
29,4
30,4
31,4
32,4
33,4
34,4
35,4
36,4
37,4
38,4
39,4
40,4
41,4
42,4
43,4
44,4
45,4
46,4
47,4
48,4
49,4
50,4
51,4
52,4
53,4
54,4
55,4
56,4
57,4
58,4
59,4
60,4
61,4
62,4
63,4
64,4
65,4
66,4
67,4
68,4
69,4
70,4
71,4
72,4
73,4
74,4
75,4
76,4
77,4
78,4
79,4
80,4
81,4
82,4
83,4
84,4
85,4
86,4
87,4
88,4
89,4
90,4
91,4
92,4
93,4
94,4
95,4
96,4
97,4
98,4
99,4
100,4
101,4
102,4
103,4
104,4
105,4
106,4
107,4
108,4
109,4
110,4
111,4
112,4
113,4
114,4
115,4
116,4
117,4
118,4
119,4
120,4
121,4
122,4
123,4
124,4
125,4
126,4
127,4
128,4
129,4
130,4
131,4
132,4
133,4
134,4
135,4
136,4
137,4
138,4
139,4
140,4
141,4
142,4
143,4
144,4
145,4
146,4
147,4
148,4
149,4
150,4
151,4
152,4
153,4
154,4
155,4
156,4
157,4
158,4
159,4
160,4
161,4
162,4
163,4
164,4
165,4
166,4
167,4
168,4
169,4
170,4
171,4
172,4
173,4
174,4
175,4
176,4
177,4
178,4
179,4
180,4
181,4
182,4
183,4
184,4
185,4
186,4
187,4
188,4
189,4
190,4
191,4
192,4
193,4
194,4
195,4
196,4
197,4
198,4
199,4
200,4
201,4
202,4
203,4
204,4
205,4
206,4
207,4
208,4
209,4
210,4
211,4
212,4
213,4
214,4
215,4
216,4
217,4
218,4
219,4
220,4
221,4
222,4
223,4
224,4
225,4
226,4
227,4
228,4
229,4
230,4
231,4
232,4
233,4
234,4
235,4
236,4
237,4
238,4
239,4
240,4
241,4
242,4
243,4
244,4
245,3
246,3
247,3
248,3
249,3
250,3
251,3
252,3
253,3
254,3
255,3
256,3
257,3
258,3
259,3
260,3
261,3
262,3
263,3
264,3
265,3
266,3
267,3
268,3
269,3
270,3
271,3
272,3
273,3
274,3
275,3
276,3
277,3
278,3
279,3
280,3
281,3
282,3
283,3
284,3
285,3
286,3
287,3
288,3
289,3
290,3
291,3
292,3
293,3
294,3
295,3
296,3
297,3
298,3
299,3
300,3
301,3
302,3
303,3
304,3
305,3
306,3
307,3
308,3
309,3
310,3
311,3
312,3
313,3
314,3
315,3
316,3
317,3
318,3
319,3
320,3
321,3
322,3
323,3
324,3
325,3
326,3
327,3
328,3
329,3
330,3
331,3
332,3
333,3
334,3
335,3
336,3
337,3
338,3
339,3
340,3
341,3
342,3
343,3
344,3
345,3
346,3
347,3
348,3
349,3
350,3
351,3
352,3
353,3
354,3
355,3
356,3
357,3
358,3
359,3
360,3
361,3
362,3
363,3
364,3
365,3
366,3
367,3
368,3
369,3
370,3
371,3
372,3
373,3
374,3
375,3
376,3
377,3
378,3
379,3
380,3
381,3
382,3
383,3
384,3
385,3
386,3
387,3
388,3
389,3
390,3
391,3
392,3
393,3
394,3
395,3
396,3
397,3
398,3
399,3
400,3
401,3
402,3
403,3
404,3
405,3
406,3
407,3
408,3
409,3
410,3
411,3
412,3
413,3
414,3
415,3
416,3
417,3
418,3
419,3
420,3
421,3
422,3
423,3
424,3
425,3
426,3
427,3
428,3
429,3
430,3
431,3
432,3
433,3
434,3
435,3
436,3
437,3
438,3
439,3
440,3
441,3
442,3
443,3
444,3
445,3
446,3
447,3
448,3
449,3
450,3
451,3
452,3
453,3
454,3
455,3
456,3
457,3
458,3
459,3
460,3
461,3
462,3
463,3
464,3
465,3
466,3
467,3
468,3
469,3
470,3
471,3
472,3
473,3
474,3
475,3
476,3
477,3
478,3
479,3
480,3
481,3
482,3
483,3
484,3
485,3
486,3
487,3
488,3
489,3
490,3
491,3
492,3
493,3
494,3
495,3
496,3
497,3
498,3
499,3
500,3
501,3
502,3
503,3
504,3
505,3
506,3
507,3
508,3
509,3
510,3
511,3
512,3
513,3
514,3
515,3
516,3
517,3
518,3
519,3
520,3
521,3
522,3
523,3
524,3
525,3
526,3
527,3
528,3
529,3
530,3
531,3
532,3
533,3
534,3
535,3
536,3
537,3
538,3
539,3
540,3
541,3
542,3
543,3
544,3
545,3
546,3
547,3
548,3
549,3
550,3
551,3
552,3
553,3
554,3
555,3
556,3
557,3
558,3
559,3
560,3
561,3
562,3
563,3
564,3
565,3
566,3
567,3
568,3
569,3
570,3
571,3
572,3
573,3
574,3
575,3
576,3
577,3
578,3
579,3
580,3
581,3
582,3
583,3
584,3
585,3
586,3
587,3
588,3
589,3
590,3
591,3
592,3
593,3
594,3
595,3
596,3
597,3
598,3
599,3
600,3
601,3
602,3
603,3
604,3
605,3
606,3
607,3
608,3
609,3
610,3
611,3
612,3
613,3
614,3
615,3
616,3
617,3
618,3
619,3
620,3
621,3
622,3
623,3
624,3
625,3
626,3
627,3
628,3
629,3
630,3
631,3
632,3
633,3
634,3
635,3
636,3
637,3
638,3
639,3
640,3
641,3
642,3
643,3
644,3
645,3
646,3
647,3
648,3
649,3
650,3
651,3
652,3
653,3
654,3
655,3
656,3
657,3
658,3
659,3
660,3
661,3
662,3
663,3
664,3
665,3
666,3
667,3
668,3
669,3
670,3
671,3
672,3
673,3
674,3
675,3
676,3
677,3
678,3
679,3
680,3
681,3
682,3
683,3
684,3
685,3
686,3
687,3
688,3
689,3
690,3
691,3
692,3
693,3
694,3
695,3
696,3
697,3
698,3
699,3
700,3
701,3
702,3
703,3
704,3
705,3
706,3
707,3
708,3
709,3
710,3
711,3
712,3
713,3
714,3
715,3
716,3
717,3
718,3
719,3
720,3
721,3
722,3
723,3
724,3
725,3
726,3
727,3
728,3
729,3
730,3
731,3
732,3
733,3
734,3
735,3
736,3
737,3
738,3
739,3
740,3
741,3
742,3
743,3
744,3
745,3
746,3
747,3
748,3
749,3
750,3
751,3
752,3
753,3
754,3
755,3
756,3
757,3
758,3
759,3
760,3
761,3
762,3
763,3
764,3
765,3
766,3
767,3
768,3
769,3
770,3
771,3
772,3
773,3
774,3
775,3
776,3
777,3
778,3
779,3
780,3
781,3
782,3
783,3
784,3
785,3
786,3
787,3
788,3
789,3
790,3
791,3
792,3
793,3
794,3
795,3
796,3
797,3
798,3
799,3
800,3
801,3
802,3
803,3
804,3
805,3
806,3
807,3
808,3
809,3
810,3
811,3
812,3
813,3
814,3
815,3
816,3
817,3
818,3
819,3
820,3
821,3
822,3
823,3
824,3
825,3
826,3
827,3
828,3
829,3
830,3
831,3
832,3
833,3
834,3
835,3
836,3
837,3
838,3
839,3
840,3
841,3
842,3
843,3
844,3
845,3
846,3
847,3
848,3
849,3
850,3
851,3
852,3
853,3
854,3
855,3
856,3
857,3
858,3
859,3
860,3
861,3
862,3
863,3
864,3
865,3
866,3
867,3
868,3
869,3
870,3
871,3
872,3
873,3
874,3
875,3
876,3
877,3
878,3
879,3
880,3
881,3
882,3
883,3
884,3
885,3
886,3
887,3
888,3
889,3
890,3
891,3
892,3
893,3
894,3
895,3
896,3
897,3
898,3
899,3
900,3
901,3
902,3
903,3
904,3
905,3
906,3
907,3
908,3
909,3
910,3
911,3
912,3
913,3
914,3
915,3
916,3
917,3
918,3
919,3
920,3
921,3
922,3
923,3
924,3
925,3
926,3
927,3
928,3
929,3
930,3
931,3
932,3
933,3
934,3
935,3
936,3
937,3
938,3
939,3
940,3
941,3
942,3
943,3
944,3
945,3
946,3
947,3
948,3
949,3
950,3
951,3
952,3
953,3
954,3
955,3
956,3
957,3
958,3
959,3
960,3
961,3
962,3
963,3
964,3
965,3
966,3
967,3
968,3
969,3
970,3
971,3
972,3
973,3
974,3
975,3
976,3
977,3
978,3
979,3
980,3
981,3
982,3
983,3
984,3
985,3
986,3
987,3
988,3
989,3
990,3
991,3
992,3
993,3
994,3
995,3
996,3
997,3
998,3
999,3
1000,3
1001,3
1002,3
1003,3
1004,3
1005,3
1006,3
1007,3
1008,3
1009,3
1010,3
1011,3
1012,3
1013,3
1014,3
1015,3
1016,3
1017,3
1018,3
1019,3
1020,3
1021,3
1022,3
1023,3
1024,3
1025,3
1026,3
1027,3
1028,3
1029,3
1030,3
1031,3
1032,3
1033,3
1034,3
1035,3
1036,3
1037,3
1038,3
1039,3
1040,3
1041,3
1042,3
1043,3
1044,3
1045,3
1046,3
1047,3
1048,3
1049,3
1050,3
1051,3
1052,3
1053,3
1054,3
1055,3
1056,3
1057,3
1058,3
1059,3
1060,3
1061,3
1062,3
1063,3
1064,3
1065,3
1066,3
1067,3
1068,3
1069,3
1070,3
1071,3
1072,3
1073,3
1074,3
1075,3
1076,3
1077,3
1078,3
1079,3
1080,3
1081,3
1082,3
1083,3
1084,3
1085,3
1086,3
1087,3
1088,3
1089,3
1090,3
1091,3
1092,3
1093,3
1094,3
1095,3
1096,3
1097,3
1098,3
1099,3
1100,3
1101,3
1102,3
1103,3
1104,3
1105,3
1106,3
1107,3
1108,3
1109,3
1110,3
1111,3
1112,3
1113,3
1114,3
1115,3
1116,3
1117,3
1118,3
1119,3
1120,3
1121,3
1122,3
1123,3
1124,3
1125,3
1126,3
1127,3
1128,3
1129,3
1130,3
1131,3
1132,3
1133,3
1134,3
1135,3
1136,3
1137,3
1138,3
1139,3
1140,3
1141,3
1142,3
1143,3
1144,3
1145,3
1146,3
1147,3
1148,3
1149,3
1150,3
1151,3
1152,3
1153,3
1154,3
1155,3
1156,3
1157,3
1158,3
1159,3
1160,3
1161,3
1162,3
1163,3
1164,3
1165,3
1166,3
1167,3
1168,3
1169,3
1170,3
1171,3
1172,3
1173,3
1174,3
1175,3
1176,3
1177,3
1178,3
1179,3
1180,3
1181,3
1182,3
1183,3
1184,3
1185,3
1186,3
1187,3
1188,3
1189,3
1190,3
1191,3
1192,3
1193,3
1194,3
1195,3
1196,3
1197,3
1198,3
1199,3
1200,3
1201,3
1202,3
1203,3
1204,3
1205,3
1206,3
1207,3
1208,3
1209,3
1210,3
1211,3
1212,3
1213,3
1214,3
1215,3
1216,3
1217,3
1218,3
1219,3
1220,3
1221,3
1222,3
1223,3
1224,3
1225,3
1226,3
1227,3
1228,3
1229,3
1230,3
1231,3
1232,3
1233,3
1234,3
1235,3
1236,3
1237,3
1238,3
1239,3
1240,3
1241,3
1242,3
1243,3
1244,3
1245,3
1246,3
1247,3
1248,3
1249,3
1250,3
1251,3
1252,3
1253,3
1254,3
1255,3
1256,3
1257,3
1258,3
1259,3
1260,3
1261,3
1262,3
1263,3
1264,3
1265,3
1266,3
1267,3
1268,3
1269,3
1270,3
1271,3
1272,3
1273,3
1274,3
1275,3
1276,3
1277,3
1278,3
1279,3
1280,3
1281,3
1282,3
1283,3
1284,3
1285,3
1286,3
1287,3
1288,3
1289,3
1290,3
1291,3
1292,3
1293,3
1294,3
1295,3
1296,3
1297,3
1298,3
1299,3
1300,3
1301,3
1302,3
1303,3
1304,3
1305,3
1306,3
1307,3
1308,3
1309,3
1310,3
1311,3
1312,3
1313,3
1314,3
1315,3
1316,3
1317,3
1318,3
1319,3
1320,3
1321,3
1322,3
1323,3
1324,3
1325,3
1326,3
1327,3
1328,3
1329,3
1330,3
1331,3
1332,3
1333,3
1334,3
1335,3
1336,3
1337,3
1338,3
1339,3
1340,3
1341,3
1342,3
1343,3
1344,3
1345,3
1346,3
1347,3
1348,3
1349,3
1350,3
1351,3
1352,3
1353,3
1354,3
1355,3
1356,3
1357,3
1358,3
1359,3
1360,3
1361,3
1362,3
1363,3
1364,3
1365,3
1366,3
1367,3
1368,3
1369,3
1370,3
1371,3
1372,3
1373,3
1374,3
1375,3
1376,3
1377,3
1378,3
1379,3
1380,3
1381,3
1382,3
1383,3
1384,3
1385,3
1386,3
1387,3
1388,3
1389,3
1390,3
1391,3
1392,3
1393,3
1394,3
1395,3
1396,3
1397,3
1398,3
1399,3
1400,3
1401,3
1402,3
1403,3
1404,3
1405,3
1406,3
1407,3
1408,3
1409,3
1410,3
1411,3
1412,3
1413,3
1414,3
1415,3
1416,3
1417,3
1418,3
1419,3
1420,3
1421,3
1422,3
1423,3
1424,3
1425,3
1426,3
1427,3
1428,3
1429,3
1430,3
1431,3
1432,3
1433,3
1434,3
1435,3
1436,3
1437,3
1438,3
1439,3
1440,3
1441,3
1442,3
1443,3
1444,3
1445,3
1446,3
1447,3
1448,3
1449,3
1450,3
1451,3
1452,3
1453,3
1454,3
1455,3
1456,3
1457,3
1458,3
1459,3
1460,3
1461,3
1462,3
1463,3
1464,3
1465,3
1466,3
1467,3
1468,3
1469,3
1470,3
1471,3
1472,3
1473,3
1474,3
1475,3
1476,3
1477,3
1478,3
1479,3
1480,3
1481,3
1482,3
1483,3
1484,3
1485,3
1486,3
1487,3
1488,3
1489,3
1490,3
1491,3
1492,3
1493,3
1494,3
1495,3
1496,3
1497,3
1498,3
1499,3
1500,3
1501,3
1502,3
1503,3
1504,3
1505,3
1506,3
1507,3
1508,3
1509,3
1510,3
1511,3
1512,3
1513,3
1514,3
1515,3
1516,3
1517,3
1518,3
1519,3
1520,3
1521,3
1522,3
1523,3
1524,3
1525,3
1526,3
1527,3
1528,3
1529,3
1530,3
1531,3
1532,3
1533,3
1534,3
1535,3
1536,3
1537,3
1538,3
1539,3
1540,3
1541,3
1542,3
1543,3
1544,3
1545,3
1546,3
1547,3
1548,3
1549,3
1550,3
1551,3
1552,3
1553,3
1554,3
1555,3
1556,3
1557,3
1558,3
1559,3
1560,3
1561,3
1562,3
1563,3
1564,3
1565,3
1566,3
1567,3
1568,3
1569,3
1570,3
1571,3
1572,3
1573,3
1574,3
1575,3
1576,3
1577,3
1578,3
1579,3
1580,3
1581,3
1582,3
1583,3
1584,3
1585,3
1586,3
1587,3
1588,3
1589,3
1590,3
1591,3
1592,3
1593,3
1594,3
1595,3
1596,3
1597,3
1598,3
1599,3
1600,3
1601,3
1602,3
1603,3
1604,3
1605,3
1606,3
1607,3
1608,3
1609,3
1610,3
1611,3
1612,3
1613,3
1614,3
1615,3
1616,3
1617,3
1618,3
1619,3
1620,3
1621,3
1622,3
1623,3
1624,3
1625,3
1626,3
1627,3
1628,3
1629,3
1630,3
1631,3
1632,3
1633,3
1634,3
1635,3
1636,3
1637,3
1638,3
1639,3
1640,3
1641,3
1642,3
1643,3
1644,3
1645,3
1646,3
1647,3
1648,3
1649,3
1650,3
1651,3
1652,3
1653,3
1654,3
1655,3
1656,3
1657,3
1658,3
1659,3
1660,3
1661,3
1662,3
1663,3
1664,3
1665,3
1666,3
1667,3
1668,3
1669,3
1670,3
1671,3
1672,3
1673,3
1674,3
1675,3
1676,3
1677,3
1678,3
1679,3
1680,3
1681,3
1682,3
1683,3
1684,3
1685,3
1686,3
1687,3
1688,3
1689,3
1690,3
1691,3
1692,3
1693,3
1694,3
1695,3
1696,3
1697,3
1698,3
1699,3
1700,3
1701,3
1702,3
1703,3
1704,3
1705,3
1706,3
1707,3
1708,3
1709,3
1710,3
1711,3
1712,3
1713,3
1714,3
1715,3
1716,3
1717,3
1718,3
1719,3
1720,3
1721,3
1722,3
1723,3
1724,3
1725,3
1726,3
1727,3
1728,3
1729,3
1730,3
1731,3
1732,3
1733,3
1734,3
1735,3
1736,3
1737,3
1738,3
1739,3
1740,3
1741,3
1742,3
1743,3
1744,3
1745,3
1746,3
1747,3
1748,3
1749,3
1750,3
1751,3
1752,3
1753,3
1754,3
1755,3
1756,3
1757,3
1758,3
1759,3
1760,3
1761,3
1762,3
1763,3
1764,3
1765,3
1766,3
1767,3
1768,3
1769,3
1770,3
1771,3
1772,3
1773,3
1774,3
1775,3
1776,3
1777,3
1778,3
1779,3
1780,3
1781,3
1782,3
1783,3
1784,3
1785,3
1786,3
1787,3
1788,3
1789,3
1790,3
1791,3
1792,3
1793,3
1794,3
1795,3
1796,3
1797,3
1798,3
1799,3
1800,3
1801,3
1802,3
1803,3
1804,3
1805,3
1806,3
1807,3
1808,3
1809,3
1810,3
1811,3
1812,3
1813,3
1814,3
1815,3
1816,3
1817,3
1818,3
1819,3
1820,3
1821,3
1822,3
1823,3
1824,3
1825,3
1826,3
1827,3
1828,3
1829,3
1830,3
1831,3
1832,3
1833,3
1834,3
1835,3
1836,3
1837,3
1838,3
1839,3
1840,3
1841,3
1842,3
1843,3
1844,3
1845,3
1846,3
1847,3
1848,3
1849,3
1850,3
1851,3
1852,3
1853,3
1854,3
1855,3
1856,3
1857,3
1858,3
1859,3
1860,3
1861,3
1862,3
1863,3
1864,3
1865,3
1866,3
1867,3
1868,3
1869,3
1870,3
1871,3
1872,3
1873,3
1874,3
1875,3
1876,3
1877,3
1878,3
1879,3
1880,3
1881,3
1882,3
1883,3
1884,3
1885,3
1886,3
1887,3
1888,3
1889,3
1890,3
1891,3
1892,3
1893,3
1894,3
1895,3
1896,3
1897,3
1898,3
1899,3
1900,3
1901,3
1902,3
1903,3
1904,3
1905,3
1906,3
1907,3
1908,3
1909,3
1910,3
1911,3
1912,3
1913,3
1914,3
1915,3
1916,3
1917,3
1918,3
1919,3
1920,3
1921,3
1922,3
1923,3
1924,3
1925,3
1926,3
1927,3
1928,3
1929,3
1930,3
1931,3
1932,3
1933,3
1934,3
1935,3
1936,3
1937,3
1938,3
1939,3
1940,3
1941,3
1942,3
1943,3
1944,3
1945,3
1946,3
1947,3
1948,3
1949,3
1950,3
1951,3
1952,3
1953,3
1954,3
1955,3
1956,3
1957,3
1958,3
1959,3
1960,3
1961,3
1962,3
1963,3
1964,3
1965,3
1966,3
1967,3
1968,3
1969,3
1970,3
1971,3
1972,3
1973,3
1974,3
1975,3
1976,3
1977,3
1978,3
1979,3
1980,3
1981,3
1982,3
1983,3
1984,3
1985,3
1986,3
1987,3
1988,3
1989,3
1990,3
1991,3
1992,3
1993,3
1994,3
1995,3
1996,3
1997,3
1998,3
1999,3
2000,2
2001,2
2002,2
2003,2
2004,2
2005,2
2006,2
2007,2
2008,2
2009,2
2010,2
2011,2
2012,2
2013,2
2014,2
2015,2
2016,2
2017,2
2018,2
2019,2
2020,2
2021,2
2022,2
2023,2
2024,2
2025,2
2026,2
2027,2
2028,2
2029,2
2030,2
2031,2
2032,2
2033,2
2034,2
2035,2
2036,2
2037,2
2038,2
2039,2
2040,2
2041,2
2042,2
2043,2
2044,2
2045,2
2046,2
2047,2
2048,2
2049,2
2050,2
2051,2
2052,2
2053,2
2054,2
2055,2
2056,2
2057,2
2058,2
2059,2
2060,2
2061,2
2062,2
2063,2
2064,2
2065,2
2066,2
2067,2
2068,2
2069,2
2070,2
2071,2
2072,2
2073,2
2074,2
2075,2
2076,2
2077,2
2078,2
2079,2
2080,2
2081,2
2082,2
2083,2
2084,2
2085,2
2086,2
2087,2
2088,2
2089,2
2090,2
2091,2
2092,2
2093,2
2094,2
2095,2
2096,2
2097,2
2098,2
2099,2
2100,2
2101,2
2102,2
2103,2
2104,2
2105,2
2106,2
2107,2
2108,2
2109,2
2110,2
2111,2
2112,2
2113,2
2114,2
2115,2
2116,2
2117,2
2118,2
2119,2
2120,2
2121,2
2122,2
2123,2
2124,2
2125,2
2126,2
2127,2
2128,2
2129,2
2130,2
2131,2
2132,2
2133,2
2134,2
2135,2
2136,2
2137,2
2138,2
2139,2
2140,2
2141,2
2142,2
2143,2
2144,2
2145,2
2146,2
2147,2
2148,2
2149,2
2150,2
2151,2
2152,2
2153,2
2154,2
2155,2
2156,2
2157,2
2158,2
2159,2
2160,2
2161,2
2162,2
2163,2
2164,2
2165,2
2166,2
2167,2
2168,2
2169,2
2170,2
2171,2
2172,2
2173,2
2174,2
2175,2
2176,2
2177,2
2178,2
2179,2
2180,2
2181,2
2182,2
2183,2
2184,2
2185,2
2186,2
2187,2
2188,2
2189,2
2190,2
2191,2
2192,2
2193,2
2194,2
2195,2
2196,2
2197,2
2198,2
2199,2
2200,2
2201,2
2202,2
2203,2
2204,2
2205,2
2206,2
2207,2
2208,2
2209,2
2210,2
2211,2
2212,2
2213,2
2214,2
2215,2
2216,2
2217,2
2218,2
2219,2
2220,2
2221,2
2222,2
2223,2
2224,2
2225,2
2226,2
2227,2
2228,2
2229,2
2230,2
2231,2
2232,2
2233,2
2234,2
2235,2
2236,2
2237,2
2238,2
2239,2
2240,2
2241,2
2242,2
2243,2
2244,2
2245,2
2246,2
2247,2
2248,2
2249,2
2250,2
2251,2
2252,2
2253,2
2254,2
2255,2
2256,2
2257,2
2258,2
2259,2
2260,2
2261,2
2262,2
2263,2
2264,2
2265,2
2266,2
2267,2
2268,2
2269,2
2270,2
2271,2
2272,2
2273,2
2274,2
2275,2
2276,2
2277,2
2278,2
2279,2
2280,2
2281,2
2282,2
2283,2
2284,2
2285,2
2286,2
2287,2
2288,2
2289,2
2290,2
2291,2
2292,2
2293,2
2294,2
2295,2
2296,2
2297,2
2298,2
2299,2
2300,2
2301,2
2302,2
2303,2
2304,2
2305,2
2306,2
2307,2
2308,2
2309,2
2310,2
2311,2
2312,2
2313,2
2314,2
2315,2
2316,2
2317,2
2318,2
2319,2
2320,2
2321,2
2322,2
2323,2
2324,2
2325,2
2326,2
2327,2
2328,2
2329,2
2330,2
2331,2
2332,2
2333,2
2334,2
2335,2
2336,2
2337,2
2338,2
2339,2
2340,2
2341,2
2342,2
2343,2
2344,2
2345,2
2346,2
2347,2
2348,2
2349,2
2350,2
2351,2
2352,2
2353,2
2354,2
2355,2
2356,2
2357,2
2358,2
2359,2
2360,2
2361,2
2362,2
2363,2
2364,2
2365,2
2366,2
2367,2
2368,2
2369,2
2370,2
2371,2
2372,2
2373,2
2374,2
2375,2
2376,2
2377,2
2378,2
2379,2
2380,2
2381,2
2382,2
2383,2
2384,2
2385,2
2386,2
2387,2
2388,2
2389,2
2390,2
2391,2
2392,2
2393,2
2394,2
2395,2
2396,2
2397,2
2398,2
2399,2
2400,2
2401,2
2402,2
2403,2
2404,2
2405,2
2406,2
2407,2
2408,2
2409,2
2410,2
2411,2
2412,2
2413,2
2414,2
2415,2
2416,2
2417,2
2418,2
2419,2
2420,2
2421,2
2422,2
2423,2
2424,2
2425,2
2426,2
2427,2
2428,2
2429,2
2430,2
2431,2
2432,2
2433,2
2434,2
2435,2
2436,2
2437,2
2438,2
2439,2
2440,2
2441,2
2442,2
2443,2
2444,2
2445,2
2446,2
2447,2
2448,2
2449,2
2450,2
2451,2
2452,2
2453,2
2454,2
2455,2
2456,2
2457,2
2458,2
2459,2
2460,2
2461,2
2462,2
2463,2
2464,2
2465,2
2466,2
2467,2
2468,2
2469,2
2470,2
2471,2
2472,2
2473,2
2474,2
2475,2
2476,2
2477,2
2478,2
2479,2
2480,2
2481,2
2482,2
2483,2
2484,2
2485,2
2486,2
2487,2
2488,2
2489,2
2490,2
2491,2
2492,2
2493,2
2494,2
2495,2
2496,2
2497,2
2498,2
2499,2
2500,2
2501,2
2502,2
2503,2
2504,2
2505,2
2506,2
2507,2
2508,2
2509,2
2510,2
2511,2
2512,2
2513,2
2514,2
2515,2
2516,2
2517,2
2518,2
2519,2
2520,2
2521,2
2522,2
2523,2
2524,2
2525,2
2526,2
2527,2
2528,2
2529,2
2530,2
2531,2
2532,2
2533,2
2534,2
2535,2
2536,2
2537,2
2538,2
2539,2
2540,2
2541,2
2542,2
2543,2
2544,2
2545,2
2546,2
2547,2
2548,2
2549,2
2550,2
2551,2
2552,2
2553,2
2554,2
2555,2
2556,2
2557,2
2558,2
2559,2
2560,2
2561,2
2562,2
2563,2
2564,2
2565,2
2566,2
2567,2
2568,2
2569,2
2570,2
2571,2
2572,2
2573,2
2574,2
2575,2
2576,2
2577,2
2578,2
2579,2
2580,2
2581,2
2582,2
2583,2
2584,2
2585,2
2586,2
2587,2
2588,2
2589,2
2590,2
2591,2
2592,2
2593,2
2594,2
2595,2
2596,2
2597,2
2598,2
2599,2
2600,2
2601,2
2602,2
2603,2
2604,2
2605,2
2606,2
2607,2
2608,2
2609,2
2610,2
2611,2
2612,2
2613,2
2614,2
2615,2
2616,2
2617,2
2618,2
2619,2
2620,2
2621,2
2622,2
2623,2
2624,2
2625,2
2626,2
2627,2
2628,2
2629,2
2630,2
2631,2
2632,2
2633,2
2634,2
2635,2
2636,2
2637,2
2638,2
2639,2
2640,2
2641,2
2642,2
2643,2
2644,2
2645,2
2646,2
2647,2
2648,2
2649,2
2650,2
2651,2
2652,2
2653,2
2654,2
2655,2
2656,2
2657,2
2658,2
2659,2
2660,2
2661,2
2662,2
2663,2
2664,2
2665,2
2666,2
2667,2
2668,2
2669,2
2670,2
2671,2
2672,2
2673,2
2674,2
2675,2
2676,2
2677,2
2678,2
2679,2
2680,2
2681,2
2682,2
2683,2
2684,2
2685,2
2686,2
2687,2
2688,2
2689,2
2690,2
2691,2
2692,2
2693,2
2694,2
2695,2
2696,2
2697,2
2698,2
2699,2
2700,2
2701,2
2702,2
2703,2
2704,2
2705,2
2706,2
2707,2
2708,2
2709,2
2710,2
2711,2
2712,2
2713,2
2714,2
2715,2
2716,2
2717,2
2718,2
2719,2
2720,2
2721,2
2722,2
2723,2
2724,2
2725,2
2726,2
2727,2
2728,2
2729,2
2730,2
2731,2
2732,2
2733,2
2734,2
2735,2
2736,2
2737,2
2738,2
2739,2
2740,2
2741,2
2742,2
2743,2
2744,2
2745,2
2746,2
2747,2
2748,2
2749,2
2750,2
2751,2
2752,2
2753,2
2754,2
2755,2
2756,2
2757,2
2758,2
2759,2
2760,2
2761,2
2762,2
2763,2
2764,2
2765,2
2766,2
2767,2
2768,2
2769,2
2770,2
2771,2
2772,2
2773,2
2774,2
2775,2
2776,2
2777,2
2778,2
2779,2
2780,2
2781,2
2782,2
2783,2
2784,2
2785,2
2786,2
2787,2
2788,2
2789,2
2790,2
2791,2
2792,2
2793,2
2794,2
2795,2
2796,2
2797,2
2798,2
2799,2
2800,2
2801,2
2802,2
2803,2
2804,2
2805,2
2806,2
2807,2
2808,2
2809,2
2810,2
2811,2
2812,2
2813,2
2814,2
2815,2
2816,2
2817,2
2818,2
2819,2
2820,2
2821,2
2822,2
2823,2
2824,2
2825,2
2826,2
2827,2
2828,2
2829,2
2830,2
2831,2
2832,2
2833,2
2834,2
2835,2
2836,2
2837,2
2838,2
2839,2
2840,2
2841,2
2842,2
2843,2
2844,2
2845,2
2846,2
2847,2
2848,2
2849,2
2850,2
2851,2
2852,2
2853,2
2854,2
2855,2
2856,2
2857,2
2858,2
2859,2
2860,2
2861,2
2862,2
2863,2
2864,2
2865,2
2866,2
2867,2
2868,2
2869,2
2870,2
2871,2
2872,2
2873,2
2874,2
2875,2
2876,2
2877,2
2878,2
2879,2
2880,2
2881,2
2882,2
2883,2
2884,2
2885,2
2886,2
2887,2
2888,2
2889,2
2890,2
2891,2
2892,2
2893,2
2894,2
2895,2
2896,2
2897,2
2898,2
2899,2
2900,2
2901,2
2902,2
2903,2
2904,2
2905,2
2906,2
2907,2
2908,2
2909,2
2910,2
2911,2
2912,2
2913,2
2914,2
2915,2
2916,2
2917,2
2918,2
2919,2
2920,2
2921,2
2922,2
2923,2
2924,2
2925,2
2926,2
2927,2
2928,2
2929,2
2930,2
2931,2
2932,2
2933,2
2934,2
2935,2
2936,2
2937,2
2938,2
2939,2
2940,2
2941,2
2942,2
2943,2
2944,2
2945,2
2946,2
2947,2
2948,2
2949,2
2950,2
2951,2
2952,2
2953,2
2954,2
2955,2
2956,2
2957,2
2958,2
2959,2
2960,2
2961,2
2962,2
2963,2
2964,2
2965,2
2966,2
2967,2
2968,2
2969,2
2970,2
2971,2
2972,2
2973,2
2974,2
2975,2
2976,2
2977,2
2978,2
2979,2
2980,2
2981,2
2982,2
2983,2
2984,2
2985,2
2986,2
2987,2
2988,2
2989,2
2990,2
2991,2
2992,2
2993,2
2994,2
2995,2
2996,2
2997,2
2998,2
2999,2
3000,2
3001,2
3002,2
3003,2
3004,2
3005,2
3006,2
3007,2
3008,2
3009,2
3010,2
3011,2
3012,2
3013,2
3014,2
3015,2
3016,2
3017,2
3018,2
3019,2
3020,2
3021,2
3022,2
3023,2
3024,2
3025,2
3026,2
3027,2
3028,2
3029,2
3030,2
3031,2
3032,2
3033,2
3034,2
3035,2
3036,2
3037,2
3038,2
3039,2
3040,2
3041,2
3042,2
3043,2
3044,2
3045,2
3046,2
3047,2
3048,2
3049,2
3050,2
3051,2
3052,2
3053,2
3054,2
3055,2
3056,2
3057,2
3058,2
3059,2
3060,2
3061,2
3062,2
3063,2
3064,2
3065,2
3066,2
3067,2
3068,2
3069,2
3070,2
3071,2
3072,2
3073,2
3074,2
3075,2
3076,2
3077,2
3078,2
3079,2
3080,2
3081,2
3082,2
3083,2
3084,2
3085,2
3086,2
3087,2
3088,2
3089,2
3090,2
3091,2
3092,2
3093,2
3094,2
3095,2
3096,2
3097,2
3098,2
3099,2
3100,2
3101,2
3102,2
3103,2
3104,2
3105,2
3106,2
3107,2
3108,2
3109,2
3110,2
3111,2
3112,2
3113,2
3114,2
3115,2
3116,2
3117,2
3118,2
3119,2
3120,2
3121,2
3122,2
3123,2
3124,2
3125,2
3126,2
3127,2
3128,2
3129,2
3130,2
3131,2
3132,2
3133,2
3134,2
3135,2
3136,2
3137,2
3138,2
3139,2
3140,2
3141,2
3142,2
3143,2
3144,2
3145,2
3146,2
3147,2
3148,2
3149,2
3150,2
3151,2
3152,2
3153,2
3154,2
3155,2
3156,2
3157,2
3158,2
3159,2
3160,2
3161,2
3162,2
3163,2
3164,2
3165,2
3166,2
3167,2
3168,2
3169,2
3170,2
3171,2
3172,2
3173,2
3174,2
3175,2
3176,2
3177,2
3178,2
3179,2
3180,2
3181,2
3182,2
3183,2
3184,2
3185,2
3186,2
3187,2
3188,2
3189,2
3190,2
3191,2
3192,2
3193,2
3194,2
3195,2
3196,2
3197,2
3198,2
3199,2
3200,2
3201,2
3202,2
3203,2
3204,2
3205,2
3206,2
3207,2
3208,2
3209,2
3210,2
3211,2
3212,2
3213,2
3214,2
3215,2
3216,2
3217,2
3218,2
3219,2
3220,2
3221,2
3222,2
3223,2
3224,2
3225,2
3226,2
3227,2
3228,2
3229,2
3230,2
3231,2
3232,2
3233,2
3234,2
3235,2
3236,2
3237,2
3238,2
3239,2
3240,2
3241,2
3242,2
3243,2
3244,2
3245,2
3246,2
3247,2
3248,2
3249,2
3250,2
3251,2
3252,2
3253,2
3254,2
3255,2
3256,2
3257,2
3258,2
3259,2
3260,2
3261,2
3262,2
3263,2
3264,2
3265,2
3266,2
3267,2
3268,2
3269,2
3270,2
3271,2
3272,2
3273,2
3274,2
3275,2
3276,2
3277,2
3278,2
3279,2
3280,2
3281,2
3282,2
3283,2
3284,2
3285,2
3286,2
3287,2
3288,2
3289,2
3290,2
3291,2
3292,2
3293,2
3294,2
3295,2
3296,2
3297,2
3298,2
3299,2
3300,2
3301,2
3302,2
3303,2
3304,2
3305,2
3306,2
3307,2
3308,2
3309,2
3310,2
3311,2
3312,2
3313,2
3314,2
3315,2
3316,2
3317,2
3318,2
3319,2
3320,2
3321,2
3322,2
3323,2
3324,2
3325,2
3326,2
3327,2
3328,2
3329,2
3330,2
3331,2
3332,2
3333,2
3334,2
3335,2
3336,2
3337,2
3338,2
3339,2
3340,2
3341,2
3342,2
3343,2
3344,2
3345,2
3346,2
3347,2
3348,2
3349,2
3350,2
3351,2
3352,2
3353,2
3354,2
3355,2
3356,2
3357,2
3358,2
3359,2
3360,2
3361,2
3362,2
3363,2
3364,2
3365,2
3366,2
3367,2
3368,2
3369,2
3370,2
3371,2
3372,2
3373,2
3374,2
3375,2
3376,2
3377,2
3378,2
3379,2
3380,2
3381,2
3382,2
3383,2
3384,2
3385,2
3386,2
3387,2
3388,2
3389,2
3390,2
3391,2
3392,2
3393,2
3394,2
3395,2
3396,2
3397,2
3398,2
3399,2
3400,2
3401,2
3402,2
3403,2
3404,2
3405,2
3406,2
3407,2
3408,2
3409,2
3410,2
3411,2
3412,2
3413,2
3414,2
3415,2
3416,2
3417,2
3418,2
3419,2
3420,2
3421,2
3422,2
3423,2
3424,2
3425,2
3426,2
3427,2
3428,2
3429,2
3430,2
3431,2
3432,2
3433,2
3434,2
3435,2
3436,2
3437,2
3438,2
3439,2
3440,2
3441,2
3442,2
3443,2
3444,2
3445,2
3446,2
3447,2
3448,2
3449,2
3450,2
3451,2
3452,2
3453,2
3454,2
3455,2
3456,2
3457,2
3458,2
3459,2
3460,2
3461,2
3462,2
3463,2
3464,2
3465,2
3466,2
3467,2
3468,2
3469,2
3470,2
3471,2
3472,2
3473,2
3474,2
3475,2
3476,2
3477,2
3478,2
3479,2
3480,2
3481,2
3482,2
3483,2
3484,2
3485,2
3486,2
3487,2
3488,2
3489,2
3490,2
3491,2
3492,2
3493,2
3494,2
3495,2
3496,2
3497,2
3498,2
3499,2
3500,2
3501,2
3502,2
3503,2
3504,2
3505,2
3506,2
3507,2
3508,2
3509,2
3510,2
3511,2
3512,2
3513,2
3514,2
3515,2
3516,2
3517,2
3518,2
3519,2
3520,2
3521,2
3522,2
3523,2
3524,2
3525,2
3526,2
3527,2
3528,2
3529,2
3530,2
3531,2
3532,2
3533,2
3534,2
3535,2
3536,2
3537,2
3538,2
3539,2
3540,2
3541,2
3542,2
3543,2
3544,2
3545,2
3546,2
3547,2
3548,2
3549,2
3550,2
3551,2
3552,2
3553,2
3554,2
3555,2
3556,2
3557,2
3558,2
3559,2
3560,2
3561,2
3562,2
3563,2
3564,2
3565,2
3566,2
3567,2
3568,2
3569,2
3570,2
3571,2
3572,2
3573,2
3574,2
3575,2
3576,2
3577,2
3578,2
3579,2
3580,2
3581,2
3582,2
3583,2
3584,2
3585,2
3586,2
3587,2
3588,2
3589,2
3590,2
3591,2
3592,2
3593,2
3594,2
3595,2
3596,2
3597,2
3598,2
3599,2
3600,2
3601,2
3602,2
3603,2
3604,2
3605,2
3606,2
3607,2
3608,2
3609,2
3610,2
3611,2
3612,2
3613,2
3614,2
3615,2
3616,2
3617,2
3618,2
3619,2
3620,2
3621,2
3622,2
3623,2
3624,2
3625,2
3626,2
3627,2
3628,2
3629,2
3630,2
3631,2
3632,2
3633,2
3634,2
3635,2
3636,2
3637,2
3638,2
3639,2
3640,2
3641,2
3642,2
3643,2
3644,2
3645,2
3646,2
3647,2
3648,2
3649,2
3650,2
3651,2
3652,2
3653,2
3654,2
3655,2
3656,2
3657,2
3658,2
3659,2
3660,2
3661,2
3662,2
3663,2
3664,2
3665,2
3666,2
3667,2
3668,2
3669,2
3670,2
3671,2
3672,2
3673,2
3674,2
3675,2
3676,2
3677,2
3678,2
3679,2
3680,2
3681,2
3682,2
3683,2
3684,2
3685,2
3686,2
3687,2
3688,2
3689,2
3690,2
3691,2
3692,2
3693,2
3694,2
3695,2
3696,2
3697,2
3698,2
3699,2
3700,2
3701,2
3702,2
3703,2
3704,2
3705,2
3706,2
3707,2
3708,2
3709,2
3710,2
3711,2
3712,2
3713,2
3714,2
3715,2
3716,2
3717,2
3718,2
3719,2
3720,2
3721,2
3722,2
3723,2
3724,2
3725,2
3726,2
3727,2
3728,2
3729,2
3730,2
3731,2
3732,2
3733,2
3734,2
3735,2
3736,2
3737,2
3738,2
3739,2
3740,2
3741,2
3742,2
3743,2
3744,2
3745,2
3746,2
3747,2
3748,2
3749,2
3750,2
3751,2
3752,2
3753,2
3754,2
3755,2
3756,2
3757,2
3758,2
3759,2
3760,2
3761,2
3762,2
3763,2
3764,2
3765,2
3766,2
3767,2
3768,2
3769,2
3770,2
3771,2
3772,2
3773,2
3774,2
3775,2
3776,2
3777,2
3778,2
3779,2
3780,2
3781,2
3782,2
3783,2
3784,2
3785,2
3786,2
3787,2
3788,2
3789,2
3790,2
3791,2
3792,2
3793,2
3794,2
3795,2
3796,2
3797,2
3798,2
3799,2
3800,2
3801,2
3802,2
3803,2
3804,2
3805,2
3806,2
3807,2
3808,2
3809,2
3810,2
3811,2
3812,2
3813,2
3814,2
3815,2
3816,2
3817,2
3818,2
3819,2
3820,2
3821,2
3822,2
3823,2
3824,2
3825,2
3826,2
3827,2
3828,2
3829,2
3830,2
3831,2
3832,2
3833,2
3834,2
3835,2
3836,2
3837,2
3838,2
3839,2
3840,2
3841,2
3842,2
3843,2
3844,2
3845,2
3846,2
3847,2
3848,2
3849,2
3850,2
3851,2
3852,2
3853,2
3854,2
3855,2
3856,2
3857,2
3858,2
3859,2
3860,2
3861,2
3862,2
3863,2
3864,2
3865,2
3866,2
3867,2
3868,2
3869,2
3870,2
3871,2
3872,2
3873,2
3874,2
3875,2
3876,2
3877,2
3878,2
3879,2
3880,2
3881,2
3882,2
3883,2
3884,2
3885,2
3886,2
3887,2
3888,2
3889,2
3890,2
3891,2
3892,2
3893,2
3894,2
3895,2
3896,2
3897,2
3898,2
3899,2
3900,2
3901,2
3902,2
3903,2
3904,2
3905,2
3906,2
3907,2
3908,2
3909,2
3910,2
3911,2
3912,2
3913,2
3914,2
3915,2
3916,2
3917,2
3918,2
3919,2
3920,2
3921,2
3922,2
3923,2
3924,2
3925,2
3926,2
3927,2
3928,2
3929,2
3930,2
3931,2
3932,2
3933,2
3934,2
3935,2
3936,2
3937,2
3938,2
3939,2
3940,2
3941,2
3942,2
3943,2
3944,2
3945,2
3946,2
3947,2
3948,2
3949,2
3950,2
3951,2
3952,2
3953,2
3954,2
3955,2
3956,2
3957,2
3958,2
3959,2
3960,2
3961,2
3962,2
3963,2
3964,2
3965,2
3966,2
3967,2
3968,2
3969,2
3970,2
3971,2
3972,2
3973,2
3974,2
3975,2
3976,2
3977,2
3978,2
3979,2
3980,2
3981,2
3982,2
3983,2
3984,2
3985,2
3986,2
3987,2
3988,2
3989,2
3990,2
3991,2
3992,2
3993,2
3994,2
3995,2
3996,2
3997,2
3998,2
3999,2
4000,2
4001,2
4002,2
4003,2
4004,2
4005,2
4006,2
4007,2
4008,2
4009,2
4010,2
4011,2
4012,2
4013,2
4014,2
4015,2
4016,2
4017,2
4018,2
4019,2
4020,2
4021,2
4022,2
4023,2
4024,2
4025,2
4026,2
4027,2
4028,2
4029,2
4030,2
4031,2
4032,2
4033,2
4034,2
4035,2
4036,2
4037,2
4038,2
4039,2
4040,2
4041,2
4042,2
4043,2
4044,2
4045,2
4046,2
4047,2
4048,2
4049,2
4050,2
4051,2
4052,2
4053,2
4054,2
4055,2
4056,2
4057,2
4058,2
4059,2
4060,2
4061,2
4062,2
4063,2
4064,2
4065,2
4066,2
4067,2
4068,2
4069,2
4070,2
4071,2
4072,2
4073,2
4074,2
4075,2
4076,2
4077,2
4078,2
4079,2
4080,2
4081,2
4082,2
4083,2
4084,2
4085,2
4086,2
4087,2
4088,2
4089,2
4090,2
4091,2
4092,2
4093,2
4094,2
4095,2
4096,2
4097,2
4098,2
4099,2
4100,2
4101,2
4102,2
4103,2
4104,2
4105,2
4106,2
4107,2
4108,2
4109,2
4110,2
4111,2
4112,2
4113,2
4114,2
4115,2
4116,2
4117,2
4118,2
4119,2
4120,2
4121,2
4122,2
4123,2
4124,2
4125,2
4126,2
4127,2
4128,2
4129,2
4130,2
4131,2
4132,2
4133,2
4134,2
4135,2
4136,2
4137,2
4138,2
4139,2
4140,2
4141,2
4142,2
4143,2
4144,2
4145,2
4146,2
4147,2
4148,2
4149,2
4150,2
4151,2
4152,2
4153,2
4154,2
4155,2
4156,2
4157,2
4158,2
4159,2
4160,2
4161,2
4162,2
4163,2
4164,2
4165,2
4166,2
4167,2
4168,2
4169,2
4170,2
4171,2
4172,2
4173,2
4174,2
4175,2
4176,2
4177,2
4178,2
4179,2
4180,2
4181,2
4182,2
4183,2
4184,2
4185,2
4186,2
4187,2
4188,2
4189,2
4190,2
4191,2
4192,2
4193,2
4194,2
4195,2
4196,2
4197,2
4198,2
4199,2
4200,2
4201,2
4202,2
4203,2
4204,2
4205,2
4206,2
4207,2
4208,2
4209,2
4210,2
4211,2
4212,2
4213,2
4214,2
4215,2
4216,2
4217,2
4218,2
4219,2
4220,2
4221,2
4222,2
4223,2
4224,2
4225,2
4226,2
4227,2
4228,2
4229,2
4230,2
4231,2
4232,2
4233,2
4234,2
4235,2
4236,2
4237,2
4238,2
4239,2
4240,2
4241,2
4242,2
4243,2
4244,2
4245,2
4246,2
4247,2
4248,2
4249,2
4250,2
4251,2
4252,2
4253,2
4254,2
4255,2
4256,2
4257,2
4258,2
4259,2
4260,2
4261,2
4262,2
4263,2
4264,2
4265,2
4266,2
4267,2
4268,2
4269,2
4270,2
4271,2
4272,2
4273,2
4274,2
4275,2
4276,2
4277,2
4278,2
4279,2
4280,2
4281,2
4282,2
4283,2
4284,2
4285,2
4286,2
4287,2
4288,2
4289,2
4290,2
4291,2
4292,2
4293,2
4294,2
4295,2
4296,2
4297,2
4298,2
4299,2
4300,2
4301,2
4302,2
4303,2
4304,2
4305,2
4306,2
4307,2
4308,2
4309,2
4310,2
4311,2
4312,2
4313,2
4314,2
4315,2
4316,2
4317,2
4318,2
4319,2
4320,2
4321,2
4322,2
4323,2
4324,2
4325,2
4326,2
4327,2
4328,2
4329,2
4330,2
4331,2
4332,2
4333,2
4334,2
4335,2
4336,2
4337,2
4338,2
4339,2
4340,2
4341,2
4342,2
4343,2
4344,2
4345,2
4346,2
4347,2
4348,2
4349,2
4350,2
4351,2
4352,2
4353,2
4354,2
4355,2
4356,2
4357,2
4358,2
4359,2
4360,2
4361,2
4362,2
4363,2
4364,2
4365,2
4366,2
4367,2
4368,2
4369,2
4370,2
4371,2
4372,2
4373,2
4374,2
4375,2
4376,2
4377,2
4378,2
4379,2
4380,2
4381,2
4382,2
4383,2
4384,2
4385,2
4386,2
4387,2
4388,2
4389,2
4390,2
4391,2
4392,2
4393,2
4394,2
4395,2
4396,2
4397,2
4398,2
4399,2
4400,2
4401,2
4402,2
4403,2
4404,2
4405,2
4406,2
4407,2
4408,2
4409,2
4410,2
4411,2
4412,2
4413,2
4414,2
4415,2
4416,2
4417,2
4418,2
4419,2
4420,2
4421,2
4422,2
4423,2
4424,2
4425,2
4426,2
4427,2
4428,2
4429,2
4430,2
4431,2
4432,2
4433,2
4434,2
4435,2
4436,2
4437,2
4438,2
4439,2
4440,2
4441,2
4442,2
4443,2
4444,2
4445,2
4446,2
4447,2
4448,2
4449,2
4450,2
4451,2
4452,2
4453,2
4454,2
4455,2
4456,2
4457,2
4458,2
4459,2
4460,2
4461,2
4462,2
4463,2
4464,2
4465,2
4466,2
4467,2
4468,2
4469,2
4470,2
4471,2
4472,2
4473,2
4474,2
4475,2
4476,2
4477,2
4478,2
4479,2
4480,2
4481,2
4482,2
4483,2
4484,2
4485,2
4486,2
4487,2
4488,2
4489,2
4490,2
4491,2
4492,2
4493,2
4494,2
4495,2
4496,2
4497,2
4498,2
4499,2
4500,2
4501,2
4502,2
4503,2
4504,2
4505,2
4506,2
4507,2
4508,2
4509,2
4510,2
4511,2
4512,2
4513,2
4514,2
4515,2
4516,2
4517,2
4518,2
4519,2
4520,2
4521,2
4522,2
4523,2
4524,2
4525,2
4526,2
4527,2
4528,2
4529,2
4530,2
4531,2
4532,2
4533,2
4534,2
4535,2
4536,2
4537,2
4538,2
4539,2
4540,2
4541,2
4542,2
4543,2
4544,2
4545,2
4546,2
4547,2
4548,2
4549,2
4550,2
4551,2
4552,2
4553,2
4554,2
4555,2
4556,2
4557,2
4558,2
4559,2
4560,2
4561,2
4562,2
4563,2
4564,2
4565,2
4566,2
4567,2
4568,2
4569,2
4570,2
4571,2
4572,2
4573,2
4574,2
4575,2
4576,2
4577,2
4578,2
4579,2
4580,2
4581,2
4582,2
4583,2
4584,2
4585,2
4586,2
4587,2
4588,2
4589,2
4590,2
4591,2
4592,2
4593,2
4594,2
4595,2
4596,2
4597,2
4598,2
4599,2
4600,2
4601,2
4602,2
4603,2
4604,2
4605,2
4606,2
4607,2
4608,2
4609,2
4610,2
4611,2
4612,2
4613,2
4614,2
4615,2
4616,2
4617,2
4618,2
4619,2
4620,2
4621,2
4622,2
4623,2
4624,2
4625,2
4626,2
4627,2
4628,2
4629,2
4630,2
4631,2
4632,2
4633,2
4634,2
4635,2
4636,2
4637,2
4638,2
4639,2
4640,2
4641,2
4642,2
4643,2
4644,2
4645,2
4646,2
4647,2
4648,2
4649,2
4650,2
4651,2
4652,2
4653,2
4654,2
4655,2
4656,2
4657,2
4658,2
4659,2
4660,2
4661,2
4662,2
4663,2
4664,2
4665,2
4666,2
4667,2
4668,2
4669,2
4670,2
4671,2
4672,2
4673,2
4674,2
4675,2
4676,2
4677,2
4678,2
4679,2
4680,2
4681,2
4682,2
4683,2
4684,2
4685,2
4686,2
4687,2
4688,2
4689,2
4690,2
4691,2
4692,2
4693,2
4694,2
4695,2
4696,2
4697,2
4698,2
4699,2
4700,2
4701,2
4702,2
4703,2
4704,2
4705,2
4706,2
4707,2
4708,2
4709,2
4710,2
4711,2
4712,2
4713,2
4714,2
4715,2
4716,2
4717,2
4718,2
4719,2
4720,2
4721,2
4722,2
4723,2
4724,2
4725,2
4726,2
4727,2
4728,2
4729,2
4730,2
4731,2
4732,2
4733,2
4734,2
4735,2
4736,2
4737,2
4738,2
4739,2
4740,2
4741,2
4742,2
4743,2
4744,2
4745,2
4746,2
4747,2
4748,2
4749,2
4750,2
4751,2
4752,2
4753,2
4754,2
4755,2
4756,2
4757,2
4758,2
4759,2
4760,2
4761,2
4762,2
4763,2
4764,2
4765,2
4766,2
4767,2
4768,2
4769,2
4770,2
4771,2
4772,2
4773,2
4774,2
4775,2
4776,2
4777,2
4778,2
4779,2
4780,2
4781,2
4782,2
4783,2
4784,2
4785,2
4786,2
4787,2
4788,2
4789,2
4790,2
4791,2
4792,2
4793,2
4794,2
4795,2
4796,2
4797,2
4798,2
4799,2
4800,2
4801,2
4802,2
4803,2
4804,2
4805,2
4806,2
4807,2
4808,2
4809,2
4810,2
4811,2
4812,2
4813,2
4814,2
4815,2
4816,2
4817,2
4818,2
4819,2
4820,2
4821,2
4822,2
4823,2
4824,2
4825,2
4826,2
4827,2
4828,2
4829,2
4830,2
4831,2
4832,2
4833,2
4834,2
4835,2
4836,2
4837,2
4838,2
4839,2
4840,2
4841,2
4842,2
4843,2
4844,2
4845,2
4846,2
4847,2
4848,2
4849,2
4850,2
4851,2
4852,2
4853,2
4854,2
4855,2
4856,2
4857,2
4858,2
4859,2
4860,2
4861,2
4862,2
4863,2
4864,2
4865,2
4866,2
4867,2
4868,2
4869,2
4870,2
4871,2
4872,2
4873,2
4874,2
4875,2
4876,2
4877,2
4878,2
4879,2
4880,2
4881,2
4882,2
4883,2
4884,2
4885,2
4886,2
4887,2
4888,2
4889,2
4890,2
4891,2
4892,2
4893,2
4894,2
4895,2
4896,2
4897,2
4898,2
4899,2
4900,2
4901,2
4902,2
4903,2
4904,2
4905,2
4906,2
4907,2
4908,2
4909,2
4910,2
4911,2
4912,2
4913,2
4914,2
4915,2
4916,2
4917,2
4918,2
4919,2
4920,2
4921,2
4922,2
4923,2
4924,2
4925,2
4926,2
4927,2
4928,2
4929,2
4930,2
4931,2
4932,2
4933,2
4934,2
4935,2
4936,2
4937,2
4938,2
4939,2
4940,2
4941,2
4942,2
4943,2
4944,2
4945,2
4946,2
4947,2
4948,2
4949,2
4950,2
4951,2
4952,2
4953,2
4954,2
4955,2
4956,2
4957,2
4958,2
4959,2
4960,2
4961,2
4962,2
4963,2
4964,2
4965,2
4966,2
4967,2
4968,2
4969,2
4970,2
4971,2
4972,2
4973,2
4974,2
4975,2
4976,2
4977,2
4978,2
4979,2
4980,2
4981,2
4982,2
4983,2
4984,2
4985,2
4986,2
4987,2
4988,2
4989,2
4990,2
4991,2
4992,2
4993,2
4994,2
4995,2
4996,2
4997,2
4998,2
4999,2
5000,2
5001,2
5002,2
5003,2
5004,2
5005,2
5006,2
5007,2
5008,2
5009,2
5010,2
5011,2
5012,2
5013,2
5014,2
5015,2
5016,2
5017,2
5018,2
5019,2
5020,2
5021,2
5022,2
5023,2
5024,2
5025,2
5026,2
5027,2
5028,2
5029,2
5030,2
5031,2
5032,2
5033,2
5034,2
5035,2
5036,2
5037,2
5038,2
5039,2
5040,2
5041,2
5042,2
5043,2
5044,2
5045,2
5046,2
5047,2
5048,2
5049,2
5050,2
5051,2
5052,2
5053,2
5054,2
5055,2
5056,2
5057,2
5058,2
5059,2
5060,2
5061,2
5062,2
5063,2
5064,2
5065,2
5066,2
5067,2
5068,2
5069,2
5070,2
5071,2
5072,2
5073,2
5074,2
5075,2
5076,2
5077,2
5078,2
5079,2
5080,2
5081,2
5082,2
5083,2
5084,2
5085,2
5086,2
5087,2
5088,2
5089,2
5090,2
5091,2
5092,2
5093,2
5094,2
5095,2
5096,2
5097,2
5098,2
5099,2
5100,2
5101,2
5102,2
5103,2
5104,2
5105,2
5106,2
5107,2
5108,2
5109,2
5110,2
5111,2
5112,2
5113,2
5114,2
5115,2
5116,2
5117,2
5118,2
5119,2
5120,2
5121,2
5122,2
5123,2
5124,2
5125,2
5126,2
5127,2
5128,2
5129,2
5130,2
5131,2
5132,2
5133,2
5134,2
5135,2
5136,2
5137,2
5138,2
5139,2
5140,2
5141,2
5142,2
5143,2
5144,2
5145,2
5146,2
5147,2
5148,2
5149,2
5150,2
5151,2
5152,2
5153,2
5154,2
5155,2
5156,2
5157,2
5158,2
5159,2
5160,2
5161,2
5162,2
5163,2
5164,2
5165,2
5166,2
5167,2
5168,2
5169,2
5170,2
5171,2
5172,2
5173,2
5174,2
5175,2
5176,2
5177,2
5178,2
5179,2
5180,2
5181,2
5182,2
5183,2
5184,2
5185,2
5186,2
5187,2
5188,2
5189,2
5190,2
5191,2
5192,2
5193,2
5194,2
5195,2
5196,2
5197,2
5198,2
5199,2
5200,2
5201,2
5202,2
5203,2
5204,2
5205,2
5206,2
5207,2
5208,2
5209,2
5210,2
5211,2
5212,2
5213,2
5214,2
5215,2
5216,2
5217,2
5218,2
5219,2
5220,2
5221,2
5222,2
5223,2
5224,2
5225,2
5226,2
5227,2
5228,2
5229,2
5230,2
5231,2
5232,2
5233,2
5234,2
5235,2
5236,2
5237,2
5238,2
5239,2
5240,2
5241,2
5242,2
5243,2
5244,2
5245,2
5246,2
5247,2
5248,2
5249,2
5250,2
5251,2
5252,2
5253,2
5254,2
5255,2
5256,2
5257,2
5258,2
5259,2
5260,2
5261,2
5262,2
5263,2
5264,2
5265,2
5266,2
5267,2
5268,2
5269,2
5270,2
5271,2
5272,2
5273,2
5274,2
5275,2
5276,2
5277,2
5278,2
5279,2
5280,2
5281,2
5282,2
5283,2
5284,2
5285,2
5286,2
5287,2
5288,2
5289,2
5290,2
5291,2
5292,2
5293,2
5294,2
5295,2
5296,2
5297,2
5298,2
5299,2
5300,2
5301,2
5302,2
5303,2
5304,2
5305,2
5306,2
5307,2
5308,2
5309,2
5310,2
5311,2
5312,2
5313,2
5314,2
5315,2
5316,2
5317,2
5318,2
5319,2
5320,2
5321,2
5322,2
5323,2
5324,2
5325,2
5326,2
5327,2
5328,2
5329,2
5330,2
5331,2
5332,2
5333,2
5334,2
5335,2
5336,2
5337,2
5338,2
5339,2
5340,2
5341,2
5342,2
5343,2
5344,2
5345,2
5346,2
5347,2
5348,2
5349,2
5350,2
5351,2
5352,2
5353,2
5354,2
5355,2
5356,2
5357,2
5358,2
5359,2
5360,2
5361,2
5362,2
5363,2
5364,2
5365,2
5366,2
5367,2
5368,2
5369,2
5370,2
5371,2
5372,2
5373,2
5374,2
5375,2
5376,2
5377,2
5378,2
5379,2
5380,2
5381,2
5382,2
5383,2
5384,2
5385,2
5386,2
5387,2
5388,2
5389,2
5390,2
5391,2
5392,2
5393,2
5394,2
5395,2
5396,2
5397,2
5398,2
5399,2
5400,2
5401,2
5402,2
5403,2
5404,2
5405,2
5406,2
5407,2
5408,2
5409,2
5410,2
5411,2
5412,2
5413,2
5414,2
5415,2
5416,2
5417,2
5418,2
5419,2
5420,2
5421,2
5422,2
5423,2
5424,2
5425,2
5426,2
5427,2
5428,2
5429,2
5430,2
5431,2
5432,2
5433,2
5434,2
5435,2
5436,2
5437,2
5438,2
5439,2
5440,2
5441,2
5442,2
5443,2
5444,2
5445,2
5446,2
5447,2
5448,2
5449,2
5450,2
5451,2
5452,2
5453,2
5454,2
5455,2
5456,2
5457,2
5458,2
5459,2
5460,2
5461,2
5462,2
5463,2
5464,2
5465,2
5466,2
5467,2
5468,2
5469,2
5470,2
5471,2
5472,2
5473,2
5474,2
5475,2
5476,2
5477,2
5478,2
5479,2
5480,2
5481,2
5482,2
5483,2
5484,2
5485,2
5486,2
5487,2
5488,2
5489,2
5490,2
5491,2
5492,2
5493,2
5494,2
5495,2
5496,2
5497,2
5498,2
5499,2
5500,2
5501,2
5502,2
5503,2
5504,2
5505,2
5506,2
5507,2
5508,2
5509,2
5510,2
5511,2
5512,2
5513,2
5514,2
5515,2
5516,2
5517,2
5518,2
5519,2
5520,2
5521,2
5522,2
5523,2
5524,2
5525,2
5526,2
5527,2
5528,2
5529,2
5530,2
5531,2
5532,2
5533,2
5534,2
5535,2
5536,2
5537,2
5538,2
5539,2
5540,2
5541,2
5542,2
5543,2
5544,2
5545,2
5546,2
5547,2
5548,2
5549,2
5550,2
5551,2
5552,2
5553,2
5554,2
5555,2
5556,2
5557,2
5558,2
5559,2
5560,2
5561,2
5562,2
5563,2
5564,2
5565,2
5566,2
5567,2
5568,2
5569,2
5570,2
5571,2
5572,2
5573,2
5574,2
5575,2
5576,2
5577,2
5578,2
5579,2
5580,2
5581,2
5582,2
5583,2
5584,2
5585,2
5586,2
5587,2
5588,2
5589,2
5590,2
5591,2
5592,2
5593,2
5594,2
5595,2
5596,2
5597,2
5598,2
5599,2
5600,2
5601,2
5602,2
5603,2
5604,2
5605,2
5606,2
5607,2
5608,2
5609,2
5610,2
5611,2
5612,2
5613,2
5614,2
5615,2
5616,2
5617,2
5618,2
5619,2
5620,2
5621,2
5622,2
5623,2
5624,2
5625,2
5626,2
5627,2
5628,2
5629,2
5630,2
5631,2
5632,2
5633,2
5634,2
5635,2
5636,2
5637,2
5638,2
5639,2
5640,2
5641,2
5642,2
5643,2
5644,2
5645,2
5646,2
5647,2
5648,2
5649,2
5650,2
5651,2
5652,2
5653,2
5654,2
5655,2
5656,2
5657,2
5658,2
5659,2
5660,2
5661,2
5662,2
5663,2
5664,2
5665,2
5666,2
5667,2
5668,2
5669,2
5670,2
5671,2
5672,2
5673,2
5674,2
5675,2
5676,2
5677,2
5678,2
5679,2
5680,2
5681,2
5682,2
5683,2
5684,2
5685,2
5686,2
5687,2
5688,2
5689,2
5690,2
5691,2
5692,2
5693,2
5694,2
5695,2
5696,2
5697,2
5698,2
5699,2
5700,2
5701,2
5702,2
5703,2
5704,2
5705,2
5706,2
5707,2
5708,2
5709,2
5710,2
5711,2
5712,2
5713,2
5714,2
5715,2
5716,2
5717,2
5718,2
5719,2
5720,2
5721,2
5722,2
5723,2
5724,2
5725,2
5726,2
5727,2
5728,2
5729,2
5730,2
5731,2
5732,2
5733,2
5734,2
5735,2
5736,2
5737,2
5738,2
5739,2
5740,2
5741,2
5742,2
5743,2
5744,2
5745,2
5746,2
5747,2
5748,2
5749,2
5750,2
5751,2
5752,2
5753,2
5754,2
5755,2
5756,2
5757,2
5758,2
5759,2
5760,2
5761,2
5762,2
5763,2
5764,2
5765,2
5766,2
5767,2
5768,2
5769,2
5770,2
5771,2
5772,2
5773,2
5774,2
5775,2
5776,2
5777,2
5778,2
5779,2
5780,2
5781,2
5782,2
5783,2
5784,2
5785,2
5786,2
5787,2
5788,2
5789,2
5790,2
5791,2
5792,2
5793,2
5794,2
5795,2
5796,2
5797,2
5798,2
5799,2
5800,2
5801,2
5802,2
5803,2
5804,2
5805,2
5806,2
5807,2
5808,2
5809,2
5810,2
5811,2
5812,2
5813,2
5814,2
5815,2
5816,2
5817,2
5818,2
5819,2
5820,2
5821,2
5822,2
5823,2
5824,2
5825,2
5826,2
5827,2
5828,2
5829,2
5830,2
5831,2
5832,2
5833,2
5834,2
5835,2
5836,2
5837,2
5838,2
5839,2
5840,2
5841,2
5842,2
5843,2
5844,2
5845,2
5846,2
5847,2
5848,2
5849,2
5850,2
5851,2
5852,2
5853,2
5854,2
5855,2
5856,2
5857,2
5858,2
5859,2
5860,2
5861,2
5862,2
5863,2
5864,2
5865,2
5866,2
5867,2
5868,2
5869,2
5870,2
5871,2
5872,2
5873,2
5874,2
5875,2
5876,2
5877,2
5878,2
5879,2
5880,2
5881,2
5882,2
5883,2
5884,2
5885,2
5886,2
5887,2
5888,2
5889,2
5890,2
5891,2
5892,2
5893,2
5894,2
5895,2
5896,2
5897,2
5898,2
5899,2
5900,2
5901,2
5902,2
5903,2
5904,2
5905,2
5906,2
5907,2
5908,2
5909,2
5910,2
5911,2
5912,2
5913,2
5914,2
5915,2
5916,2
5917,2
5918,2
5919,2
5920,2
5921,2
5922,2
5923,2
5924,2
5925,2
5926,2
5927,2
5928,2
5929,2
5930,2
5931,2
5932,2
5933,2
5934,2
5935,2
5936,2
5937,2
5938,2
5939,2
5940,2
5941,2
5942,2
5943,2
5944,2
5945,2
5946,2
5947,2
5948,2
5949,2
5950,2
5951,2
5952,2
5953,2
5954,2
5955,2
5956,2
5957,2
5958,2
5959,2
5960,2
5961,2
5962,2
5963,2
5964,2
5965,2
5966,2
5967,2
5968,2
5969,2
5970,2
5971,2
5972,2
5973,2
5974,2
5975,2
5976,2
5977,2
5978,2
5979,2
5980,2
5981,2
5982,2
5983,2
5984,2
5985,2
5986,2
5987,2
5988,2
5989,2
5990,2
5991,2
5992,2
5993,2
5994,2
5995,2
5996,2
5997,2
5998,2
5999,2
6000,2
6001,2
6002,2
6003,2
6004,2
6005,2
6006,2
6007,2
6008,2
6009,2
6010,2
6011,2
6012,2
6013,2
6014,2
6015,2
6016,2
6017,2
6018,2
6019,2
6020,2
6021,2
6022,2
6023,2
6024,2
6025,2
6026,2
6027,2
6028,2
6029,2
6030,2
6031,2
6032,2
6033,2
6034,2
6035,2
6036,2
6037,2
6038,2
6039,2
6040,2
6041,2
6042,2
6043,2
6044,2
6045,2
6046,2
6047,2
6048,2
6049,2
6050,2
6051,2
6052,2
6053,2
6054,2
6055,2
6056,2
6057,2
6058,2
6059,2
6060,2
6061,2
6062,2
6063,2
6064,2
6065,2
6066,2
6067,2
6068,2
6069,2
6070,2
6071,2
6072,2
6073,2
6074,2
6075,2
6076,2
6077,2
6078,2
6079,2
6080,2
6081,2
6082,2
6083,2
6084,2
6085,2
6086,2
6087,2
6088,2
6089,2
6090,2
6091,2
6092,2
6093,2
6094,2
6095,2
6096,2
6097,2
6098,2
6099,2
6100,2
6101,2
6102,2
6103,2
6104,2
6105,2
6106,2
6107,2
6108,2
6109,2
6110,2
6111,2
6112,2
6113,2
6114,2
6115,2
6116,2
6117,2
6118,2
6119,2
6120,2
6121,2
6122,2
6123,2
6124,2
6125,2
6126,2
6127,2
6128,2
6129,2
6130,2
6131,2
6132,2
6133,2
6134,2
6135,2
6136,2
6137,2
6138,2
6139,2
6140,2
6141,2
6142,2
6143,2
6144,2
6145,2
6146,2
6147,2
6148,2
6149,2
6150,2
6151,2
6152,2
6153,2
6154,2
6155,2
6156,2
6157,2
6158,2
6159,2
6160,2
6161,2
6162,2
6163,2
6164,2
6165,2
6166,2
6167,2
6168,2
6169,2
6170,2
6171,2
6172,2
6173,2
6174,2
6175,2
6176,2
6177,2
6178,2
6179,2
6180,2
6181,2
6182,2
6183,2
6184,2
6185,2
6186,2
6187,2
6188,2
6189,2
6190,2
6191,2
6192,2
6193,2
6194,2
6195,2
6196,2
6197,2
6198,2
6199,2
6200,2
6201,2
6202,2
6203,2
6204,2
6205,2
6206,2
6207,2
6208,2
6209,2
6210,2
6211,2
6212,2
6213,2
6214,2
6215,2
6216,2
6217,2
6218,2
6219,2
6220,2
6221,2
6222,2
6223,2
6224,2
6225,2
6226,2
6227,2
6228,2
6229,2
6230,2
6231,2
6232,2
6233,2
6234,2
6235,2
6236,2
6237,2
6238,2
6239,2
6240,2
6241,2
6242,2
6243,2
6244,2
6245,2
6246,2
6247,2
6248,2
6249,2
6250,2
6251,2
6252,2
6253,2
6254,2
6255,2
6256,2
6257,2
6258,2
6259,2
6260,2
6261,2
6262,2
6263,2
6264,2
6265,2
6266,2
6267,2
6268,2
6269,2
6270,2
6271,2
6272,2
6273,2
6274,2
6275,2
6276,2
6277,2
6278,2
6279,2
6280,2
6281,2
6282,2
6283,2
6284,2
6285,2
6286,2
6287,2
6288,2
6289,2
6290,2
6291,2
6292,2
6293,2
6294,2
6295,2
6296,2
6297,2
6298,2
6299,2
6300,2
6301,2
6302,2
6303,2
6304,2
6305,2
6306,2
6307,2
6308,2
6309,2
6310,2
6311,2
6312,2
6313,2
6314,2
6315,2
6316,2
6317,2
6318,2
6319,2
6320,2
6321,2
6322,2
6323,2
6324,2
6325,2
6326,2
6327,2
6328,2
6329,2
6330,2
6331,2
6332,2
6333,2
6334,2
6335,2
6336,2
6337,2
6338,2
6339,2
6340,2
6341,2
6342,2
6343,2
6344,2
6345,2
6346,2
6347,2
6348,2
6349,2
6350,2
6351,2
6352,2
6353,2
6354,2
6355,2
6356,2
6357,2
6358,2
6359,2
6360,2
6361,2
6362,2
6363,2
6364,2
6365,2
6366,2
6367,2
6368,2
6369,2
6370,2
6371,2
6372,2
6373,2
6374,2
6375,2
6376,2
6377,2
6378,2
6379,2
6380,2
6381,2
6382,2
6383,2
6384,2
6385,2
6386,2
6387,2
6388,2
6389,2
6390,2
6391,2
6392,2
6393,2
6394,2
6395,2
6396,2
6397,2
6398,2
6399,2
6400,2
6401,2
6402,2
6403,2
6404,2
6405,2
6406,2
6407,2
6408,2
6409,2
6410,2
6411,2
6412,2
6413,2
6414,2
6415,2
6416,2
6417,2
6418,2
6419,2
6420,2
6421,2
6422,2
6423,2
6424,2
6425,2
6426,2
6427,2
6428,2
6429,2
6430,2
6431,2
6432,2
6433,2
6434,2
6435,2
6436,2
6437,2
6438,2
6439,2
6440,2
6441,2
6442,2
6443,2
6444,2
6445,2
6446,2
6447,2
6448,2
6449,2
6450,2
6451,2
6452,2
6453,2
6454,2
6455,2
6456,2
6457,2
6458,2
6459,2
6460,2
6461,2
6462,2
6463,2
6464,2
6465,2
6466,2
6467,2
6468,2
6469,2
6470,2
6471,2
6472,2
6473,2
6474,2
6475,2
6476,2
6477,2
6478,2
6479,2
6480,2
6481,2
6482,2
6483,2
6484,2
6485,2
6486,2
6487,2
6488,2
6489,2
6490,2
6491,2
6492,2
6493,2
6494,2
6495,2
6496,2
6497,2
6498,2
6499,2
6500,2
6501,2
6502,2
6503,2
6504,2
6505,2
6506,2
6507,2
6508,2
6509,2
6510,2
6511,2
6512,2
6513,2
6514,2
6515,2
6516,2
6517,2
6518,2
6519,2
6520,2
6521,2
6522,2
6523,2
6524,2
6525,2
6526,2
6527,2
6528,2
6529,2
6530,2
6531,2
6532,2
6533,2
6534,2
6535,2
6536,2
6537,2
6538,2
6539,2
6540,2
6541,2
6542,2
6543,2
6544,2
6545,2
6546,2
6547,2
6548,2
6549,2
6550,2
6551,2
6552,2
6553,2
6554,2
6555,2
6556,2
6557,2
6558,2
6559,2
6560,2
6561,2
6562,2
6563,2
6564,2
6565,2
6566,2
6567,2
6568,2
6569,2
6570,2
6571,2
6572,2
6573,2
6574,2
6575,2
6576,2
6577,2
6578,2
6579,2
6580,2
6581,2
6582,2
6583,2
6584,2
6585,2
6586,2
6587,2
6588,2
6589,2
6590,2
6591,2
6592,2
6593,2
6594,2
6595,2
6596,2
6597,2
6598,2
6599,2
6600,2
6601,2
6602,2
6603,2
6604,2
6605,2
6606,2
6607,2
6608,2
6609,2
6610,2
6611,2
6612,2
6613,2
6614,2
6615,2
6616,2
6617,2
6618,2
6619,2
6620,2
6621,2
6622,2
6623,2
6624,2
6625,2
6626,2
6627,2
6628,2
6629,2
6630,2
6631,2
6632,2
6633,2
6634,2
6635,2
6636,2
6637,2
6638,2
6639,2
6640,2
6641,2
6642,2
6643,2
6644,2
6645,2
6646,2
6647,2
6648,2
6649,2
6650,2
6651,2
6652,2
6653,2
6654,2
6655,2
6656,2
6657,2
6658,2
6659,2
6660,2
6661,2
6662,2
6663,2
6664,2
6665,2
6666,2
6667,2
6668,2
6669,2
6670,2
6671,2
6672,2
6673,2
6674,2
6675,2
6676,2
6677,2
6678,2
6679,2
6680,2
6681,2
6682,2
6683,2
6684,2
6685,2
6686,2
6687,2
6688,2
6689,2
6690,2
6691,2
6692,2
6693,2
6694,2
6695,2
6696,2
6697,2
6698,2
6699,2
6700,2
6701,2
6702,2
6703,2
6704,2
6705,2
6706,2
6707,2
6708,2
6709,2
6710,2
6711,2
6712,2
6713,2
6714,2
6715,2
6716,2
6717,2
6718,2
6719,2
6720,2
6721,2
6722,2
6723,2
6724,2
6725,2
6726,2
6727,2
6728,2
6729,2
6730,2
6731,2
6732,2
6733,2
6734,2
6735,2
6736,2
6737,2
6738,2
6739,2
6740,2
6741,2
6742,2
6743,2
6744,2
6745,2
6746,2
6747,2
6748,2
6749,2
6750,2
6751,2
6752,2
6753,2
6754,2
6755,2
6756,2
6757,2
6758,2
6759,2
6760,2
6761,2
6762,2
6763,2
6764,2
6765,2
6766,2
6767,2
6768,2
6769,2
6770,2
6771,2
6772,2
6773,2
6774,2
6775,2
6776,2
6777,2
6778,2
6779,2
6780,2
6781,2
6782,2
6783,2
6784,2
6785,2
6786,2
6787,2
6788,2
6789,2
6790,2
6791,2
6792,2
6793,2
6794,2
6795,2
6796,2
6797,2
6798,2
6799,2
6800,2
6801,2
6802,2
6803,2
6804,2
6805,2
6806,2
6807,2
6808,2
6809,2
6810,2
6811,2
6812,2
6813,2
6814,2
6815,2
6816,2
6817,2
6818,2
6819,2
6820,2
6821,2
6822,2
6823,2
6824,2
6825,2
6826,2
6827,2
6828,2
6829,2
6830,2
6831,2
6832,2
6833,2
6834,2
6835,2
6836,2
6837,2
6838,2
6839,2
6840,2
6841,2
6842,2
6843,2
6844,2
6845,2
6846,2
6847,2
6848,2
6849,2
6850,2
6851,2
6852,2
6853,2
6854,2
6855,2
6856,2
6857,2
6858,2
6859,2
6860,2
6861,2
6862,2
6863,2
6864,2
6865,2
6866,2
6867,2
6868,2
6869,2
6870,2
6871,2
6872,2
6873,2
6874,2
6875,2
6876,2
6877,2
6878,2
6879,2
6880,2
6881,2
6882,2
6883,2
6884,2
6885,2
6886,2
6887,2
6888,2
6889,2
6890,2
6891,2
6892,2
6893,2
6894,2
6895,2
6896,2
6897,2
6898,2
6899,2
6900,2
6901,2
6902,2
6903,2
6904,2
6905,2
6906,2
6907,2
6908,2
6909,2
6910,2
6911,2
6912,2
6913,2
6914,2
6915,2
6916,2
6917,2
6918,2
6919,2
6920,2
6921,2
6922,2
6923,2
6924,2
6925,2
6926,2
6927,2
6928,2
6929,2
6930,2
6931,2
6932,2
6933,2
6934,2
6935,2
6936,2
6937,2
6938,2
6939,2
6940,2
6941,2
6942,2
6943,2
6944,2
6945,2
6946,2
6947,2
6948,2
6949,2
6950,2
6951,2
6952,2
6953,2
6954,2
6955,2
6956,2
6957,2
6958,2
6959,2
6960,2
6961,2
6962,2
6963,2
6964,2
6965,2
6966,2
6967,2
6968,2
6969,2
6970,2
6971,2
6972,2
6973,2
6974,2
6975,2
6976,2
6977,2
6978,2
6979,2
6980,2
6981,2
6982,2
6983,2
6984,2
6985,2
6986,2
6987,2
6988,2
6989,2
6990,2
6991,2
6992,2
6993,2
6994,2
6995,2
6996,2
6997,2
6998,2
6999,2
7000,2
7001,2
7002,2
7003,2
7004,2
7005,2
7006,2
7007,2
7008,2
7009,2
7010,2
7011,2
7012,2
7013,2
7014,2
7015,2
7016,2
7017,2
7018,2
7019,2
7020,2
7021,2
7022,2
7023,2
7024,2
7025,2
7026,2
7027,2
7028,2
7029,2
7030,2
7031,2
7032,2
7033,2
7034,2
7035,2
7036,2
7037,2
7038,2
7039,2
7040,2
7041,2
7042,2
7043,2
7044,2
7045,2
7046,2
7047,2
7048,2
7049,2
7050,2
7051,2
7052,2
7053,2
7054,2
7055,2
7056,2
7057,2
7058,2
7059,2
7060,2
7061,2
7062,2
7063,2
7064,2
7065,2
7066,2
7067,2
7068,2
7069,2
7070,2
7071,2
7072,2
7073,2
7074,2
7075,2
7076,2
7077,2
7078,2
7079,2
7080,2
7081,2
7082,2
7083,2
7084,2
7085,2
7086,2
7087,2
7088,2
7089,2
7090,2
7091,2
7092,2
7093,2
7094,2
7095,2
7096,2
7097,2
7098,2
7099,2
7100,2
7101,2
7102,2
7103,2
7104,2
7105,2
7106,2
7107,2
7108,2
7109,2
7110,2
7111,2
7112,2
7113,2
7114,2
7115,2
7116,2
7117,2
7118,2
7119,2
7120,2
7121,2
7122,2
7123,2
7124,2
7125,2
7126,2
7127,2
7128,2
7129,2
7130,2
7131,2
7132,2
7133,2
7134,2
7135,2
7136,2
7137,2
7138,2
7139,2
7140,2
7141,2
7142,2
7143,2
7144,2
7145,2
7146,2
7147,2
7148,2
7149,2
7150,2
7151,2
7152,2
7153,2
7154,2
7155,2
7156,2
7157,2
7158,2
7159,2
7160,2
7161,2
7162,2
7163,2
7164,2
7165,2
7166,2
7167,2
7168,2
7169,2
7170,2
7171,2
7172,2
7173,2
7174,2
7175,2
7176,2
7177,2
7178,2
7179,2
7180,2
7181,2
7182,2
7183,2
7184,2
7185,2
7186,2
7187,2
7188,2
7189,2
7190,2
7191,2
7192,2
7193,2
7194,2
7195,2
7196,2
7197,2
7198,2
7199,2
7200,2
7201,2
7202,2
7203,2
7204,2
7205,2
7206,2
7207,2
7208,2
7209,2
7210,2
7211,2
7212,2
7213,2
7214,2
7215,2
7216,2
7217,2
7218,2
7219,2
7220,2
7221,2
7222,2
7223,2
7224,2
7225,2
7226,2
7227,2
7228,2
7229,2
7230,2
7231,2
7232,2
7233,2
7234,2
7235,2
7236,2
7237,2
7238,2
7239,2
7240,2
7241,2
7242,2
7243,2
7244,2
7245,2
7246,2
7247,2
7248,2
7249,2
7250,2
7251,2
7252,2
7253,2
7254,2
7255,2
7256,2
7257,2
7258,2
7259,2
7260,2
7261,2
7262,2
7263,2
7264,2
7265,2
7266,2
7267,2
7268,2
7269,2
7270,2
7271,2
7272,2
7273,2
7274,2
7275,2
7276,2
7277,2
7278,2
7279,2
7280,2
7281,2
7282,2
7283,2
7284,2
7285,2
7286,2
7287,2
7288,2
7289,2
7290,2
7291,2
7292,2
7293,2
7294,2
7295,2
7296,2
7297,2
7298,2
7299,2
7300,2
7301,2
7302,2
7303,2
7304,2
7305,2
7306,2
7307,2
7308,2
7309,2
7310,2
7311,2
7312,2
7313,2
7314,2
7315,2
7316,2
7317,2
7318,2
7319,2
7320,2
7321,2
7322,2
7323,2
7324,2
7325,2
7326,2
7327,2
7328,2
7329,2
7330,2
7331,2
7332,2
7333,2
7334,2
7335,2
7336,2
7337,2
7338,2
7339,2
7340,2
7341,2
7342,2
7343,2
7344,2
7345,2
7346,2
7347,2
7348,2
7349,2
7350,2
7351,2
7352,2
7353,2
7354,2
7355,2
7356,2
7357,2
7358,2
7359,2
7360,2
7361,2
7362,2
7363,2
7364,2
7365,2
7366,2
7367,2
7368,2
7369,2
7370,2
7371,2
7372,2
7373,2
7374,2
7375,2
7376,2
7377,2
7378,2
7379,2
7380,2
7381,2
7382,2
7383,2
7384,2
7385,2
7386,2
7387,2
7388,2
7389,2
7390,2
7391,2
7392,2
7393,2
7394,2
7395,2
7396,2
7397,2
7398,2
7399,2
7400,2
7401,2
7402,2
7403,2
7404,2
7405,2
7406,2
7407,2
7408,2
7409,2
7410,2
7411,2
7412,2
7413,2
7414,2
7415,2
7416,2
7417,2
7418,2
7419,2
7420,2
7421,2
7422,2
7423,2
7424,2
7425,2
7426,2
7427,2
7428,2
7429,2
7430,2
7431,2
7432,2
7433,2
7434,2
7435,2
7436,2
7437,2
7438,2
7439,2
7440,2
7441,2
7442,2
7443,2
7444,2
7445,2
7446,2
7447,2
7448,2
7449,2
7450,2
7451,2
7452,2
7453,2
7454,2
7455,2
7456,2
7457,2
7458,2
7459,2
7460,2
7461,2
7462,2
7463,2
7464,2
7465,2
7466,2
7467,2
7468,2
7469,2
7470,2
7471,2
7472,2
7473,2
7474,2
7475,2
7476,2
7477,2
7478,2
7479,2
7480,2
7481,2
7482,2
7483,2
7484,2
7485,2
7486,2
7487,2
7488,2
7489,2
7490,2
7491,2
7492,2
7493,2
7494,2
7495,2
7496,2
7497,2
7498,2
7499,2
7500,2
7501,2
7502,2
7503,2
7504,2
7505,2
7506,2
7507,2
7508,2
7509,2
7510,2
7511,2
7512,2
7513,2
7514,2
7515,2
7516,2
7517,2
7518,2
7519,2
7520,2
7521,2
7522,2
7523,2
7524,2
7525,2
7526,2
7527,2
7528,2
7529,2
7530,2
7531,2
7532,2
7533,2
7534,2
7535,2
7536,2
7537,2
7538,2
7539,2
7540,2
7541,2
7542,2
7543,2
7544,2
7545,2
7546,2
7547,2
7548,2
7549,2
7550,2
7551,2
7552,2
7553,2
7554,2
7555,2
7556,2
7557,2
7558,2
7559,2
7560,2
7561,2
7562,2
7563,2
7564,2
7565,2
7566,2
7567,2
7568,2
7569,2
7570,2
7571,2
7572,2
7573,2
7574,2
7575,2
7576,2
7577,2
7578,2
7579,2
7580,2
7581,2
7582,2
7583,2
7584,2
7585,2
7586,2
7587,2
7588,2
7589,2
7590,2
7591,2
7592,2
7593,2
7594,2
7595,2
7596,2
7597,2
7598,2
7599,2
7600,2
7601,2
7602,2
7603,2
7604,2
7605,2
7606,2
7607,2
7608,2
7609,2
7610,2
7611,2
7612,2
7613,2
7614,2
7615,2
7616,2
7617,2
7618,2
7619,2
7620,2
7621,2
7622,2
7623,2
7624,2
7625,2
7626,2
7627,2
7628,2
7629,2
7630,2
7631,2
7632,2
7633,2
7634,2
7635,2
7636,2
7637,2
7638,2
7639,2
7640,2
7641,2
7642,2
7643,2
7644,2
7645,2
7646,2
7647,2
7648,2
7649,2
7650,2
7651,2
7652,2
7653,2
7654,2
7655,2
7656,2
7657,2
7658,2
7659,2
7660,2
7661,2
7662,2
7663,2
7664,2
7665,2
7666,2
7667,2
7668,2
7669,2
7670,2
7671,2
7672,2
7673,2
7674,2
7675,2
7676,2
7677,2
7678,2
7679,2
7680,2
7681,2
7682,2
7683,2
7684,2
7685,2
7686,2
7687,2
7688,2
7689,2
7690,2
7691,2
7692,2
7693,2
7694,2
7695,2
7696,2
7697,2
7698,2
7699,2
7700,2
7701,2
7702,2
7703,2
7704,2
7705,2
7706,2
7707,2
7708,2
7709,2
7710,2
7711,2
7712,2
7713,2
7714,2
7715,2
7716,2
7717,2
7718,2
7719,2
7720,2
7721,2
7722,2
7723,2
7724,2
7725,2
7726,2
7727,2
7728,2
7729,2
7730,2
7731,2
7732,2
7733,2
7734,2
7735,2
7736,2
7737,2
7738,2
7739,2
7740,2
7741,2
7742,2
7743,2
7744,2
7745,2
7746,2
7747,2
7748,2
7749,2
7750,2
7751,2
7752,2
7753,2
7754,2
7755,2
7756,2
7757,2
7758,2
7759,2
7760,2
7761,2
7762,2
7763,2
7764,2
7765,2
7766,2
7767,2
7768,2
7769,2
7770,2
7771,2
7772,2
7773,2
7774,2
7775,2
7776,2
7777,2
7778,2
7779,2
7780,2
7781,2
7782,2
7783,2
7784,2
7785,2
7786,2
7787,2
7788,2
7789,2
7790,2
7791,2
7792,2
7793,2
7794,2
7795,2
7796,2
7797,2
7798,2
7799,2
7800,2
7801,2
7802,2
7803,2
7804,2
7805,2
7806,2
7807,2
7808,2
7809,2
7810,2
7811,2
7812,2
7813,2
7814,2
7815,2
7816,2
7817,2
7818,2
7819,2
7820,2
7821,2
7822,2
7823,2
7824,2
7825,2
7826,2
7827,2
7828,2
7829,2
7830,2
7831,2
7832,2
7833,2
7834,2
7835,2
7836,2
7837,2
7838,2
7839,2
7840,2
7841,2
7842,2
7843,2
7844,2
7845,2
7846,2
7847,2
7848,2
7849,2
7850,2
7851,2
7852,2
7853,2
7854,2
7855,2
7856,2
7857,2
7858,2
7859,2
7860,2
7861,2
7862,2
7863,2
7864,2
7865,2
7866,2
7867,2
7868,2
7869,2
7870,2
7871,2
7872,2
7873,2
7874,2
7875,2
7876,2
7877,2
7878,2
7879,2
7880,2
7881,2
7882,2
7883,2
7884,2
7885,2
7886,2
7887,2
7888,2
7889,2
7890,2
7891,2
7892,2
7893,2
7894,2
7895,2
7896,2
7897,2
7898,2
7899,2
7900,2
7901,2
7902,2
7903,2
7904,2
7905,2
7906,2
7907,2
7908,2
7909,2
7910,2
7911,2
7912,2
7913,2
7914,2
7915,2
7916,2
7917,2
7918,2
7919,2
7920,2
7921,2
7922,2
7923,2
7924,2
7925,2
7926,2
7927,2
7928,2
7929,2
7930,2
7931,2
7932,2
7933,2
7934,2
7935,2
7936,2
7937,2
7938,2
7939,2
7940,2
7941,2
7942,2
7943,2
7944,2
7945,2
7946,2
7947,2
7948,2
7949,2
7950,2
7951,2
7952,2
7953,2
7954,2
7955,2
7956,2
7957,2
7958,2
7959,2
7960,2
7961,2
7962,2
7963,2
7964,2
7965,2
7966,2
7967,2
7968,2
7969,2
7970,2
7971,2
7972,2
7973,2
7974,2
7975,2
7976,2
7977,2
7978,2
7979,2
7980,2
7981,2
7982,2
7983,2
7984,2
7985,2
7986,2
7987,2
7988,2
7989,2
7990,2
7991,2
7992,2
7993,2
7994,2
7995,2
7996,2
7997,2
7998,2
7999,2
8000,2
8001,2
8002,2
8003,2
8004,2
8005,2
8006,2
8007,2
8008,2
8009,2
8010,2
8011,2
8012,2
8013,2
8014,2
8015,2
8016,2
8017,2
8018,2
8019,2
8020,2
8021,2
8022,2
8023,2
8024,2
8025,2
8026,2
8027,2
8028,2
8029,2
8030,2
8031,2
8032,2
8033,2
8034,2
8035,2
8036,2
8037,2
8038,2
8039,2
8040,2
8041,2
8042,2
8043,2
8044,2
8045,2
8046,2
8047,2
8048,2
8049,2
8050,2
8051,2
8052,2
8053,2
8054,2
8055,2
8056,2
8057,2
8058,2
8059,2
8060,2
8061,2
8062,2
8063,2
8064,2
8065,2
8066,2
8067,2
8068,2
8069,2
8070,2
8071,2
8072,2
8073,2
8074,2
8075,2
8076,2
8077,2
8078,2
8079,2
8080,2
8081,2
8082,2
8083,2
8084,2
8085,2
8086,2
8087,2
8088,2
8089,2
8090,2
8091,2
8092,2
8093,2
8094,2
8095,2
8096,2
8097,2
8098,2
8099,2
8100,2
8101,2
8102,2
8103,2
8104,2
8105,2
8106,2
8107,2
8108,2
8109,2
8110,2
8111,2
8112,2
8113,2
8114,2
8115,2
8116,2
8117,2
8118,2
8119,2
8120,2
8121,2
8122,2
8123,2
8124,2
8125,2
8126,2
8127,2
8128,2
8129,2
8130,2
8131,2
8132,2
8133,2
8134,2
8135,2
8136,2
8137,2
8138,2
8139,2
8140,2
8141,2
8142,2
8143,2
8144,2
8145,2
8146,2
8147,2
8148,2
8149,2
8150,2
8151,2
8152,2
8153,2
8154,2
8155,2
8156,2
8157,2
8158,2
8159,2
8160,2
8161,2
8162,2
8163,2
8164,2
8165,2
8166,2
8167,2
8168,2
8169,2
8170,2
8171,2
8172,2
8173,2
8174,2
8175,2
8176,2
8177,2
8178,2
8179,2
8180,2
8181,2
8182,2
8183,2
8184,2
8185,2
8186,2
8187,2
8188,2
8189,2
8190,2
8191,2
8192,2
8193,2
8194,2
8195,2
8196,2
8197,2
8198,2
8199,2
8200,2
8201,2
8202,2
8203,2
8204,2
8205,2
8206,2
8207,2
8208,2
8209,2
8210,2
8211,2
8212,2
8213,2
8214,2
8215,2
8216,2
8217,2
8218,2
8219,2
8220,2
8221,2
8222,2
8223,2
8224,2
8225,2
8226,2
8227,2
8228,2
8229,2
8230,2
8231,2
8232,2
8233,2
8234,2
8235,2
8236,2
8237,2
8238,2
8239,2
8240,2
8241,2
8242,2
8243,2
8244,2
8245,2
8246,2
8247,2
8248,2
8249,2
8250,2
8251,2
8252,2
8253,2
8254,2
8255,2
8256,2
8257,2
8258,2
8259,2
8260,2
8261,2
8262,2
8263,2
8264,2
8265,2
8266,2
8267,2
8268,2
8269,2
8270,2
8271,2
8272,2
8273,2
8274,2
8275,2
8276,2
8277,2
8278,2
8279,2
8280,2
8281,2
8282,2
8283,2
8284,2
8285,2
8286,2
8287,2
8288,2
8289,2
8290,2
8291,2
8292,2
8293,2
8294,2
8295,2
8296,2
8297,2
8298,2
8299,2
8300,2
8301,2
8302,2
8303,2
8304,2
8305,2
8306,2
8307,2
8308,2
8309,2
8310,2
8311,2
8312,2
8313,2
8314,2
8315,2
8316,2
8317,2
8318,2
8319,2
8320,2
8321,2
8322,2
8323,2
8324,2
8325,2
8326,2
8327,2
8328,2
8329,2
8330,2
8331,2
8332,2
8333,2
8334,2
8335,2
8336,2
8337,2
8338,2
8339,2
8340,2
8341,2
8342,2
8343,2
8344,2
8345,2
8346,2
8347,2
8348,2
8349,2
8350,2
8351,2
8352,2
8353,2
8354,2
8355,2
8356,2
8357,2
8358,2
8359,2
8360,2
8361,2
8362,2
8363,2
8364,2
8365,2
8366,2
8367,2
8368,2
8369,2
8370,2
8371,2
8372,2
8373,2
8374,2
8375,2
8376,2
8377,2
8378,2
8379,2
8380,2
8381,2
8382,2
8383,2
8384,2
8385,2
8386,2
8387,2
8388,2
8389,2
8390,2
8391,2
8392,2
8393,2
8394,2
8395,2
8396,2
8397,2
8398,2
8399,2
8400,2
8401,2
8402,2
8403,2
8404,2
8405,2
8406,2
8407,2
8408,2
8409,2
8410,2
8411,2
8412,2
8413,2
8414,2
8415,2
8416,2
8417,2
8418,2
8419,2
8420,2
8421,2
8422,2
8423,2
8424,2
8425,2
8426,2
8427,2
8428,2
8429,2
8430,2
8431,2
8432,2
8433,2
8434,2
8435,2
8436,2
8437,2
8438,2
8439,2
8440,2
8441,2
8442,2
8443,2
8444,2
8445,2
8446,2
8447,2
8448,2
8449,2
8450,2
8451,2
8452,2
8453,2
8454,2
8455,2
8456,2
8457,2
8458,2
8459,2
8460,2
8461,2
8462,2
8463,2
8464,2
8465,2
8466,2
8467,2
8468,2
8469,2
8470,2
8471,2
8472,2
8473,2
8474,2
8475,2
8476,2
8477,2
8478,2
8479,2
8480,2
8481,2
8482,2
8483,2
8484,2
8485,2
8486,2
8487,2
8488,2
8489,2
8490,2
8491,2
8492,2
8493,2
8494,2
8495,2
8496,2
8497,2
8498,2
8499,2
8500,2
8501,2
8502,2
8503,2
8504,2
8505,2
8506,2
8507,2
8508,2
8509,2
8510,2
8511,2
8512,2
8513,2
8514,2
8515,2
8516,2
8517,2
8518,2
8519,2
8520,2
8521,2
8522,2
8523,2
8524,2
8525,2
8526,2
8527,2
8528,2
8529,2
8530,2
8531,2
8532,2
8533,2
8534,2
8535,2
8536,2
8537,2
8538,2
8539,2
8540,2
8541,2
8542,2
8543,2
8544,2
8545,2
8546,2
8547,2
8548,2
8549,2
8550,2
8551,2
8552,2
8553,2
8554,2
8555,2
8556,2
8557,2
8558,2
8559,2
8560,2
8561,2
8562,2
8563,2
8564,2
8565,2
8566,2
8567,2
8568,2
8569,2
8570,2
8571,2
8572,2
8573,2
8574,2
8575,2
8576,2
8577,2
8578,2
8579,2
8580,2
8581,2
8582,2
8583,2
8584,2
8585,2
8586,2
8587,2
8588,2
8589,2
8590,2
8591,2
8592,2
8593,2
8594,2
8595,2
8596,2
8597,2
8598,2
8599,2
8600,2
8601,2
8602,2
8603,2
8604,2
8605,2
8606,2
8607,2
8608,2
8609,2
8610,2
8611,2
8612,2
8613,2
8614,2
8615,2
8616,2
8617,2
8618,2
8619,2
8620,2
8621,2
8622,2
8623,2
8624,2
8625,2
8626,2
8627,2
8628,2
8629,2
8630,2
8631,2
8632,2
8633,2
8634,2
8635,2
8636,2
8637,2
8638,2
8639,2
8640,2
8641,2
8642,2
8643,2
8644,2
8645,2
8646,2
8647,2
8648,2
8649,2
8650,2
8651,2
8652,2
8653,2
8654,2
8655,2
8656,2
8657,2
8658,2
8659,2
8660,2
8661,2
8662,2
8663,2
8664,2
8665,2
8666,2
8667,2
8668,2
8669,2
8670,2
8671,2
8672,2
8673,2
8674,2
8675,2
8676,2
8677,2
8678,2
8679,2
8680,2
8681,2
8682,2
8683,2
8684,2
8685,2
8686,2
8687,2
8688,2
8689,2
8690,2
8691,2
8692,2
8693,2
8694,2
8695,2
8696,2
8697,2
8698,2
8699,2
8700,2
8701,2
8702,2
8703,2
8704,2
8705,2
8706,2
8707,2
8708,2
8709,2
8710,2
8711,2
8712,2
8713,2
8714,2
8715,2
8716,2
8717,2
8718,2
8719,2
8720,2
8721,2
8722,2
8723,2
8724,2
8725,2
8726,2
8727,2
8728,2
8729,2
8730,2
8731,2
8732,2
8733,2
8734,2
8735,2
8736,2
8737,2
8738,2
8739,2
8740,2
8741,2
8742,2
8743,2
8744,2
8745,2
8746,2
8747,2
8748,2
8749,2
8750,2
8751,2
8752,2
8753,2
8754,2
8755,2
8756,2
8757,2
8758,2
8759,2
8760,2
8761,2
8762,2
8763,2
8764,2
8765,2
8766,2
8767,2
8768,2
8769,2
8770,2
8771,2
8772,2
8773,2
8774,2
8775,2
8776,2
8777,2
8778,2
8779,2
8780,2
8781,2
8782,2
8783,2
8784,2
8785,2
8786,2
8787,2
8788,2
8789,2
8790,2
8791,2
8792,2
8793,2
8794,2
8795,2
8796,2
8797,2
8798,2
8799,2
8800,2
8801,2
8802,2
8803,2
8804,2
8805,2
8806,2
8807,2
8808,2
8809,2
8810,2
8811,2
8812,2
8813,2
8814,2
8815,2
8816,2
8817,2
8818,2
8819,2
8820,2
8821,2
8822,2
8823,2
8824,2
8825,2
8826,2
8827,2
8828,2
8829,2
8830,2
8831,2
8832,2
8833,2
8834,2
8835,2
8836,2
8837,2
8838,2
8839,2
8840,2
8841,2
8842,2
8843,2
8844,2
8845,2
8846,2
8847,2
8848,2
8849,2
8850,2
8851,2
8852,2
8853,2
8854,2
8855,2
8856,2
8857,2
8858,2
8859,2
8860,2
8861,2
8862,2
8863,2
8864,2
8865,2
8866,2
8867,2
8868,2
8869,2
8870,2
8871,2
8872,2
8873,2
8874,2
8875,2
8876,2
8877,2
8878,2
8879,2
8880,2
8881,2
8882,2
8883,2
8884,2
8885,2
8886,2
8887,2
8888,2
8889,2
8890,2
8891,2
8892,2
8893,2
8894,2
8895,2
8896,2
8897,2
8898,2
8899,2
8900,2
8901,2
8902,2
8903,2
8904,2
8905,2
8906,2
8907,2
8908,2
8909,2
8910,2
8911,2
8912,2
8913,2
8914,2
8915,2
8916,2
8917,2
8918,2
8919,2
8920,2
8921,2
8922,2
8923,2
8924,2
8925,2
8926,2
8927,2
8928,2
8929,2
8930,2
8931,2
8932,2
8933,2
8934,2
8935,2
8936,2
8937,2
8938,2
8939,2
8940,2
8941,2
8942,2
8943,2
8944,2
8945,2
8946,2
8947,2
8948,2
8949,2
8950,2
8951,2
8952,2
8953,2
8954,2
8955,2
8956,2
8957,2
8958,2
8959,2
8960,2
8961,2
8962,2
8963,2
8964,2
8965,2
8966,2
8967,2
8968,2
8969,2
8970,2
8971,2
8972,2
8973,2
8974,2
8975,2
8976,2
8977,2
8978,2
8979,2
8980,2
8981,2
8982,2
8983,2
8984,2
8985,2
8986,2
8987,2
8988,2
8989,2
8990,2
8991,2
8992,2
8993,2
8994,2
8995,2
8996,2
8997,2
8998,2
8999,2
9000,2
9001,2
9002,2
9003,2
9004,2
9005,2
9006,2
9007,2
9008,2
9009,2
9010,2
9011,2
9012,2
9013,2
9014,2
9015,2
9016,2
9017,2
9018,2
9019,2
9020,2
9021,2
9022,2
9023,2
9024,2
9025,2
9026,2
9027,2
9028,2
9029,2
9030,2
9031,2
9032,2
9033,2
9034,2
9035,2
9036,2
9037,2
9038,2
9039,2
9040,2
9041,2
9042,2
9043,2
9044,2
9045,2
9046,2
9047,2
9048,2
9049,2
9050,2
9051,2
9052,2
9053,2
9054,2
9055,2
9056,2
9057,2
9058,2
9059,2
9060,2
9061,2
9062,2
9063,2
9064,2
9065,2
9066,2
9067,2
9068,2
9069,2
9070,2
9071,2
9072,2
9073,2
9074,2
9075,2
9076,2
9077,2
9078,2
9079,2
9080,2
9081,2
9082,2
9083,2
9084,2
9085,2
9086,2
9087,2
9088,2
9089,2
9090,2
9091,2
9092,2
9093,2
9094,2
9095,2
9096,2
9097,2
9098,2
9099,2
9100,2
9101,2
9102,2
9103,2
9104,2
9105,2
9106,2
9107,2
9108,2
9109,2
9110,2
9111,2
9112,2
9113,2
9114,2
9115,2
9116,2
9117,2
9118,2
9119,2
9120,2
9121,2
9122,2
9123,2
9124,2
9125,2
9126,2
9127,2
9128,2
9129,2
9130,2
9131,2
9132,2
9133,2
9134,2
9135,2
9136,2
9137,2
9138,2
9139,2
9140,2
9141,2
9142,2
9143,2
9144,2
9145,2
9146,2
9147,2
9148,2
9149,2
9150,2
9151,2
9152,2
9153,2
9154,2
9155,2
9156,2
9157,2
9158,2
9159,2
9160,2
9161,2
9162,2
9163,2
9164,2
9165,2
9166,2
9167,2
9168,2
9169,2
9170,2
9171,2
9172,2
9173,2
9174,2
9175,2
9176,2
9177,2
9178,2
9179,2
9180,2
9181,2
9182,2
9183,2
9184,2
9185,2
9186,2
9187,2
9188,2
9189,2
9190,2
9191,2
9192,2
9193,2
9194,2
9195,2
9196,2
9197,2
9198,2
9199,2
9200,2
9201,2
9202,2
9203,2
9204,2
9205,2
9206,2
9207,2
9208,2
9209,2
9210,2
9211,2
9212,2
9213,2
9214,2
9215,2
9216,2
9217,2
9218,2
9219,2
9220,2
9221,2
9222,2
9223,2
9224,2
9225,2
9226,2
9227,2
9228,2
9229,2
9230,2
9231,2
9232,2
9233,2
9234,2
9235,2
9236,2
9237,2
9238,2
9239,2
9240,2
9241,2
9242,2
9243,2
9244,2
9245,2
9246,2
9247,2
9248,2
9249,2
9250,2
9251,2
9252,2
9253,2
9254,2
9255,2
9256,2
9257,2
9258,2
9259,2
9260,2
9261,2
9262,2
9263,2
9264,2
9265,2
9266,2
9267,2
9268,2
9269,2
9270,2
9271,2
9272,2
9273,2
9274,2
9275,2
9276,2
9277,2
9278,2
9279,2
9280,2
9281,2
9282,2
9283,2
9284,2
9285,2
9286,2
9287,2
9288,2
9289,2
9290,2
9291,2
9292,2
9293,2
9294,2
9295,2
9296,2
9297,2
9298,2
9299,2
9300,2
9301,2
9302,2
9303,2
9304,2
9305,2
9306,2
9307,2
9308,2
9309,2
9310,2
9311,2
9312,2
9313,2
9314,2
9315,2
9316,2
9317,2
9318,2
9319,2
9320,2
9321,2
9322,2
9323,2
9324,2
9325,2
9326,2
9327,2
9328,2
9329,2
9330,2
9331,2
9332,2
9333,2
9334,2
9335,2
9336,2
9337,2
9338,2
9339,2
9340,2
9341,2
9342,2
9343,2
9344,2
9345,2
9346,2
9347,2
9348,2
9349,2
9350,2
9351,2
9352,2
9353,2
9354,2
9355,2
9356,2
9357,2
9358,2
9359,2
9360,2
9361,2
9362,2
9363,2
9364,2
9365,2
9366,2
9367,2
9368,2
9369,2
9370,2
9371,2
9372,2
9373,2
9374,2
9375,2
9376,2
9377,2
9378,2
9379,2
9380,2
9381,2
9382,2
9383,2
9384,2
9385,2
9386,2
9387,2
9388,2
9389,2
9390,2
9391,2
9392,2
9393,2
9394,2
9395,2
9396,2
9397,2
9398,2
9399,2
9400,2
9401,2
9402,2
9403,2
9404,2
9405,2
9406,2
9407,2
9408,2
9409,2
9410,2
9411,2
9412,2
9413,2
9414,2
9415,2
9416,2
9417,2
9418,2
9419,2
9420,2
9421,2
9422,2
9423,2
9424,2
9425,2
9426,2
9427,2
9428,2
9429,2
9430,2
9431,2
9432,2
9433,2
9434,2
9435,2
9436,2
9437,2
9438,2
9439,2
9440,2
9441,2
9442,2
9443,2
9444,2
9445,2
9446,2
9447,2
9448,2
9449,2
9450,2
9451,2
9452,2
9453,2
9454,2
9455,2
9456,2
9457,2
9458,2
9459,2
9460,2
9461,2
9462,2
9463,2
9464,2
9465,2
9466,2
9467,2
9468,2
9469,2
9470,2
9471,2
9472,2
9473,2
9474,2
9475,2
9476,2
9477,2
9478,2
9479,2
9480,2
9481,2
9482,2
9483,2
9484,2
9485,2
9486,2
9487,2
9488,2
9489,2
9490,2
9491,2
9492,2
9493,2
9494,2
9495,2
9496,2
9497,2
9498,2
9499,2
9500,2
9501,2
9502,2
9503,2
9504,2
9505,2
9506,2
9507,2
9508,2
9509,2
9510,2
9511,2
9512,2
9513,2
9514,2
9515,2
9516,2
9517,2
9518,2
9519,2
9520,2
9521,2
9522,2
9523,2
9524,2
9525,2
9526,2
9527,2
9528,2
9529,2
9530,2
9531,2
9532,2
9533,2
9534,2
9535,2
9536,2
9537,2
9538,2
9539,2
9540,2
9541,2
9542,2
9543,2
9544,2
9545,2
9546,2
9547,2
9548,2
9549,2
9550,2
9551,2
9552,2
9553,2
9554,2
9555,2
9556,2
9557,2
9558,2
9559,2
9560,2
9561,2
9562,2
9563,2
9564,2
9565,2
9566,2
9567,2
9568,2
9569,2
9570,2
9571,2
9572,2
9573,2
9574,2
9575,2
9576,2
9577,2
9578,2
9579,2
9580,2
9581,2
9582,2
9583,2
9584,2
9585,2
9586,2
9587,2
9588,2
9589,2
9590,2
9591,2
9592,2
9593,2
9594,2
9595,2
9596,2
9597,2
9598,2
9599,2
9600,2
9601,2
9602,2
9603,2
9604,2
9605,2
9606,2
9607,2
9608,2
9609,2
9610,2
9611,2
9612,2
9613,2
9614,2
9615,2
9616,2
9617,2
9618,2
9619,2
9620,2
9621,2
9622,2
9623,2
9624,2
9625,2
9626,2
9627,2
9628,2
9629,2
9630,2
9631,2
9632,2
9633,2
9634,2
9635,2
9636,2
9637,2
9638,2
9639,2
9640,2
9641,2
9642,2
9643,2
9644,2
9645,2
9646,2
9647,2
9648,2
9649,2
9650,2
9651,2
9652,2
9653,2
9654,2
9655,2
9656,2
9657,2
9658,2
9659,2
9660,2
9661,2
9662,2
9663,2
9664,2
9665,2
9666,2
9667,2
9668,2
9669,2
9670,2
9671,2
9672,2
9673,2
9674,2
9675,2
9676,2
9677,2
9678,2
9679,2
9680,2
9681,2
9682,2
9683,2
9684,2
9685,2
9686,2
9687,2
9688,2
9689,2
9690,2
9691,2
9692,2
9693,2
9694,2
9695,2
9696,2
9697,2
9698,2
9699,2
9700,2
9701,2
9702,2
9703,2
9704,2
9705,2
9706,2
9707,2
9708,2
9709,2
9710,2
9711,2
9712,2
9713,2
9714,2
9715,2
9716,2
9717,2
9718,2
9719,2
9720,2
9721,2
9722,2
9723,2
9724,2
9725,2
9726,2
9727,2
9728,2
9729,2
9730,2
9731,2
9732,2
9733,2
9734,2
9735,2
9736,2
9737,2
9738,2
9739,2
9740,2
9741,2
9742,2
9743,2
9744,2
9745,2
9746,2
9747,2
9748,2
9749,2
9750,2
9751,2
9752,2
9753,2
9754,2
9755,2
9756,2
9757,2
9758,2
9759,2
9760,2
9761,2
9762,2
9763,2
9764,2
9765,2
9766,2
9767,2
9768,2
9769,2
9770,2
9771,2
9772,2
9773,2
9774,2
9775,2
9776,2
9777,2
9778,2
9779,2
9780,2
9781,2
9782,2
9783,2
9784,2
9785,2
9786,2
9787,2
9788,2
9789,2
9790,2
9791,2
9792,2
9793,2
9794,2
9795,2
9796,2
9797,2
9798,2
9799,2
9800,2
9801,2
9802,2
9803,2
9804,2
9805,2
9806,2
9807,2
9808,2
9809,2
9810,2
9811,2
9812,2
9813,2
9814,2
9815,2
9816,2
9817,2
9818,2
9819,2
9820,2
9821,2
9822,2
9823,2
9824,2
9825,2
9826,2
9827,2
9828,2
9829,2
9830,2
9831,2
9832,2
9833,2
9834,2
9835,2
9836,2
9837,2
9838,2
9839,2
9840,2
9841,2
9842,2
9843,2
9844,2
9845,2
9846,2
9847,2
9848,2
9849,2
9850,2
9851,2
9852,2
9853,2
9854,2
9855,2
9856,2
9857,2
9858,2
9859,2
9860,2
9861,2
9862,2
9863,2
9864,2
9865,2
9866,2
9867,2
9868,2
9869,2
9870,2
9871,2
9872,2
9873,2
9874,2
9875,2
9876,2
9877,2
9878,2
9879,2
9880,2
9881,2
9882,2
9883,2
9884,2
9885,2
9886,2
9887,2
9888,2
9889,2
9890,2
9891,2
9892,2
9893,2
9894,2
9895,2
9896,2
9897,2
9898,2
9899,2
9900,2
9901,2
9902,2
9903,2
9904,2
9905,2
9906,2
9907,2
9908,2
9909,2
9910,2
9911,2
9912,2
9913,2
9914,2
9915,2
9916,2
9917,2
9918,2
9919,2
9920,2
9921,2
9922,2
9923,2
9924,2
9925,2
9926,2
9927,2
9928,2
9929,2
9930,2
9931,2
9932,2
9933,2
9934,2
9935,2
9936,2
9937,2
9938,2
9939,2
9940,2
9941,2
9942,2
9943,2
9944,2
9945,2
9946,2
9947,2
9948,2
9949,2
9950,2
9951,2
9952,2
9953,2
9954,2
9955,2
9956,2
9957,2
9958,2
9959,2
9960,2
9961,2
9962,2
9963,2
9964,2
9965,2
9966,2
9967,2
9968,2
9969,2
9970,2
9971,2
9972,2
9973,2
9974,2
9975,2
9976,2
9977,2
9978,2
9979,2
9980,2
9981,2
9982,2
9983,2
9984,2
9985,2
9986,2
9987,2
9988,2
9989,2
9990,2
9991,2
9992,2
9993,2
9994,2
9995,2
9996,2
9997,2
9998,2
9999,2
10000,2
10001,2
10002,2
10003,2
10004,2
10005,2
10006,2
10007,2
10008,2
10009,2
10010,2
10011,2
10012,2
10013,2
10014,2
10015,2
10016,2
10017,2
10018,2
10019,2
10020,2
10021,2
10022,2
10023,2
10024,2
10025,2
10026,2
10027,2
10028,2
10029,2
10030,2
10031,2
10032,2
10033,2
10034,2
10035,2
10036,2
10037,2
10038,2
10039,2
10040,2
10041,2
10042,2
10043,2
10044,2
10045,2
10046,2
10047,2
10048,2
10049,2
10050,2
10051,2
10052,2
10053,2
10054,2
10055,2
10056,2
10057,2
10058,2
10059,2
10060,2
10061,2
10062,2
10063,2
10064,2
10065,2
10066,2
10067,2
10068,2
10069,2
10070,2
10071,2
10072,2
10073,2
10074,2
10075,2
10076,2
10077,2
10078,2
10079,2
10080,2
10081,2
10082,2
10083,2
10084,2
10085,2
10086,2
10087,2
10088,2
10089,2
10090,2
10091,2
10092,2
10093,2
10094,2
10095,2
10096,2
10097,2
10098,2
10099,2
10100,2
10101,2
10102,2
10103,2
10104,2
10105,2
10106,2
10107,2
10108,2
10109,2
10110,2
10111,2
10112,2
10113,2
10114,2
10115,2
10116,2
10117,2
10118,2
10119,2
10120,2
10121,2
10122,2
10123,2
10124,2
10125,2
10126,2
10127,2
10128,2
10129,2
10130,2
10131,2
10132,2
10133,2
10134,2
10135,2
10136,2
10137,2
10138,2
10139,2
10140,2
10141,2
10142,2
10143,2
10144,2
10145,2
10146,2
10147,2
10148,2
10149,2
10150,2
10151,2
10152,2
10153,2
10154,2
10155,2
10156,2
10157,2
10158,2
10159,2
10160,2
10161,2
10162,2
10163,2
10164,2
10165,2
10166,2
10167,2
10168,2
10169,2
10170,2
10171,2
10172,2
10173,2
10174,2
10175,2
10176,2
10177,2
10178,2
10179,2
10180,2
10181,2
10182,2
10183,2
10184,2
10185,2
10186,2
10187,2
10188,2
10189,2
10190,2
10191,2
10192,2
10193,2
10194,2
10195,2
10196,2
10197,2
10198,2
10199,2
10200,2
10201,2
10202,2
10203,2
10204,2
10205,2
10206,2
10207,2
10208,2
10209,2
10210,2
10211,2
10212,2
10213,2
10214,2
10215,2
10216,2
10217,2
10218,2
10219,2
10220,2
10221,2
10222,2
10223,2
10224,2
10225,2
10226,2
10227,2
10228,2
10229,2
10230,2
10231,2
10232,2
10233,2
10234,2
10235,2
10236,2
10237,2
10238,2
10239,2
10240,2
10241,2
10242,2
10243,2
10244,2
10245,2
10246,2
10247,2
10248,2
10249,2
10250,2
10251,2
10252,2
10253,2
10254,2
10255,2
10256,2
10257,2
10258,2
10259,2
10260,2
10261,2
10262,2
10263,2
10264,2
10265,2
10266,2
10267,2
10268,2
10269,2
10270,2
10271,2
10272,2
10273,2
10274,2
10275,2
10276,2
10277,2
10278,2
10279,2
10280,2
10281,2
10282,2
10283,2
10284,2
10285,2
10286,2
10287,2
10288,2
10289,2
10290,2
10291,2
10292,2
10293,2
10294,2
10295,2
10296,2
10297,2
10298,2
10299,2
10300,2
10301,2
10302,2
10303,2
10304,2
10305,2
10306,2
10307,2
10308,2
10309,2
10310,2
10311,2
10312,2
10313,2
10314,2
10315,2
10316,2
10317,2
10318,2
10319,2
10320,2
10321,2
10322,2
10323,2
10324,2
10325,2
10326,2
10327,2
10328,2
10329,2
10330,2
10331,2
10332,2
10333,2
10334,2
10335,2
10336,2
10337,2
10338,2
10339,2
10340,2
10341,2
10342,2
10343,2
10344,2
10345,2
10346,2
10347,2
10348,2
10349,2
10350,2
10351,2
10352,2
10353,2
10354,2
10355,2
10356,2
10357,2
10358,2
10359,2
10360,2
10361,2
10362,2
10363,2
10364,2
10365,2
10366,2
10367,2
10368,2
10369,2
10370,2
10371,2
10372,2
10373,2
10374,2
10375,2
10376,2
10377,2
10378,2
10379,2
10380,2
10381,2
10382,2
10383,2
10384,2
10385,2
10386,2
10387,2
10388,2
10389,2
10390,2
10391,2
10392,2
10393,2
10394,2
10395,2
10396,2
10397,2
10398,2
10399,2
10400,2
10401,2
10402,2
10403,2
10404,2
10405,2
10406,2
10407,2
10408,2
10409,2
10410,2
10411,2
10412,2
10413,2
10414,2
10415,2
10416,2
10417,2
10418,2
10419,2
10420,2
10421,2
10422,2
10423,2
10424,2
10425,2
10426,2
10427,2
10428,2
10429,2
10430,2
10431,2
10432,2
10433,2
10434,2
10435,2
10436,2
10437,2
10438,2
10439,2
10440,2
10441,2
10442,2
10443,2
10444,2
10445,2
10446,2
10447,2
10448,2
10449,2
10450,2
10451,2
10452,2
10453,2
10454,2
10455,2
10456,2
10457,2
10458,2
10459,2
10460,2
10461,2
10462,2
10463,2
10464,2
10465,2
10466,2
10467,2
10468,2
10469,2
10470,2
10471,2
10472,2
10473,2
10474,2
10475,2
10476,2
10477,2
10478,2
10479,2
10480,2
10481,2
10482,2
10483,2
10484,2
10485,2
10486,2
10487,2
10488,2
10489,2
10490,2
10491,2
10492,2
10493,2
10494,2
10495,2
10496,2
10497,2
10498,2
10499,2
10500,2
10501,2
10502,2
10503,2
10504,2
10505,2
10506,2
10507,2
10508,2
10509,2
10510,2
10511,2
10512,2
10513,2
10514,2
10515,2
10516,2
10517,2
10518,2
10519,2
10520,2
10521,2
10522,2
10523,2
10524,2
10525,2
10526,2
10527,2
10528,2
10529,2
10530,2
10531,2
10532,2
10533,2
10534,2
10535,2
10536,2
10537,2
10538,2
10539,2
10540,2
10541,2
10542,2
10543,2
10544,2
10545,2
10546,2
10547,2
10548,2
10549,2
10550,2
10551,2
10552,2
10553,2
10554,2
10555,2
10556,2
10557,2
10558,2
10559,2
10560,2
10561,2
10562,2
10563,2
10564,2
10565,2
10566,2
10567,2
10568,2
10569,2
10570,2
10571,2
10572,2
10573,2
10574,2
10575,2
10576,2
10577,2
10578,2
10579,2
10580,2
10581,2
10582,2
10583,2
10584,2
10585,2
10586,2
10587,2
10588,2
10589,2
10590,2
10591,2
10592,2
10593,2
10594,2
10595,2
10596,2
10597,2
10598,2
10599,2
10600,2
10601,2
10602,2
10603,2
10604,2
10605,2
10606,2
10607,2
10608,2
10609,2
10610,2
10611,2
10612,2
10613,2
10614,2
10615,2
10616,2
10617,2
10618,2
10619,2
10620,2
10621,2
10622,2
10623,2
10624,2
10625,2
10626,2
10627,2
10628,2
10629,2
10630,2
10631,2
10632,2
10633,2
10634,2
10635,2
10636,2
10637,2
10638,2
10639,2
10640,2
10641,2
10642,2
10643,2
10644,2
10645,2
10646,2
10647,2
10648,2
10649,2
10650,2
10651,2
10652,2
10653,2
10654,2
10655,2
10656,2
10657,2
10658,2
10659,2
10660,2
10661,2
10662,2
10663,2
10664,2
10665,2
10666,2
10667,2
10668,2
10669,2
10670,2
10671,2
10672,2
10673,2
10674,2
10675,2
10676,2
10677,2
10678,2
10679,2
10680,2
10681,2
10682,2
10683,2
10684,2
10685,2
10686,2
10687,2
10688,2
10689,2
10690,2
10691,2
10692,2
10693,2
10694,2
10695,2
10696,2
10697,2
10698,2
10699,2
10700,2
10701,2
10702,2
10703,2
10704,2
10705,2
10706,2
10707,2
10708,2
10709,2
10710,2
10711,2
10712,2
10713,2
10714,2
10715,2
10716,2
10717,2
10718,2
10719,2
10720,2
10721,2
10722,2
10723,2
10724,2
10725,2
10726,2
10727,2
10728,2
10729,2
10730,2
10731,2
10732,2
10733,2
10734,2
10735,2
10736,2
10737,2
10738,2
10739,2
10740,2
10741,2
10742,2
10743,2
10744,2
10745,2
10746,2
10747,2
10748,2
10749,2
10750,2
10751,2
10752,2
10753,2
10754,2
10755,2
10756,2
10757,2
10758,2
10759,2
10760,2
10761,2
10762,2
10763,2
10764,2
10765,2
10766,2
10767,2
10768,2
10769,2
10770,2
10771,2
10772,2
10773,2
10774,2
10775,2
10776,2
10777,2
10778,2
10779,2
10780,2
10781,2
10782,2
10783,2
10784,2
10785,2
10786,2
10787,2
10788,2
10789,2
10790,2
10791,2
10792,2
10793,2
10794,2
10795,2
10796,2
10797,2
10798,2
10799,2
10800,2
10801,2
10802,2
10803,2
10804,2
10805,2
10806,2
10807,2
10808,2
10809,2
10810,2
10811,2
10812,2
10813,2
10814,2
10815,2
10816,2
10817,2
10818,2
10819,2
10820,2
10821,2
10822,2
10823,2
10824,2
10825,2
10826,2
10827,2
10828,2
10829,2
10830,2
10831,2
10832,2
10833,2
10834,2
10835,2
10836,2
10837,2
10838,2
10839,2
10840,2
10841,2
10842,2
10843,2
10844,2
10845,2
10846,2
10847,2
10848,2
10849,2
10850,2
10851,2
10852,2
10853,2
10854,2
10855,2
10856,2
10857,2
10858,2
10859,2
10860,2
10861,2
10862,2
10863,2
10864,2
10865,2
10866,2
10867,2
10868,2
10869,2
10870,2
10871,2
10872,2
10873,2
10874,2
10875,2
10876,2
10877,2
10878,2
10879,2
10880,2
10881,2
10882,2
10883,2
10884,2
10885,2
10886,2
10887,2
10888,2
10889,2
10890,2
10891,2
10892,2
10893,2
10894,2
10895,2
10896,2
10897,2
10898,2
10899,2
10900,2
10901,2
10902,2
10903,2
10904,2
10905,2
10906,2
10907,2
10908,2
10909,2
10910,2
10911,2
10912,2
10913,2
10914,2
10915,2
10916,2
10917,2
10918,2
10919,2
10920,2
10921,2
10922,2
10923,2
10924,2
10925,2
10926,2
10927,2
10928,2
10929,2
10930,2
10931,2
10932,2
10933,2
10934,2
10935,2
10936,2
10937,2
10938,2
10939,2
10940,2
10941,2
10942,2
10943,2
10944,2
10945,2
10946,2
10947,2
10948,2
10949,2
10950,2
10951,2
10952,2
10953,2
10954,2
10955,2
10956,2
10957,2
10958,2
10959,2
10960,2
10961,2
10962,2
10963,2
10964,2
10965,2
10966,2
10967,2
10968,2
10969,2
10970,2
10971,2
10972,2
10973,2
10974,2
10975,2
10976,2
10977,2
10978,2
10979,2
10980,2
10981,2
10982,2
10983,2
10984,2
10985,2
10986,2
10987,2
10988,2
10989,2
10990,2
10991,2
10992,2
10993,2
10994,2
10995,2
10996,2
10997,2
10998,2
10999,2
11000,2
11001,2
11002,2
11003,2
11004,2
11005,2
11006,2
11007,2
11008,2
11009,2
11010,2
11011,2
11012,2
11013,2
11014,2
11015,2
11016,2
11017,2
11018,2
11019,2
11020,2
11021,2
11022,2
11023,2
11024,2
11025,2
11026,2
11027,2
11028,2
11029,2
11030,2
11031,2
11032,2
11033,2
11034,2
11035,2
11036,2
11037,2
11038,2
11039,2
11040,2
11041,2
11042,2
11043,2
11044,2
11045,2
11046,2
11047,2
11048,2
11049,2
11050,2
11051,2
11052,2
11053,2
11054,2
11055,2
11056,2
11057,2
11058,2
11059,2
11060,2
11061,2
11062,2
11063,2
11064,2
11065,2
11066,2
11067,2
11068,2
11069,2
11070,2
11071,2
11072,2
11073,2
11074,2
11075,2
11076,2
11077,2
11078,2
11079,2
11080,2
11081,2
11082,2
11083,2
11084,2
11085,2
11086,2
11087,2
11088,2
11089,2
11090,2
11091,2
11092,2
11093,2
11094,2
11095,2
11096,2
11097,2
11098,2
11099,2
11100,2
11101,2
11102,2
11103,2
11104,2
11105,2
11106,2
11107,2
11108,2
11109,2
11110,2
11111,2
11112,2
11113,2
11114,2
11115,2
11116,2
11117,2
11118,2
11119,2
11120,2
11121,2
11122,2
11123,2
11124,2
11125,2
11126,2
11127,2
11128,2
11129,2
11130,2
11131,2
11132,2
11133,2
11134,2
11135,2
11136,2
11137,2
11138,2
11139,2
11140,2
11141,2
11142,2
11143,2
11144,2
11145,2
11146,2
11147,2
11148,2
11149,2
11150,2
11151,2
11152,2
11153,2
11154,2
11155,2
11156,2
11157,2
11158,2
11159,2
11160,2
11161,2
11162,2
11163,2
11164,2
11165,2
11166,2
11167,2
11168,2
11169,2
11170,2
11171,2
11172,2
11173,2
11174,2
11175,2
11176,2
11177,2
11178,2
11179,2
11180,2
11181,2
11182,2
11183,2
11184,2
11185,2
11186,2
11187,2
11188,2
11189,2
11190,2
11191,2
11192,2
11193,2
11194,2
11195,2
11196,2
11197,2
11198,2
11199,2
11200,2
11201,2
11202,2
11203,2
11204,2
11205,2
11206,2
11207,2
11208,2
11209,2
11210,2
11211,2
11212,2
11213,2
11214,2
11215,2
11216,2
11217,2
11218,2
11219,2
11220,2
11221,2
11222,2
11223,2
11224,2
11225,2
11226,2
11227,2
11228,2
11229,2
11230,2
11231,2
11232,2
11233,2
11234,2
11235,2
11236,2
11237,2
11238,2
11239,2
11240,2
11241,2
11242,2
11243,2
11244,2
11245,2
11246,2
11247,2
11248,2
11249,2
11250,2
11251,2
11252,2
11253,2
11254,2
11255,2
11256,2
11257,2
11258,2
11259,2
11260,2
11261,2
11262,2
11263,2
11264,2
11265,2
11266,2
11267,2
11268,2
11269,2
11270,2
11271,2
11272,2
11273,2
11274,2
11275,2
11276,2
11277,2
11278,2
11279,2
11280,2
11281,2
11282,2
11283,2
11284,2
11285,2
11286,2
11287,2
11288,2
11289,2
11290,2
11291,2
11292,2
11293,2
11294,2
11295,2
11296,2
11297,2
11298,2
11299,2
11300,2
11301,2
11302,2
11303,2
11304,2
11305,2
11306,2
11307,2
11308,2
11309,2
11310,2
11311,2
11312,2
11313,2
11314,2
11315,2
11316,2
11317,2
11318,2
11319,2
11320,2
11321,2
11322,2
11323,2
11324,2
11325,2
11326,2
11327,2
11328,2
11329,2
11330,2
11331,2
11332,2
11333,2
11334,2
11335,2
11336,2
11337,2
11338,2
11339,2
11340,2
11341,2
11342,2
11343,2
11344,2
11345,2
11346,2
11347,2
11348,2
11349,2
11350,2
11351,2
11352,2
11353,2
11354,2
11355,2
11356,2
11357,2
11358,2
11359,2
11360,2
11361,2
11362,2
11363,2
11364,2
11365,2
11366,2
11367,2
11368,2
11369,2
11370,2
11371,2
11372,2
11373,2
11374,2
11375,2
11376,2
11377,2
11378,2
11379,2
11380,2
11381,2
11382,2
11383,2
11384,2
11385,2
11386,2
11387,2
11388,2
11389,2
11390,2
11391,2
11392,2
11393,2
11394,2
11395,2
11396,2
11397,2
11398,2
11399,2
11400,2
11401,2
11402,2
11403,2
11404,2
11405,2
11406,2
11407,2
11408,2
11409,2
11410,2
11411,2
11412,2
11413,2
11414,2
11415,2
11416,2
11417,2
11418,2
11419,2
11420,2
11421,2
11422,2
11423,2
11424,2
11425,2
11426,2
11427,2
11428,2
11429,2
11430,2
11431,2
11432,2
11433,2
11434,2
11435,2
11436,2
11437,2
11438,2
11439,2
11440,2
11441,2
11442,2
11443,2
11444,2
11445,2
11446,2
11447,2
11448,2
11449,2
11450,2
11451,2
11452,2
11453,2
11454,2
11455,2
11456,2
11457,2
11458,2
11459,2
11460,2
11461,2
11462,2
11463,2
11464,2
11465,2
11466,2
11467,2
11468,2
11469,2
11470,2
11471,2
11472,2
11473,2
11474,2
11475,2
11476,2
11477,2
11478,2
11479,2
11480,2
11481,2
11482,2
11483,2
11484,2
11485,2
11486,2
11487,2
11488,2
11489,2
11490,2
11491,2
11492,2
11493,2
11494,2
11495,2
11496,2
11497,2
11498,2
11499,2
11500,2
11501,2
11502,2
11503,2
11504,2
11505,2
11506,2
11507,2
11508,2
11509,2
11510,2
11511,2
11512,2
11513,2
11514,2
11515,2
11516,2
11517,2
11518,2
11519,2
11520,2
11521,2
11522,2
11523,2
11524,2
11525,2
11526,2
11527,2
11528,2
11529,2
11530,2
11531,2
11532,2
11533,2
11534,2
11535,2
11536,2
11537,2
11538,2
11539,2
11540,2
11541,2
11542,2
11543,2
11544,2
11545,2
11546,2
11547,2
11548,2
11549,2
11550,2
11551,2
11552,2
11553,2
11554,2
11555,2
11556,2
11557,2
11558,2
11559,2
11560,2
11561,2
11562,2
11563,2
11564,2
11565,2
11566,2
11567,2
11568,2
11569,2
11570,2
11571,2
11572,2
11573,2
11574,2
11575,2
11576,2
11577,2
11578,2
11579,2
11580,2
11581,2
11582,2
11583,2
11584,2
11585,2
11586,2
11587,2
11588,2
11589,2
11590,2
11591,2
11592,2
11593,2
11594,2
11595,2
11596,2
11597,2
11598,2
11599,2
11600,2
11601,2
11602,2
11603,2
11604,2
11605,2
11606,2
11607,2
11608,2
11609,2
11610,2
11611,2
11612,2
11613,2
11614,2
11615,2
11616,2
11617,2
11618,2
11619,2
11620,2
11621,2
11622,2
11623,2
11624,2
11625,2
11626,2
11627,2
11628,2
11629,2
11630,2
11631,2
11632,2
11633,2
11634,2
11635,2
11636,2
11637,2
11638,2
11639,2
11640,2
11641,2
11642,2
11643,2
11644,2
11645,2
11646,2
11647,2
11648,2
11649,2
11650,2
11651,2
11652,2
11653,2
11654,2
11655,2
11656,2
11657,2
11658,2
11659,2
11660,2
11661,2
11662,2
11663,2
11664,2
11665,2
11666,2
11667,2
11668,2
11669,2
11670,2
11671,2
11672,2
11673,2
11674,2
11675,2
11676,2
11677,2
11678,2
11679,2
11680,2
11681,2
11682,2
11683,2
11684,2
11685,2
11686,2
11687,2
11688,2
11689,2
11690,2
11691,2
11692,2
11693,2
11694,2
11695,2
11696,2
11697,2
11698,2
11699,2
11700,2
11701,2
11702,2
11703,2
11704,2
11705,2
11706,2
11707,2
11708,2
11709,2
11710,2
11711,2
11712,2
11713,2
11714,2
11715,2
11716,2
11717,2
11718,2
11719,2
11720,2
11721,2
11722,2
11723,2
11724,2
11725,2
11726,2
11727,2
11728,2
11729,2
11730,2
11731,2
11732,2
11733,2
11734,2
11735,2
11736,2
11737,2
11738,2
11739,2
11740,2
11741,2
11742,2
11743,2
11744,2
11745,2
11746,2
11747,2
11748,2
11749,2
11750,2
11751,2
11752,2
11753,2
11754,2
11755,2
11756,2
11757,2
11758,2
11759,2
11760,2
11761,2
11762,2
11763,2
11764,2
11765,2
11766,2
11767,2
11768,2
11769,2
11770,2
11771,2
11772,2
11773,2
11774,2
11775,2
11776,2
11777,2
11778,2
11779,2
11780,2
11781,2
11782,2
11783,2
11784,2
11785,2
11786,2
11787,2
11788,2
11789,2
11790,2
11791,2
11792,2
11793,2
11794,2
11795,2
11796,2
11797,2
11798,2
11799,2
11800,2
11801,2
11802,2
11803,2
11804,2
11805,2
11806,2
11807,2
11808,2
11809,2
11810,2
11811,2
11812,2
11813,2
11814,2
11815,2
11816,2
11817,2
11818,2
11819,2
11820,2
11821,2
11822,2
11823,2
11824,2
11825,2
11826,2
11827,2
11828,2
11829,2
11830,2
11831,2
11832,2
11833,2
11834,2
11835,2
11836,2
11837,2
11838,2
11839,2
11840,2
11841,2
11842,2
11843,2
11844,2
11845,2
11846,2
11847,2
11848,2
11849,2
11850,2
11851,2
11852,2
11853,2
11854,2
11855,2
11856,2
11857,2
11858,2
11859,2
11860,2
11861,2
11862,2
11863,2
11864,2
11865,2
11866,2
11867,2
11868,2
11869,2
11870,2
11871,2
11872,2
11873,2
11874,2
11875,2
11876,2
11877,2
11878,2
11879,2
11880,2
11881,2
11882,2
11883,2
11884,2
11885,2
11886,2
11887,2
11888,2
11889,2
11890,2
11891,2
11892,2
11893,2
11894,2
11895,2
11896,2
11897,2
11898,2
11899,2
11900,2
11901,2
11902,2
11903,2
11904,2
11905,2
11906,2
11907,2
11908,2
11909,2
11910,2
11911,2
11912,2
11913,2
11914,2
11915,2
11916,2
11917,2
11918,2
11919,2
11920,2
11921,2
11922,2
11923,2
11924,2
11925,2
11926,2
11927,2
11928,2
11929,2
11930,2
11931,2
11932,2
11933,2
11934,2
11935,2
11936,2
11937,2
11938,2
11939,2
11940,2
11941,2
11942,2
11943,2
11944,2
11945,2
11946,2
11947,2
11948,2
11949,2
11950,2
11951,2
11952,2
11953,2
11954,2
11955,2
11956,2
11957,2
11958,2
11959,2
11960,2
11961,2
11962,2
11963,2
11964,2
11965,2
11966,2
11967,2
11968,2
11969,2
11970,2
11971,2
11972,2
11973,2
11974,2
11975,2
11976,2
11977,2
11978,2
11979,2
11980,2
11981,2
11982,2
11983,2
11984,2
11985,2
11986,2
11987,2
11988,2
11989,2
11990,2
11991,2
11992,2
11993,2
11994,2
11995,2
11996,2
11997,2
11998,2
11999,2
12000,2
12001,2
12002,2
12003,2
12004,2
12005,2
12006,2
12007,2
12008,2
12009,2
12010,2
12011,2
12012,2
12013,2
12014,2
12015,2
12016,2
12017,2
12018,2
12019,2
12020,2
12021,2
12022,2
12023,2
12024,2
12025,2
12026,2
12027,2
12028,2
12029,2
12030,2
12031,2
12032,2
12033,2
12034,2
12035,2
12036,2
12037,2
12038,2
12039,2
12040,2
12041,2
12042,2
12043,2
12044,2
12045,2
12046,2
12047,2
12048,2
12049,2
12050,2
12051,2
12052,2
12053,2
12054,2
12055,2
12056,2
12057,2
12058,2
12059,2
12060,2
12061,2
12062,2
12063,2
12064,2
12065,2
12066,2
12067,2
12068,2
12069,2
12070,2
12071,2
12072,2
12073,2
12074,2
12075,2
12076,2
12077,2
12078,2
12079,2
12080,2
12081,2
12082,2
12083,2
12084,2
12085,2
12086,2
12087,2
12088,2
12089,2
12090,2
12091,2
12092,2
12093,2
12094,2
12095,2
12096,2
12097,2
12098,2
12099,2
12100,2
12101,2
12102,2
12103,2
12104,2
12105,2
12106,2
12107,2
12108,2
12109,2
12110,2
12111,2
12112,2
12113,2
12114,2
12115,2
12116,2
12117,2
12118,2
12119,2
12120,2
12121,2
12122,2
12123,2
12124,2
12125,2
12126,2
12127,2
12128,2
12129,2
12130,2
12131,2
12132,2
12133,2
12134,2
12135,2
12136,2
12137,2
12138,2
12139,2
12140,2
12141,2
12142,2
12143,2
12144,2
12145,2
12146,2
12147,2
12148,2
12149,2
12150,2
12151,2
12152,2
12153,2
12154,2
12155,2
12156,2
12157,2
12158,2
12159,2
12160,2
12161,2
12162,2
12163,2
12164,2
12165,2
12166,2
12167,2
12168,2
12169,2
12170,2
12171,2
12172,2
12173,2
12174,2
12175,2
12176,2
12177,2
12178,2
12179,2
12180,2
12181,2
12182,2
12183,2
12184,2
12185,2
12186,2
12187,2
12188,2
12189,2
12190,2
12191,2
12192,2
12193,2
12194,2
12195,2
12196,2
12197,2
12198,2
12199,2
12200,2
12201,2
12202,2
12203,2
12204,2
12205,2
12206,2
12207,2
12208,2
12209,2
12210,2
12211,2
12212,2
12213,2
12214,2
12215,2
12216,2
12217,2
12218,2
12219,2
12220,2
12221,2
12222,2
12223,2
12224,2
12225,2
12226,2
12227,2
12228,2
12229,2
12230,2
12231,2
12232,2
12233,2
12234,2
12235,2
12236,2
12237,2
12238,2
12239,2
12240,2
12241,2
12242,2
12243,2
12244,2
12245,2
12246,2
12247,2
12248,2
12249,2
12250,2
12251,2
12252,2
12253,2
12254,2
12255,2
12256,2
12257,2
12258,2
12259,2
12260,2
12261,2
12262,2
12263,2
12264,2
12265,2
12266,2
12267,2
12268,2
12269,2
12270,2
12271,2
12272,2
12273,2
12274,2
12275,2
12276,2
12277,2
12278,2
12279,2
12280,2
12281,2
12282,2
12283,2
12284,2
12285,2
12286,2
12287,2
12288,2
12289,2
12290,2
12291,2
12292,2
12293,2
12294,2
12295,2
12296,2
12297,2
12298,2
12299,2
12300,2
12301,2
12302,2
12303,2
12304,2
12305,2
12306,2
12307,2
12308,2
12309,2
12310,2
12311,2
12312,2
12313,2
12314,2
12315,2
12316,2
12317,2
12318,2
12319,2
12320,2
12321,2
12322,2
12323,2
12324,2
12325,2
12326,2
12327,2
12328,2
12329,2
12330,2
12331,2
12332,2
12333,2
12334,2
12335,2
12336,2
12337,2
12338,2
12339,2
12340,2
12341,2
12342,2
12343,2
12344,2
12345,2
12346,2
12347,2
12348,2
12349,2
12350,2
12351,2
12352,2
12353,2
12354,2
12355,2
12356,2
12357,2
12358,2
12359,2
12360,2
12361,2
12362,2
12363,2
12364,2
12365,2
12366,2
12367,2
12368,2
12369,2
12370,2
12371,2
12372,2
12373,2
12374,2
12375,2
12376,2
12377,2
12378,2
12379,2
12380,2
12381,2
12382,2
12383,2
12384,2
12385,2
12386,2
12387,2
12388,2
12389,2
12390,2
12391,2
12392,2
12393,2
12394,2
12395,2
12396,2
12397,2
12398,2
12399,2
12400,2
12401,2
12402,2
12403,2
12404,2
12405,2
12406,2
12407,2
12408,2
12409,2
12410,2
12411,2
12412,2
12413,2
12414,2
12415,2
12416,2
12417,2
12418,2
12419,2
12420,2
12421,2
12422,2
12423,2
12424,2
12425,2
12426,2
12427,2
12428,2
12429,2
12430,2
12431,2
12432,2
12433,2
12434,2
12435,2
12436,2
12437,2
12438,2
12439,2
12440,2
12441,2
12442,2
12443,2
12444,2
12445,2
12446,2
12447,2
12448,2
12449,2
12450,2
12451,2
12452,2
12453,2
12454,2
12455,2
12456,2
12457,2
12458,2
12459,2
12460,2
12461,2
12462,2
12463,2
12464,2
12465,2
12466,2
12467,2
12468,2
12469,2
12470,2
12471,2
12472,2
12473,2
12474,2
12475,2
12476,2
12477,2
12478,2
12479,2
12480,2
12481,2
12482,2
12483,2
12484,2
12485,2
12486,2
12487,2
12488,2
12489,2
12490,2
12491,2
12492,2
12493,2
12494,2
12495,2
12496,2
12497,2
12498,2
12499,2
12500,2
12501,2
12502,2
12503,2
12504,2
12505,2
12506,2
12507,2
12508,2
12509,2
12510,2
12511,2
12512,2
12513,2
12514,2
12515,2
12516,2
12517,2
12518,2
12519,2
12520,2
12521,2
12522,2
12523,2
12524,2
12525,2
12526,2
12527,2
12528,2
12529,2
12530,2
12531,2
12532,2
12533,2
12534,2
12535,2
12536,2
12537,2
12538,2
12539,2
12540,2
12541,2
12542,2
12543,2
12544,2
12545,2
12546,2
12547,2
12548,2
12549,2
12550,2
12551,2
12552,2
12553,2
12554,2
12555,2
12556,2
12557,2
12558,2
12559,2
12560,2
12561,2
12562,2
12563,2
12564,2
12565,2
12566,2
12567,2
12568,2
12569,2
12570,2
12571,2
12572,2
12573,2
12574,2
12575,2
12576,2
12577,2
12578,2
12579,2
12580,2
12581,2
12582,2
12583,2
12584,2
12585,2
12586,2
12587,2
12588,2
12589,2
12590,2
12591,2
12592,2
12593,2
12594,2
12595,2
12596,2
12597,2
12598,2
12599,2
12600,2
12601,2
12602,2
12603,2
12604,2
12605,2
12606,2
12607,2
12608,2
12609,2
12610,2
12611,2
12612,2
12613,2
12614,2
12615,2
12616,2
12617,2
12618,2
12619,2
12620,2
12621,2
12622,2
12623,2
12624,2
12625,2
12626,2
12627,2
12628,2
12629,2
12630,2
12631,2
12632,2
12633,2
12634,2
12635,2
12636,2
12637,2
12638,2
12639,2
12640,2
12641,2
12642,2
12643,2
12644,2
12645,2
12646,2
12647,2
12648,2
12649,2
12650,2
12651,2
12652,2
12653,2
12654,2
12655,2
12656,2
12657,2
12658,2
12659,2
12660,2
12661,2
12662,2
12663,2
12664,2
12665,2
12666,2
12667,2
12668,2
12669,2
12670,2
12671,2
12672,2
12673,2
12674,2
12675,2
12676,2
12677,2
12678,2
12679,2
12680,2
12681,2
12682,2
12683,2
12684,2
12685,2
12686,2
12687,2
12688,2
12689,2
12690,2
12691,2
12692,2
12693,2
12694,2
12695,2
12696,2
12697,2
12698,2
12699,2
12700,2
12701,2
12702,2
12703,2
12704,2
12705,2
12706,2
12707,2
12708,2
12709,2
12710,2
12711,2
12712,2
12713,2
12714,2
12715,2
12716,2
12717,2
12718,2
12719,2
12720,2
12721,2
12722,2
12723,2
12724,2
12725,2
12726,2
12727,2
12728,2
12729,2
12730,2
12731,2
12732,2
12733,2
12734,2
12735,2
12736,2
12737,2
12738,2
12739,2
12740,2
12741,2
12742,2
12743,2
12744,2
12745,2
12746,2
12747,2
12748,2
12749,2
12750,2
12751,2
12752,2
12753,2
12754,2
12755,2
12756,2
12757,2
12758,2
12759,2
12760,2
12761,2
12762,2
12763,2
12764,2
12765,2
12766,2
12767,2
12768,2
12769,2
12770,2
12771,2
12772,2
12773,2
12774,2
12775,2
12776,2
12777,2
12778,2
12779,2
12780,2
12781,2
12782,2
12783,2
12784,2
12785,2
12786,2
12787,2
12788,2
12789,2
12790,2
12791,2
12792,2
12793,2
12794,2
12795,2
12796,2
12797,2
12798,2
12799,2
12800,2
12801,2
12802,2
12803,2
12804,2
12805,2
12806,2
12807,2
12808,2
12809,2
12810,2
12811,2
12812,2
12813,2
12814,2
12815,2
12816,2
12817,2
12818,2
12819,2
12820,2
12821,2
12822,2
12823,2
12824,2
12825,2
12826,2
12827,2
12828,2
12829,2
12830,2
12831,2
12832,2
12833,2
12834,2
12835,2
12836,2
12837,2
12838,2
12839,2
12840,2
12841,2
12842,2
12843,2
12844,2
12845,2
12846,2
12847,2
12848,2
12849,2
12850,2
12851,2
12852,2
12853,2
12854,2
12855,2
12856,2
12857,2
12858,2
12859,2
12860,2
12861,2
12862,2
12863,2
12864,2
12865,2
12866,2
12867,2
12868,2
12869,2
12870,2
12871,2
12872,2
12873,2
12874,2
12875,2
12876,2
12877,2
12878,2
12879,2
12880,2
12881,2
12882,2
12883,2
12884,2
12885,2
12886,2
12887,2
12888,2
12889,2
12890,2
12891,2
12892,2
12893,2
12894,2
12895,2
12896,2
12897,2
12898,2
12899,2
12900,2
12901,2
12902,2
12903,2
12904,2
12905,2
12906,2
12907,2
12908,2
12909,2
12910,2
12911,2
12912,2
12913,2
12914,2
12915,2
12916,2
12917,2
12918,2
12919,2
12920,2
12921,2
12922,2
12923,2
12924,2
12925,2
12926,2
12927,2
12928,2
12929,2
12930,2
12931,2
12932,2
12933,2
12934,2
12935,2
12936,2
12937,2
12938,2
12939,2
12940,2
12941,2
12942,2
12943,2
12944,2
12945,2
12946,2
12947,2
12948,2
12949,2
12950,2
12951,2
12952,2
12953,2
12954,2
12955,2
12956,2
12957,2
12958,2
12959,2
12960,2
12961,2
12962,2
12963,2
12964,2
12965,2
12966,2
12967,2
12968,2
12969,2
12970,2
12971,2
12972,2
12973,2
12974,2
12975,2
12976,2
12977,2
12978,2
12979,2
12980,2
12981,2
12982,2
12983,2
12984,2
12985,2
12986,2
12987,2
12988,2
12989,2
12990,2
12991,2
12992,2
12993,2
12994,2
12995,2
12996,2
12997,2
12998,2
12999,2
13000,2
13001,2
13002,2
13003,2
13004,2
13005,2
13006,2
13007,2
13008,2
13009,2
13010,2
13011,2
13012,2
13013,2
13014,2
13015,2
13016,2
13017,2
13018,2
13019,2
13020,2
13021,2
13022,2
13023,2
13024,2
13025,2
13026,2
13027,2
13028,2
13029,2
13030,2
13031,2
13032,2
13033,2
13034,2
13035,2
13036,2
13037,2
13038,2
13039,2
13040,2
13041,2
13042,2
13043,2
13044,2
13045,2
13046,2
13047,2
13048,2
13049,2
13050,2
13051,2
13052,2
13053,2
13054,2
13055,2
13056,2
13057,2
13058,2
13059,2
13060,2
13061,2
13062,2
13063,2
13064,2
13065,2
13066,2
13067,2
13068,2
13069,2
13070,2
13071,2
13072,2
13073,2
13074,2
13075,2
13076,2
13077,2
13078,2
13079,2
13080,2
13081,2
13082,2
13083,2
13084,2
13085,2
13086,2
13087,2
13088,2
13089,2
13090,2
13091,2
13092,2
13093,2
13094,2
13095,2
13096,2
13097,2
13098,2
13099,2
13100,2
13101,2
13102,2
13103,2
13104,2
13105,2
13106,2
13107,2
13108,2
13109,2
13110,2
13111,2
13112,2
13113,2
13114,2
13115,2
13116,2
13117,2
13118,2
13119,2
13120,2
13121,2
13122,2
13123,2
13124,2
13125,2
13126,2
13127,2
13128,2
13129,2
13130,2
13131,2
13132,2
13133,2
13134,2
13135,2
13136,2
13137,2
13138,2
13139,2
13140,2
13141,2
13142,2
13143,2
13144,2
13145,2
13146,2
13147,2
13148,2
13149,2
13150,2
13151,2
13152,2
13153,2
13154,2
13155,2
13156,2
13157,2
13158,2
13159,2
13160,2
13161,2
13162,2
13163,2
13164,2
13165,2
13166,2
13167,2
13168,2
13169,2
13170,2
13171,2
13172,2
13173,2
13174,2
13175,2
13176,2
13177,2
13178,2
13179,2
13180,2
13181,2
13182,2
13183,2
13184,2
13185,2
13186,2
13187,2
13188,2
13189,2
13190,2
13191,2
13192,2
13193,2
13194,2
13195,2
13196,2
13197,2
13198,2
13199,2
13200,2
13201,2
13202,2
13203,2
13204,2
13205,2
13206,2
13207,2
13208,2
13209,2
13210,2
13211,2
13212,2
13213,2
13214,2
13215,2
13216,2
13217,2
13218,2
13219,2
13220,2
13221,2
13222,2
13223,2
13224,2
13225,2
13226,2
13227,2
13228,2
13229,2
13230,2
13231,2
13232,2
13233,2
13234,2
13235,2
13236,2
13237,2
13238,2
13239,2
13240,2
13241,2
13242,2
13243,2
13244,2
13245,2
13246,2
13247,2
13248,2
13249,2
13250,2
13251,2
13252,2
13253,2
13254,2
13255,2
13256,2
13257,2
13258,2
13259,2
13260,2
13261,2
13262,2
13263,2
13264,2
13265,2
13266,2
13267,2
13268,2
13269,2
13270,2
13271,2
13272,2
13273,2
13274,2
13275,2
13276,2
13277,2
13278,2
13279,2
13280,2
13281,2
13282,2
13283,2
13284,2
13285,2
13286,2
13287,2
13288,2
13289,2
13290,2
13291,2
13292,2
13293,2
13294,2
13295,2
13296,2
13297,2
13298,2
13299,2
13300,2
13301,2
13302,2
13303,2
13304,2
13305,2
13306,2
13307,2
13308,2
13309,2
13310,2
13311,2
13312,2
13313,2
13314,2
13315,2
13316,2
13317,2
13318,2
13319,2
13320,2
13321,2
13322,2
13323,2
13324,2
13325,2
13326,2
13327,2
13328,2
13329,2
13330,2
13331,2
13332,2
13333,2
13334,2
13335,2
13336,2
13337,2
13338,2
13339,2
13340,2
13341,2
13342,2
13343,2
13344,2
13345,2
13346,2
13347,2
13348,2
13349,2
13350,2
13351,2
13352,2
13353,2
13354,2
13355,2
13356,2
13357,2
13358,2
13359,2
13360,2
13361,2
13362,2
13363,2
13364,2
13365,2
13366,2
13367,2
13368,2
13369,2
13370,2
13371,2
13372,2
13373,2
13374,2
13375,2
13376,2
13377,2
13378,2
13379,2
13380,2
13381,2
13382,2
13383,2
13384,2
13385,2
13386,2
13387,2
13388,2
13389,2
13390,2
13391,2
13392,2
13393,2
13394,2
13395,2
13396,2
13397,2
13398,2
13399,2
13400,2
13401,2
13402,2
13403,2
13404,2
13405,2
13406,2
13407,2
13408,2
13409,2
13410,2
13411,2
13412,2
13413,2
13414,2
13415,2
13416,2
13417,2
13418,2
13419,2
13420,2
13421,2
13422,2
13423,2
13424,2
13425,2
13426,2
13427,2
13428,2
13429,2
13430,2
13431,2
13432,2
13433,2
13434,2
13435,2
13436,2
13437,2
13438,2
13439,2
13440,2
13441,2
13442,2
13443,2
13444,2
13445,2
13446,2
13447,2
13448,2
13449,2
13450,2
13451,2
13452,2
13453,2
13454,2
13455,2
13456,2
13457,2
13458,2
13459,2
13460,2
13461,2
13462,2
13463,2
13464,2
13465,2
13466,2
13467,2
13468,2
13469,2
13470,2
13471,2
13472,2
13473,2
13474,2
13475,2
13476,2
13477,2
13478,2
13479,2
13480,2
13481,2
13482,2
13483,2
13484,2
13485,2
13486,2
13487,2
13488,2
13489,2
13490,2
13491,2
13492,2
13493,2
13494,2
13495,2
13496,2
13497,2
13498,2
13499,2
13500,2
13501,2
13502,2
13503,2
13504,2
13505,2
13506,2
13507,2
13508,2
13509,2
13510,2
13511,2
13512,2
13513,2
13514,2
13515,2
13516,2
13517,2
13518,2
13519,2
13520,2
13521,2
13522,2
13523,2
13524,2
13525,2
13526,2
13527,2
13528,2
13529,2
13530,2
13531,2
13532,2
13533,2
13534,2
13535,2
13536,2
13537,2
13538,2
13539,2
13540,2
13541,2
13542,2
13543,2
13544,2
13545,2
13546,2
13547,2
13548,2
13549,2
13550,2
13551,2
13552,2
13553,2
13554,2
13555,2
13556,2
13557,2
13558,2
13559,2
13560,2
13561,2
13562,2
13563,2
13564,2
13565,2
13566,2
13567,2
13568,2
13569,2
13570,2
13571,2
13572,2
13573,2
13574,2
13575,2
13576,2
13577,2
13578,2
13579,2
13580,2
13581,2
13582,2
13583,2
13584,2
13585,2
13586,2
13587,2
13588,2
13589,2
13590,2
13591,2
13592,2
13593,2
13594,2
13595,2
13596,2
13597,2
13598,2
13599,2
13600,2
13601,2
13602,2
13603,2
13604,2
13605,2
13606,2
13607,2
13608,2
13609,2
13610,2
13611,2
13612,2
13613,2
13614,2
13615,2
13616,2
13617,2
13618,2
13619,2
13620,2
13621,2
13622,2
13623,2
13624,2
13625,2
13626,2
13627,2
13628,2
13629,2
13630,2
13631,2
13632,2
13633,2
13634,2
13635,2
13636,2
13637,2
13638,2
13639,2
13640,2
13641,2
13642,2
13643,2
13644,2
13645,2
13646,2
13647,2
13648,2
13649,2
13650,2
13651,2
13652,2
13653,2
13654,2
13655,2
13656,2
13657,2
13658,2
13659,2
13660,2
13661,2
13662,2
13663,2
13664,2
13665,2
13666,2
13667,2
13668,2
13669,2
13670,2
13671,2
13672,2
13673,2
13674,2
13675,2
13676,2
13677,2
13678,2
13679,2
13680,2
13681,2
13682,2
13683,2
13684,2
13685,2
13686,2
13687,2
13688,2
13689,2
13690,2
13691,2
13692,2
13693,2
13694,2
13695,2
13696,2
13697,2
13698,2
13699,2
13700,2
13701,2
13702,2
13703,2
13704,2
13705,2
13706,2
13707,2
13708,2
13709,2
13710,2
13711,2
13712,2
13713,2
13714,2
13715,2
13716,2
13717,2
13718,2
13719,2
13720,2
13721,2
13722,2
13723,2
13724,2
13725,2
13726,2
13727,2
13728,2
13729,2
13730,2
13731,2
13732,2
13733,2
13734,2
13735,2
13736,2
13737,2
13738,2
13739,2
13740,2
13741,2
13742,2
13743,2
13744,2
13745,2
13746,2
13747,2
13748,2
13749,2
13750,2
13751,2
13752,2
13753,2
13754,2
13755,2
13756,2
13757,2
13758,2
13759,2
13760,2
13761,2
13762,2
13763,2
13764,2
13765,2
13766,2
13767,2
13768,2
13769,2
13770,2
13771,2
13772,2
13773,2
13774,2
13775,2
13776,2
13777,2
13778,2
13779,2
13780,2
13781,2
13782,2
13783,2
13784,2
13785,2
13786,2
13787,2
13788,2
13789,2
13790,2
13791,2
13792,2
13793,2
13794,2
13795,2
13796,2
13797,2
13798,2
13799,2
13800,2
13801,2
13802,2
13803,2
13804,2
13805,2
13806,2
13807,2
13808,2
13809,2
13810,2
13811,2
13812,2
13813,2
13814,2
13815,2
13816,2
13817,2
13818,2
13819,2
13820,2
13821,2
13822,2
13823,2
13824,2
13825,2
13826,2
13827,2
13828,2
13829,2
13830,2
13831,2
13832,2
13833,2
13834,2
13835,2
13836,2
13837,2
13838,2
13839,2
13840,2
13841,2
13842,2
13843,2
13844,2
13845,2
13846,2
13847,2
13848,2
13849,2
13850,2
13851,2
13852,2
13853,2
13854,2
13855,2
13856,2
13857,2
13858,2
13859,2
13860,2
13861,2
13862,2
13863,2
13864,2
13865,2
13866,2
13867,2
13868,2
13869,2
13870,2
13871,2
13872,2
13873,2
13874,2
13875,2
13876,2
13877,2
13878,2
13879,2
13880,2
13881,2
13882,2
13883,2
13884,2
13885,2
13886,2
13887,2
13888,2
13889,2
13890,2
13891,2
13892,2
13893,2
13894,2
13895,2
13896,2
13897,2
13898,2
13899,2
13900,2
13901,2
13902,2
13903,2
13904,2
13905,2
13906,2
13907,2
13908,2
13909,2
13910,2
13911,2
13912,2
13913,2
13914,2
13915,2
13916,2
13917,2
13918,2
13919,2
13920,2
13921,2
13922,2
13923,2
13924,2
13925,2
13926,2
13927,2
13928,2
13929,2
13930,2
13931,2
13932,2
13933,2
13934,2
13935,2
13936,2
13937,2
13938,2
13939,2
13940,2
13941,2
13942,2
13943,2
13944,2
13945,2
13946,2
13947,2
13948,2
13949,2
13950,2
13951,2
13952,2
13953,2
13954,2
13955,2
13956,2
13957,2
13958,2
13959,2
13960,2
13961,2
13962,2
13963,2
13964,2
13965,2
13966,2
13967,2
13968,2
13969,2
13970,2
13971,2
13972,2
13973,2
13974,2
13975,2
13976,2
13977,2
13978,2
13979,2
13980,2
13981,2
13982,2
13983,2
13984,2
13985,2
13986,2
13987,2
13988,2
13989,2
13990,2
13991,2
13992,2
13993,2
13994,2
13995,2
13996,2
13997,2
13998,2
13999,2
14000,2
14001,2
14002,2
14003,2
14004,2
14005,2
14006,2
14007,2
14008,2
14009,2
14010,2
14011,2
14012,2
14013,2
14014,2
14015,2
14016,2
14017,2
14018,2
14019,2
14020,2
14021,2
14022,2
14023,2
14024,2
14025,2
14026,2
14027,2
14028,2
14029,2
14030,2
14031,2
14032,2
14033,2
14034,2
14035,2
14036,2
14037,2
14038,2
14039,2
14040,2
14041,2
14042,2
14043,2
14044,2
14045,2
14046,2
14047,2
14048,2
14049,2
14050,2
14051,2
14052,2
14053,2
14054,2
14055,2
14056,2
14057,2
14058,2
14059,2
14060,2
14061,2
14062,2
14063,2
14064,2
14065,2
14066,2
14067,2
14068,2
14069,2
14070,2
14071,2
14072,2
14073,2
14074,2
14075,2
14076,2
14077,2
14078,2
14079,2
14080,2
14081,2
14082,2
14083,2
14084,2
14085,2
14086,2
14087,2
14088,2
14089,2
14090,2
14091,2
14092,2
14093,2
14094,2
14095,2
14096,2
14097,2
14098,2
14099,2
14100,2
14101,2
14102,2
14103,2
14104,2
14105,2
14106,2
14107,2
14108,2
14109,2
14110,2
14111,2
14112,2
14113,2
14114,2
14115,2
14116,2
14117,2
14118,2
14119,2
14120,2
14121,2
14122,2
14123,2
14124,2
14125,2
14126,2
14127,2
14128,2
14129,2
14130,2
14131,2
14132,2
14133,2
14134,2
14135,2
14136,2
14137,2
14138,2
14139,2
14140,2
14141,2
14142,2
14143,2
14144,2
14145,2
14146,2
14147,2
14148,2
14149,2
14150,2
14151,2
14152,2
14153,2
14154,2
14155,2
14156,2
14157,2
14158,2
14159,2
14160,2
14161,2
14162,2
14163,2
14164,2
14165,2
14166,2
14167,2
14168,2
14169,2
14170,2
14171,2
14172,2
14173,2
14174,2
14175,2
14176,2
14177,2
14178,2
14179,2
14180,2
14181,2
14182,2
14183,2
14184,2
14185,2
14186,2
14187,2
14188,2
14189,2
14190,2
14191,2
14192,2
14193,2
14194,2
14195,2
14196,2
14197,2
14198,2
14199,2
14200,2
14201,2
14202,2
14203,2
14204,2
14205,2
14206,2
14207,2
14208,2
14209,2
14210,2
14211,2
14212,2
14213,2
14214,2
14215,2
14216,2
14217,2
14218,2
14219,2
14220,2
14221,2
14222,2
14223,2
14224,2
14225,2
14226,2
14227,2
14228,2
14229,2
14230,2
14231,2
14232,2
14233,2
14234,2
14235,2
14236,2
14237,2
14238,2
14239,2
14240,2
14241,2
14242,2
14243,2
14244,2
14245,2
14246,2
14247,2
14248,2
14249,2
14250,2
14251,2
14252,2
14253,2
14254,2
14255,2
14256,2
14257,2
14258,2
14259,2
14260,2
14261,2
14262,2
14263,2
14264,2
14265,2
14266,2
14267,2
14268,2
14269,2
14270,2
14271,2
14272,2
14273,2
14274,2
14275,2
14276,2
14277,2
14278,2
14279,2
14280,2
14281,2
14282,2
14283,2
14284,2
14285,2
14286,2
14287,2
14288,2
14289,2
14290,2
14291,2
14292,2
14293,2
14294,2
14295,2
14296,2
14297,2
14298,2
14299,2
14300,2
14301,2
14302,2
14303,2
14304,2
14305,2
14306,2
14307,2
14308,2
14309,2
14310,2
14311,2
14312,2
14313,2
14314,2
14315,2
14316,2
14317,2
14318,2
14319,2
14320,2
14321,2
14322,2
14323,2
14324,2
14325,2
14326,2
14327,2
14328,2
14329,2
14330,2
14331,2
14332,2
14333,2
14334,2
14335,2
14336,2
14337,2
14338,2
14339,2
14340,2
14341,2
14342,2
14343,2
14344,2
14345,2
14346,2
14347,2
14348,2
14349,2
14350,2
14351,2
14352,2
14353,2
14354,2
14355,2
14356,2
14357,2
14358,2
14359,2
14360,2
14361,2
14362,2
14363,2
14364,2
14365,2
14366,2
14367,2
14368,2
14369,2
14370,2
14371,2
14372,2
14373,2
14374,2
14375,2
14376,2
14377,2
14378,2
14379,2
14380,2
14381,2
14382,2
14383,2
14384,2
14385,2
14386,2
14387,2
14388,2
14389,2
14390,2
14391,2
14392,2
14393,2
14394,2
14395,2
14396,2
14397,2
14398,2
14399,2
14400,2
14401,2
14402,2
14403,2
14404,2
14405,2
14406,2
14407,2
14408,2
14409,2
14410,2
14411,2
14412,2
14413,2
14414,2
14415,2
14416,2
14417,2
14418,2
14419,2
14420,2
14421,2
14422,2
14423,2
14424,2
14425,2
14426,2
14427,2
14428,2
14429,2
14430,2
14431,2
14432,2
14433,2
14434,2
14435,2
14436,2
14437,2
14438,2
14439,2
14440,2
14441,2
14442,2
14443,2
14444,2
14445,2
14446,2
14447,2
14448,2
14449,2
14450,2
14451,2
14452,2
14453,2
14454,2
14455,2
14456,2
14457,2
14458,2
14459,2
14460,2
14461,2
14462,2
14463,2
14464,2
14465,2
14466,2
14467,2
14468,2
14469,2
14470,2
14471,2
14472,2
14473,2
14474,2
14475,2
14476,2
14477,2
14478,2
14479,2
14480,2
14481,2
14482,2
14483,2
14484,2
14485,2
14486,2
14487,2
14488,2
14489,2
14490,2
14491,2
14492,2
14493,2
14494,2
14495,2
14496,2
14497,2
14498,2
14499,2
14500,2
14501,2
14502,2
14503,2
14504,2
14505,2
14506,2
14507,2
14508,2
14509,2
14510,2
14511,2
14512,2
14513,2
14514,2
14515,2
14516,2
14517,2
14518,2
14519,2
14520,2
14521,2
14522,2
14523,2
14524,2
14525,2
14526,2
14527,2
14528,2
14529,2
14530,2
14531,2
14532,2
14533,2
14534,2
14535,2
14536,2
14537,2
14538,2
14539,2
14540,2
14541,2
14542,2
14543,2
14544,2
14545,2
14546,2
14547,2
14548,2
14549,2
14550,2
14551,2
14552,2
14553,2
14554,2
14555,2
14556,2
14557,2
14558,2
14559,2
14560,2
14561,2
14562,2
14563,2
14564,2
14565,2
14566,2
14567,2
14568,2
14569,2
14570,2
14571,2
14572,2
14573,2
14574,2
14575,2
14576,2
14577,2
14578,2
14579,2
14580,2
14581,2
14582,2
14583,2
14584,2
14585,2
14586,2
14587,2
14588,2
14589,2
14590,2
14591,2
14592,2
14593,2
14594,2
14595,2
14596,2
14597,2
14598,2
14599,2
14600,2
14601,2
14602,2
14603,2
14604,2
14605,2
14606,2
14607,2
14608,2
14609,2
14610,2
14611,2
14612,2
14613,2
14614,2
14615,2
14616,2
14617,2
14618,2
14619,2
14620,2
14621,2
14622,2
14623,2
14624,2
14625,2
14626,2
14627,2
14628,2
14629,2
14630,2
14631,2
14632,2
14633,2
14634,2
14635,2
14636,2
14637,2
14638,2
14639,2
14640,2
14641,2
14642,2
14643,2
14644,2
14645,2
14646,2
14647,2
14648,2
14649,2
14650,2
14651,2
14652,2
14653,2
14654,2
14655,2
14656,2
14657,2
14658,2
14659,2
14660,2
14661,2
14662,2
14663,2
14664,2
14665,2
14666,2
14667,2
14668,2
14669,2
14670,2
14671,2
14672,2
14673,2
14674,2
14675,2
14676,2
14677,2
14678,2
14679,2
14680,2
14681,2
14682,2
14683,2
14684,2
14685,2
14686,2
14687,2
14688,2
14689,2
14690,2
14691,2
14692,2
14693,2
14694,2
14695,2
14696,2
14697,2
14698,2
14699,2
14700,2
14701,2
14702,2
14703,2
14704,2
14705,2
14706,2
14707,2
14708,2
14709,2
14710,2
14711,2
14712,2
14713,2
14714,2
14715,2
14716,2
14717,2
14718,2
14719,2
14720,2
14721,2
14722,2
14723,2
14724,2
14725,2
14726,2
14727,2
14728,2
14729,2
14730,2
14731,2
14732,2
14733,2
14734,2
14735,2
14736,2
14737,2
14738,2
14739,2
14740,2
14741,2
14742,2
14743,2
14744,2
14745,2
14746,2
14747,2
14748,2
14749,2
14750,2
14751,2
14752,2
14753,2
14754,2
14755,2
14756,2
14757,2
14758,2
14759,2
14760,2
14761,2
14762,2
14763,2
14764,2
14765,2
14766,2
14767,2
14768,2
14769,2
14770,2
14771,2
14772,2
14773,2
14774,2
14775,2
14776,2
14777,2
14778,2
14779,2
14780,2
14781,2
14782,2
14783,2
14784,2
14785,2
14786,2
14787,2
14788,2
14789,2
14790,2
14791,2
14792,2
14793,2
14794,2
14795,2
14796,2
14797,2
14798,2
14799,2
14800,2
14801,2
14802,2
14803,2
14804,2
14805,2
14806,2
14807,2
14808,2
14809,2
14810,2
14811,2
14812,2
14813,2
14814,2
14815,2
14816,2
14817,2
14818,2
14819,2
14820,2
14821,2
14822,2
14823,2
14824,2
14825,2
14826,2
14827,2
14828,2
14829,2
14830,2
14831,2
14832,2
14833,2
14834,2
14835,2
14836,2
14837,2
14838,2
14839,2
14840,2
14841,2
14842,2
14843,2
14844,2
14845,2
14846,2
14847,2
14848,2
14849,2
14850,2
14851,2
14852,2
14853,2
14854,2
14855,2
14856,2
14857,2
14858,2
14859,2
14860,2
14861,2
14862,2
14863,2
14864,2
14865,2
14866,2
14867,2
14868,2
14869,2
14870,2
14871,2
14872,2
14873,2
14874,2
14875,2
14876,2
14877,2
14878,2
14879,2
14880,2
14881,2
14882,2
14883,2
14884,2
14885,2
14886,2
14887,2
14888,2
14889,2
14890,2
14891,2
14892,2
14893,2
14894,2
14895,2
14896,2
14897,2
14898,2
14899,2
14900,2
14901,2
14902,2
14903,2
14904,2
14905,2
14906,2
14907,2
14908,2
14909,2
14910,2
14911,2
14912,2
14913,2
14914,2
14915,2
14916,2
14917,2
14918,2
14919,2
14920,2
14921,2
14922,2
14923,2
14924,2
14925,2
14926,2
14927,2
14928,2
14929,2
14930,2
14931,2
14932,2
14933,2
14934,2
14935,2
14936,2
14937,2
14938,2
14939,2
14940,2
14941,2
14942,2
14943,2
14944,2
14945,2
14946,2
14947,2
14948,2
14949,2
14950,2
14951,2
14952,2
14953,2
14954,2
14955,2
14956,2
14957,2
14958,2
14959,2
14960,2
14961,2
14962,2
14963,2
14964,2
14965,2
14966,2
14967,2
14968,2
14969,2
14970,2
14971,2
14972,2
14973,2
14974,2
14975,2
14976,2
14977,2
14978,2
14979,2
14980,2
14981,2
14982,2
14983,2
14984,2
14985,2
14986,2
14987,2
14988,2
14989,2
14990,2
14991,2
14992,2
14993,2
14994,2
14995,2
14996,2
14997,2
14998,2
14999,2
15000,2
15001,2
15002,2
15003,2
15004,2
15005,2
15006,2
15007,2
15008,2
15009,2
15010,2
15011,2
15012,2
15013,2
15014,2
15015,2
15016,2
15017,2
15018,2
15019,2
15020,2
15021,2
15022,2
15023,2
15024,2
15025,2
15026,2
15027,2
15028,2
15029,2
15030,2
15031,2
15032,2
15033,2
15034,2
15035,2
15036,2
15037,2
15038,2
15039,2
15040,2
15041,2
15042,2
15043,2
15044,2
15045,2
15046,2
15047,2
15048,2
15049,2
15050,2
15051,2
15052,2
15053,2
15054,2
15055,2
15056,2
15057,2
15058,2
15059,2
15060,2
15061,2
15062,2
15063,2
15064,2
15065,2
15066,2
15067,2
15068,2
15069,2
15070,2
15071,2
15072,2
15073,2
15074,2
15075,2
15076,2
15077,2
15078,2
15079,2
15080,2
15081,2
15082,2
15083,2
15084,2
15085,2
15086,2
15087,2
15088,2
15089,2
15090,2
15091,2
15092,2
15093,2
15094,2
15095,2
15096,2
15097,2
15098,2
15099,2
15100,2
15101,2
15102,2
15103,2
15104,2
15105,2
15106,2
15107,2
15108,2
15109,2
15110,2
15111,2
15112,2
15113,2
15114,2
15115,2
15116,2
15117,2
15118,2
15119,2
15120,2
15121,2
15122,2
15123,2
15124,2
15125,2
15126,2
15127,2
15128,2
15129,2
15130,2
15131,2
15132,2
15133,2
15134,2
15135,2
15136,2
15137,2
15138,2
15139,2
15140,2
15141,2
15142,2
15143,2
15144,2
15145,2
15146,2
15147,2
15148,2
15149,2
15150,2
15151,2
15152,2
15153,2
15154,2
15155,2
15156,2
15157,2
15158,2
15159,2
15160,2
15161,2
15162,2
15163,2
15164,2
15165,2
15166,2
15167,2
15168,2
15169,2
15170,2
15171,2
15172,2
15173,2
15174,2
15175,2
15176,2
15177,2
15178,2
15179,2
15180,2
15181,2
15182,2
15183,2
15184,2
15185,2
15186,2
15187,2
15188,2
15189,2
15190,2
15191,2
15192,2
15193,2
15194,2
15195,2
15196,2
15197,2
15198,2
15199,2
15200,2
15201,2
15202,2
15203,2
15204,2
15205,2
15206,2
15207,2
15208,2
15209,2
15210,2
15211,2
15212,2
15213,2
15214,2
15215,2
15216,2
15217,2
15218,2
15219,2
15220,2
15221,2
15222,2
15223,2
15224,2
15225,2
15226,2
15227,2
15228,2
15229,2
15230,2
15231,2
15232,2
15233,2
15234,2
15235,2
15236,2
15237,2
15238,2
15239,2
15240,2
15241,2
15242,2
15243,2
15244,2
15245,2
15246,2
15247,2
15248,2
15249,2
15250,2
15251,2
15252,2
15253,2
15254,2
15255,2
15256,2
15257,2
15258,2
15259,2
15260,2
15261,2
15262,2
15263,2
15264,2
15265,2
15266,2
15267,2
15268,2
15269,2
15270,2
15271,2
15272,2
15273,2
15274,2
15275,2
15276,2
15277,2
15278,2
15279,2
15280,2
15281,2
15282,2
15283,2
15284,2
15285,2
15286,2
15287,2
15288,2
15289,2
15290,2
15291,2
15292,2
15293,2
15294,2
15295,2
15296,2
15297,2
15298,2
15299,2
15300,2
15301,2
15302,2
15303,2
15304,2
15305,2
15306,2
15307,2
15308,2
15309,2
15310,2
15311,2
15312,2
15313,2
15314,2
15315,2
15316,2
15317,2
15318,2
15319,2
15320,2
15321,2
15322,2
15323,2
15324,2
15325,2
15326,2
15327,2
15328,2
15329,2
15330,2
15331,2
15332,2
15333,2
15334,2
15335,2
15336,2
15337,2
15338,2
15339,2
15340,2
15341,2
15342,2
15343,2
15344,2
15345,2
15346,2
15347,2
15348,2
15349,2
15350,2
15351,2
15352,2
15353,2
15354,2
15355,2
15356,2
15357,2
15358,2
15359,2
15360,2
15361,2
15362,2
15363,2
15364,2
15365,2
15366,2
15367,2
15368,2
15369,2
15370,2
15371,2
15372,2
15373,2
15374,2
15375,2
15376,2
15377,2
15378,2
15379,2
15380,2
15381,2
15382,2
15383,2
15384,2
15385,2
15386,2
15387,2
15388,2
15389,2
15390,2
15391,2
15392,2
15393,2
15394,2
15395,2
15396,2
15397,2
15398,2
15399,2
15400,2
15401,2
15402,2
15403,2
15404,2
15405,2
15406,2
15407,2
15408,2
15409,2
15410,2
15411,2
15412,2
15413,2
15414,2
15415,2
15416,2
15417,2
15418,2
15419,2
15420,2
15421,2
15422,2
15423,2
15424,2
15425,2
15426,2
15427,2
15428,2
15429,2
15430,2
15431,2
15432,2
15433,2
15434,2
15435,2
15436,2
15437,2
15438,2
15439,2
15440,2
15441,2
15442,2
15443,2
15444,2
15445,2
15446,2
15447,2
15448,2
15449,2
15450,2
15451,2
15452,2
15453,2
15454,2
15455,2
15456,2
15457,2
15458,2
15459,2
15460,2
15461,2
15462,2
15463,2
15464,2
15465,2
15466,2
15467,2
15468,2
15469,1
15470,1
15471,1
15472,1
15473,1
15474,1
15475,1
15476,1
15477,1
15478,1
15479,1
15480,1
15481,1
15482,1
15483,1
15484,1
15485,1
15486,1
15487,1
15488,1
15489,1
15490,1
15491,1
15492,1
15493,1
15494,1
15495,1
15496,1
15497,1
15498,1
15499,1
15500,1
15501,1
15502,1
15503,1
15504,1
15505,1
15506,1
15507,1
15508,1
15509,1
15510,1
15511,1
15512,1
15513,1
15514,1
15515,1
15516,1
15517,1
15518,1
15519,1
15520,1
15521,1
15522,1
15523,1
15524,1
15525,1
15526,1
15527,1
15528,1
15529,1
15530,1
15531,1
15532,1
15533,1
15534,1
15535,1
15536,1
15537,1
15538,1
15539,1
15540,1
15541,1
15542,1
15543,1
15544,1
15545,1
15546,1
15547,1
15548,1
15549,1
15550,1
15551,1
15552,1
15553,1
15554,1
15555,1
15556,1
15557,1
15558,1
15559,1
15560,1
15561,1
15562,1
15563,1
15564,1
15565,1
15566,1
15567,1
15568,1
15569,1
15570,1
15571,1
15572,1
15573,1
15574,1
15575,1
15576,1
15577,1
15578,1
15579,1
15580,1
15581,1
15582,1
15583,1
15584,1
15585,1
15586,1
15587,1
15588,1
15589,1
15590,1
15591,1
15592,1
15593,1
15594,1
15595,1
15596,1
15597,1
15598,1
15599,1
15600,1
15601,1
15602,1
15603,1
15604,1
15605,1
15606,1
15607,1
15608,1
15609,1
15610,1
15611,1
15612,1
15613,1
15614,1
15615,1
15616,1
15617,1
15618,1
15619,1
15620,1
15621,1
15622,1
15623,1
15624,1
15625,1
15626,1
15627,1
15628,1
15629,1
15630,1
15631,1
15632,1
15633,1
15634,1
15635,1
15636,1
15637,1
15638,1
15639,1
15640,1
15641,1
15642,1
15643,1
15644,1
15645,1
15646,1
15647,1
15648,1
15649,1
15650,1
15651,1
15652,1
15653,1
15654,1
15655,1
15656,1
15657,1
15658,1
15659,1
15660,1
15661,1
15662,1
15663,1
15664,1
15665,1
15666,1
15667,1
15668,1
15669,1
15670,1
15671,1
15672,1
15673,1
15674,1
15675,1
15676,1
15677,1
15678,1
15679,1
15680,1
15681,1
15682,1
15683,1
15684,1
15685,1
15686,1
15687,1
15688,1
15689,1
15690,1
15691,1
15692,1
15693,1
15694,1
15695,1
15696,1
15697,1
15698,1
15699,1
15700,1
15701,1
15702,1
15703,1
15704,1
15705,1
15706,1
15707,1
15708,1
15709,1
15710,1
15711,1
15712,1
15713,1
15714,1
15715,1
15716,1
15717,1
15718,1
15719,1
15720,1
15721,1
15722,1
15723,1
15724,1
15725,1
15726,1
15727,1
15728,1
15729,1
15730,1
15731,1
15732,1
15733,1
15734,1
15735,1
15736,1
15737,1
15738,1
15739,1
15740,1
15741,1
15742,1
15743,1
15744,1
15745,1
15746,1
15747,1
15748,1
15749,1
15750,1
15751,1
15752,1
15753,1
15754,1
15755,1
15756,1
15757,1
15758,1
15759,1
15760,1
15761,1
15762,1
15763,1
15764,1
15765,1
15766,1
15767,1
15768,1
15769,1
15770,1
15771,1
15772,1
15773,1
15774,1
15775,1
15776,1
15777,1
15778,1
15779,1
15780,1
15781,1
15782,1
15783,1
15784,1
15785,1
15786,1
15787,1
15788,1
15789,1
15790,1
15791,1
15792,1
15793,1
15794,1
15795,1
15796,1
15797,1
15798,1
15799,1
15800,1
15801,1
15802,1
15803,1
15804,1
15805,1
15806,1
15807,1
15808,1
15809,1
15810,1
15811,1
15812,1
15813,1
15814,1
15815,1
15816,1
15817,1
15818,1
15819,1
15820,1
15821,1
15822,1
15823,1
15824,1
15825,1
15826,1
15827,1
15828,1
15829,1
15830,1
15831,1
15832,1
15833,1
15834,1
15835,1
15836,1
15837,1
15838,1
15839,1
15840,1
15841,1
15842,1
15843,1
15844,1
15845,1
15846,1
15847,1
15848,1
15849,1
15850,1
15851,1
15852,1
15853,1
15854,1
15855,1
15856,1
15857,1
15858,1
15859,1
15860,1
15861,1
15862,1
15863,1
15864,1
15865,1
15866,1
15867,1
15868,1
15869,1
15870,1
15871,1
15872,1
15873,1
15874,1
15875,1
15876,1
15877,1
15878,1
15879,1
15880,1
15881,1
15882,1
15883,1
15884,1
15885,1
15886,1
15887,1
15888,1
15889,1
15890,1
15891,1
15892,1
15893,1
15894,1
15895,1
15896,1
15897,1
15898,1
15899,1
15900,1
15901,1
15902,1
15903,1
15904,1
15905,1
15906,1
15907,1
15908,1
15909,1
15910,1
15911,1
15912,1
15913,1
15914,1
15915,1
15916,1
15917,1
15918,1
15919,1
15920,1
15921,1
15922,1
15923,1
15924,1
15925,1
15926,1
15927,1
15928,1
15929,1
15930,1
15931,1
15932,1
15933,1
15934,1
15935,1
15936,1
15937,1
15938,1
15939,1
15940,1
15941,1
15942,1
15943,1
15944,1
15945,1
15946,1
15947,1
15948,1
15949,1
15950,1
15951,1
15952,1
15953,1
15954,1
15955,1
15956,1
15957,1
15958,1
15959,1
15960,1
15961,1
15962,1
15963,1
15964,1
15965,1
15966,1
15967,1
15968,1
15969,1
15970,1
15971,1
15972,1
15973,1
15974,1
15975,1
15976,1
15977,1
15978,1
15979,1
15980,1
15981,1
15982,1
15983,1
15984,1
15985,1
15986,1
15987,1
15988,1
15989,1
15990,1
15991,1
15992,1
15993,1
15994,1
15995,1
15996,1
15997,1
15998,1
15999,1
16000,1
16001,1
16002,1
16003,1
16004,1
16005,1
16006,1
16007,1
16008,1
16009,1
16010,1
16011,1
16012,1
16013,1
16014,1
16015,1
16016,1
16017,1
16018,1
16019,1
16020,1
16021,1
16022,1
16023,1
16024,1
16025,1
16026,1
16027,1
16028,1
16029,1
16030,1
16031,1
16032,1
16033,1
16034,1
16035,1
16036,1
16037,1
16038,1
16039,1
16040,1
16041,1
16042,1
16043,1
16044,1
16045,1
16046,1
16047,1
16048,1
16049,1
16050,1
16051,1
16052,1
16053,1
16054,1
16055,1
16056,1
16057,1
16058,1
16059,1
16060,1
16061,1
16062,1
16063,1
16064,1
16065,1
16066,1
16067,1
16068,1
16069,1
16070,1
16071,1
16072,1
16073,1
16074,1
16075,1
16076,1
16077,1
16078,1
16079,1
16080,1
16081,1
16082,1
16083,1
16084,1
16085,1
16086,1
16087,1
16088,1
16089,1
16090,1
16091,1
16092,1
16093,1
16094,1
16095,1
16096,1
16097,1
16098,1
16099,1
16100,1
16101,1
16102,1
16103,1
16104,1
16105,1
16106,1
16107,1
16108,1
16109,1
16110,1
16111,1
16112,1
16113,1
16114,1
16115,1
16116,1
16117,1
16118,1
16119,1
16120,1
16121,1
16122,1
16123,1
16124,1
16125,1
16126,1
16127,1
16128,1
16129,1
16130,1
16131,1
16132,1
16133,1
16134,1
16135,1
16136,1
16137,1
16138,1
16139,1
16140,1
16141,1
16142,1
16143,1
16144,1
16145,1
16146,1
16147,1
16148,1
16149,1
16150,1
16151,1
16152,1
16153,1
16154,1
16155,1
16156,1
16157,1
16158,1
16159,1
16160,1
16161,1
16162,1
16163,1
16164,1
16165,1
16166,1
16167,1
16168,1
16169,1
16170,1
16171,1
16172,1
16173,1
16174,1
16175,1
16176,1
16177,1
16178,1
16179,1
16180,1
16181,1
16182,1
16183,1
16184,1
16185,1
16186,1
16187,1
16188,1
16189,1
16190,1
16191,1
16192,1
16193,1
16194,1
16195,1
16196,1
16197,1
16198,1
16199,1
16200,1
16201,1
16202,1
16203,1
16204,1
16205,1
16206,1
16207,1
16208,1
16209,1
16210,1
16211,1
16212,1
16213,1
16214,1
16215,1
16216,1
16217,1
16218,1
16219,1
16220,1
16221,1
16222,1
16223,1
16224,1
16225,1
16226,1
16227,1
16228,1
16229,1
16230,1
16231,1
16232,1
16233,1
16234,1
16235,1
16236,1
16237,1
16238,1
16239,1
16240,1
16241,1
16242,1
16243,1
16244,1
16245,1
16246,1
16247,1
16248,1
16249,1
16250,1
16251,1
16252,1
16253,1
16254,1
16255,1
16256,1
16257,1
16258,1
16259,1
16260,1
16261,1
16262,1
16263,1
16264,1
16265,1
16266,1
16267,1
16268,1
16269,1
16270,1
16271,1
16272,1
16273,1
16274,1
16275,1
16276,1
16277,1
16278,1
16279,1
16280,1
16281,1
16282,1
16283,1
16284,1
16285,1
16286,1
16287,1
16288,1
16289,1
16290,1
16291,1
16292,1
16293,1
16294,1
16295,1
16296,1
16297,1
16298,1
16299,1
16300,1
16301,1
16302,1
16303,1
16304,1
16305,1
16306,1
16307,1
16308,1
16309,1
16310,1
16311,1
16312,1
16313,1
16314,1
16315,1
16316,1
16317,1
16318,1
16319,1
16320,1
16321,1
16322,1
16323,1
16324,1
16325,1
16326,1
16327,1
16328,1
16329,1
16330,1
16331,1
16332,1
16333,1
16334,1
16335,1
16336,1
16337,1
16338,1
16339,1
16340,1
16341,1
16342,1
16343,1
16344,1
16345,1
16346,1
16347,1
16348,1
16349,1
16350,1
16351,1
16352,1
16353,1
16354,1
16355,1
16356,1
16357,1
16358,1
16359,1
16360,1
16361,1
16362,1
16363,1
16364,1
16365,1
16366,1
16367,1
16368,1
16369,1
16370,1
16371,1
16372,1
16373,1
16374,1
16375,1
16376,1
16377,1
16378,1
16379,1
16380,1
16381,1
16382,1
16383,1
16384,1
16385,1
16386,1
16387,1
16388,1
16389,1
16390,1
16391,1
16392,1
16393,1
16394,1
16395,1
16396,1
16397,1
16398,1
16399,1
16400,1
16401,1
16402,1
16403,1
16404,1
16405,1
16406,1
16407,1
16408,1
16409,1
16410,1
16411,1
16412,1
16413,1
16414,1
16415,1
16416,1
16417,1
16418,1
16419,1
16420,1
16421,1
16422,1
16423,1
16424,1
16425,1
16426,1
16427,1
16428,1
16429,1
16430,1
16431,1
16432,1
16433,1
16434,1
16435,1
16436,1
16437,1
16438,1
16439,1
16440,1
16441,1
16442,1
16443,1
16444,1
16445,1
16446,1
16447,1
16448,1
16449,1
16450,1
16451,1
16452,1
16453,1
16454,1
16455,1
16456,1
16457,1
16458,1
16459,1
16460,1
16461,1
16462,1
16463,1
16464,1
16465,1
16466,1
16467,1
16468,1
16469,1
16470,1
16471,1
16472,1
16473,1
16474,1
16475,1
16476,1
16477,1
16478,1
16479,1
16480,1
16481,1
16482,1
16483,1
16484,1
16485,1
16486,1
16487,1
16488,1
16489,1
16490,1
16491,1
16492,1
16493,1
16494,1
16495,1
16496,1
16497,1
16498,1
16499,1
16500,1
16501,1
16502,1
16503,1
16504,1
16505,1
16506,1
16507,1
16508,1
16509,1
16510,1
16511,1
16512,1
16513,1
16514,1
16515,1
16516,1
16517,1
16518,1
16519,1
16520,1
16521,1
16522,1
16523,1
16524,1
16525,1
16526,1
16527,1
16528,1
16529,1
16530,1
16531,1
16532,1
16533,1
16534,1
16535,1
16536,1
16537,1
16538,1
16539,1
16540,1
16541,1
16542,1
16543,1
16544,1
16545,1
16546,1
16547,1
16548,1
16549,1
16550,1
16551,1
16552,1
16553,1
16554,1
16555,1
16556,1
16557,1
16558,1
16559,1
16560,1
16561,1
16562,1
16563,1
16564,1
16565,1
16566,1
16567,1
16568,1
16569,1
16570,1
16571,1
16572,1
16573,1
16574,1
16575,1
16576,1
16577,1
16578,1
16579,1
16580,1
16581,1
16582,1
16583,1
16584,1
16585,1
16586,1
16587,1
16588,1
16589,1
16590,1
16591,1
16592,1
16593,1
16594,1
16595,1
16596,1
16597,1
16598,1
16599,1
16600,1
16601,1
16602,1
16603,1
16604,1
16605,1
16606,1
16607,1
16608,1
16609,1
16610,1
16611,1
16612,1
16613,1
16614,1
16615,1
16616,1
16617,1
16618,1
16619,1
16620,1
16621,1
16622,1
16623,1
16624,1
16625,1
16626,1
16627,1
16628,1
16629,1
16630,1
16631,1
16632,1
16633,1
16634,1
16635,1
16636,1
16637,1
16638,1
16639,1
16640,1
16641,1
16642,1
16643,1
16644,1
16645,1
16646,1
16647,1
16648,1
16649,1
16650,1
16651,1
16652,1
16653,1
16654,1
16655,1
16656,1
16657,1
16658,1
16659,1
16660,1
16661,1
16662,1
16663,1
16664,1
16665,1
16666,1
16667,1
16668,1
16669,1
16670,1
16671,1
16672,1
16673,1
16674,1
16675,1
16676,1
16677,1
16678,1
16679,1
16680,1
16681,1
16682,1
16683,1
16684,1
16685,1
16686,1
16687,1
16688,1
16689,1
16690,1
16691,1
16692,1
16693,1
16694,1
16695,1
16696,1
16697,1
16698,1
16699,1
16700,1
16701,1
16702,1
16703,1
16704,1
16705,1
16706,1
16707,1
16708,1
16709,1
16710,1
16711,1
16712,1
16713,1
16714,1
16715,1
16716,1
16717,1
16718,1
16719,1
16720,1
16721,1
16722,1
16723,1
16724,1
16725,1
16726,1
16727,1
16728,1
16729,1
16730,1
16731,1
16732,1
16733,1
16734,1
16735,1
16736,1
16737,1
16738,1
16739,1
16740,1
16741,1
16742,1
16743,1
16744,1
16745,1
16746,1
16747,1
16748,1
16749,1
16750,1
16751,1
16752,1
16753,1
16754,1
16755,1
16756,1
16757,1
16758,1
16759,1
16760,1
16761,1
16762,1
16763,1
16764,1
16765,1
16766,1
16767,1
16768,1
16769,1
16770,1
16771,1
16772,1
16773,1
16774,1
16775,1
16776,1
16777,1
16778,1
16779,1
16780,1
16781,1
16782,1
16783,1
16784,1
16785,1
16786,1
16787,1
16788,1
16789,1
16790,1
16791,1
16792,1
16793,1
16794,1
16795,1
16796,1
16797,1
16798,1
16799,1
16800,1
16801,1
16802,1
16803,1
16804,1
16805,1
16806,1
16807,1
16808,1
16809,1
16810,1
16811,1
16812,1
16813,1
16814,1
16815,1
16816,1
16817,1
16818,1
16819,1
16820,1
16821,1
16822,1
16823,1
16824,1
16825,1
16826,1
16827,1
16828,1
16829,1
16830,1
16831,1
16832,1
16833,1
16834,1
16835,1
16836,1
16837,1
16838,1
16839,1
16840,1
16841,1
16842,1
16843,1
16844,1
16845,1
16846,1
16847,1
16848,1
16849,1
16850,1
16851,1
16852,1
16853,1
16854,1
16855,1
16856,1
16857,1
16858,1
16859,1
16860,1
16861,1
16862,1
16863,1
16864,1
16865,1
16866,1
16867,1
16868,1
16869,1
16870,1
16871,1
16872,1
16873,1
16874,1
16875,1
16876,1
16877,1
16878,1
16879,1
16880,1
16881,1
16882,1
16883,1
16884,1
16885,1
16886,1
16887,1
16888,1
16889,1
16890,1
16891,1
16892,1
16893,1
16894,1
16895,1
16896,1
16897,1
16898,1
16899,1
16900,1
16901,1
16902,1
16903,1
16904,1
16905,1
16906,1
16907,1
16908,1
16909,1
16910,1
16911,1
16912,1
16913,1
16914,1
16915,1
16916,1
16917,1
16918,1
16919,1
16920,1
16921,1
16922,1
16923,1
16924,1
16925,1
16926,1
16927,1
16928,1
16929,1
16930,1
16931,1
16932,1
16933,1
16934,1
16935,1
16936,1
16937,1
16938,1
16939,1
16940,1
16941,1
16942,1
16943,1
16944,1
16945,1
16946,1
16947,1
16948,1
16949,1
16950,1
16951,1
16952,1
16953,1
16954,1
16955,1
16956,1
16957,1
16958,1
16959,1
16960,1
16961,1
16962,1
16963,1
16964,1
16965,1
16966,1
16967,1
16968,1
16969,1
16970,1
16971,1
16972,1
16973,1
16974,1
16975,1
16976,1
16977,1
16978,1
16979,1
16980,1
16981,1
16982,1
16983,1
16984,1
16985,1
16986,1
16987,1
16988,1
16989,1
16990,1
16991,1
16992,1
16993,1
16994,1
16995,1
16996,1
16997,1
16998,1
16999,1
17000,1
17001,1
17002,1
17003,1
17004,1
17005,1
17006,1
17007,1
17008,1
17009,1
17010,1
17011,1
17012,1
17013,1
17014,1
17015,1
17016,1
17017,1
17018,1
17019,1
17020,1
17021,1
17022,1
17023,1
17024,1
17025,1
17026,1
17027,1
17028,1
17029,1
17030,1
17031,1
17032,1
17033,1
17034,1
17035,1
17036,1
17037,1
17038,1
17039,1
17040,1
17041,1
17042,1
17043,1
17044,1
17045,1
17046,1
17047,1
17048,1
17049,1
17050,1
17051,1
17052,1
17053,1
17054,1
17055,1
17056,1
17057,1
17058,1
17059,1
17060,1
17061,1
17062,1
17063,1
17064,1
17065,1
17066,1
17067,1
17068,1
17069,1
17070,1
17071,1
17072,1
17073,1
17074,1
17075,1
17076,1
17077,1
17078,1
17079,1
17080,1
17081,1
17082,1
17083,1
17084,1
17085,1
17086,1
17087,1
17088,1
17089,1
17090,1
17091,1
17092,1
17093,1
17094,1
17095,1
17096,1
17097,1
17098,1
17099,1
17100,1
17101,1
17102,1
17103,1
17104,1
17105,1
17106,1
17107,1
17108,1
17109,1
17110,1
17111,1
17112,1
17113,1
17114,1
17115,1
17116,1
17117,1
17118,1
17119,1
17120,1
17121,1
17122,1
17123,1
17124,1
17125,1
17126,1
17127,1
17128,1
17129,1
17130,1
17131,1
17132,1
17133,1
17134,1
17135,1
17136,1
17137,1
17138,1
17139,1
17140,1
17141,1
17142,1
17143,1
17144,1
17145,1
17146,1
17147,1
17148,1
17149,1
17150,1
17151,1
17152,1
17153,1
17154,1
17155,1
17156,1
17157,1
17158,1
17159,1
17160,1
17161,1
17162,1
17163,1
17164,1
17165,1
17166,1
17167,1
17168,1
17169,1
17170,1
17171,1
17172,1
17173,1
17174,1
17175,1
17176,1
17177,1
17178,1
17179,1
17180,1
17181,1
17182,1
17183,1
17184,1
17185,1
17186,1
17187,1
17188,1
17189,1
17190,1
17191,1
17192,1
17193,1
17194,1
17195,1
17196,1
17197,1
17198,1
17199,1
17200,1
17201,1
17202,1
17203,1
17204,1
17205,1
17206,1
17207,1
17208,1
17209,1
17210,1
17211,1
17212,1
17213,1
17214,1
17215,1
17216,1
17217,1
17218,1
17219,1
17220,1
17221,1
17222,1
17223,1
17224,1
17225,1
17226,1
17227,1
17228,1
17229,1
17230,1
17231,1
17232,1
17233,1
17234,1
17235,1
17236,1
17237,1
17238,1
17239,1
17240,1
17241,1
17242,1
17243,1
17244,1
17245,1
17246,1
17247,1
17248,1
17249,1
17250,1
17251,1
17252,1
17253,1
17254,1
17255,1
17256,1
17257,1
17258,1
17259,1
17260,1
17261,1
17262,1
17263,1
17264,1
17265,1
17266,1
17267,1
17268,1
17269,1
17270,1
17271,1
17272,1
17273,1
17274,1
17275,1
17276,1
17277,1
17278,1
17279,1
17280,1
17281,1
17282,1
17283,1
17284,1
17285,1
17286,1
17287,1
17288,1
17289,1
17290,1
17291,1
17292,1
17293,1
17294,1
17295,1
17296,1
17297,1
17298,1
17299,1
17300,1
17301,1
17302,1
17303,1
17304,1
17305,1
17306,1
17307,1
17308,1
17309,1
17310,1
17311,1
17312,1
17313,1
17314,1
17315,1
17316,1
17317,1
17318,1
17319,1
17320,1
17321,1
17322,1
17323,1
17324,1
17325,1
17326,1
17327,1
17328,1
17329,1
17330,1
17331,1
17332,1
17333,1
17334,1
17335,1
17336,1
17337,1
17338,1
17339,1
17340,1
17341,1
17342,1
17343,1
17344,1
17345,1
17346,1
17347,1
17348,1
17349,1
17350,1
17351,1
17352,1
17353,1
17354,1
17355,1
17356,1
17357,1
17358,1
17359,1
17360,1
17361,1
17362,1
17363,1
17364,1
17365,1
17366,1
17367,1
17368,1
17369,1
17370,1
17371,1
17372,1
17373,1
17374,1
17375,1
17376,1
17377,1
17378,1
17379,1
17380,1
17381,1
17382,1
17383,1
17384,1
17385,1
17386,1
17387,1
17388,1
17389,1
17390,1
17391,1
17392,1
17393,1
17394,1
17395,1
17396,1
17397,1
17398,1
17399,1
17400,1
17401,1
17402,1
17403,1
17404,1
17405,1
17406,1
17407,1
17408,1
17409,1
17410,1
17411,1
17412,1
17413,1
17414,1
17415,1
17416,1
17417,1
17418,1
17419,1
17420,1
17421,1
17422,1
17423,1
17424,1
17425,1
17426,1
17427,1
17428,1
17429,1
17430,1
17431,1
17432,1
17433,1
17434,1
17435,1
17436,1
17437,1
17438,1
17439,1
17440,1
17441,1
17442,1
17443,1
17444,1
17445,1
17446,1
17447,1
17448,1
17449,1
17450,1
17451,1
17452,1
17453,1
17454,1
17455,1
17456,1
17457,1
17458,1
17459,1
17460,1
17461,1
17462,1
17463,1
17464,1
17465,1
17466,1
17467,1
17468,1
17469,1
17470,1
17471,1
17472,1
17473,1
17474,1
17475,1
17476,1
17477,1
17478,1
17479,1
17480,1
17481,1
17482,1
17483,1
17484,1
17485,1
17486,1
17487,1
17488,1
17489,1
17490,1
17491,1
17492,1
17493,1
17494,1
17495,1
17496,1
17497,1
17498,1
17499,1
17500,1
17501,1
17502,1
17503,1
17504,1
17505,1
17506,1
17507,1
17508,1
17509,1
17510,1
17511,1
17512,1
17513,1
17514,1
17515,1
17516,1
17517,1
17518,1
17519,1
17520,1
17521,1
17522,1
17523,1
17524,1
17525,1
17526,1
17527,1
17528,1
17529,1
17530,1
17531,1
17532,1
17533,1
17534,1
17535,1
17536,1
17537,1
17538,1
17539,1
17540,1
17541,1
17542,1
17543,1
17544,1
17545,1
17546,1
17547,1
17548,1
17549,1
17550,1
17551,1
17552,1
17553,1
17554,1
17555,1
17556,1
17557,1
17558,1
17559,1
17560,1
17561,1
17562,1
17563,1
17564,1
17565,1
17566,1
17567,1
17568,1
17569,1
17570,1
17571,1
17572,1
17573,1
17574,1
17575,1
17576,1
17577,1
17578,1
17579,1
17580,1
17581,1
17582,1
17583,1
17584,1
17585,1
17586,1
17587,1
17588,1
17589,1
17590,1
17591,1
17592,1
17593,1
17594,1
17595,1
17596,1
17597,1
17598,1
17599,1
17600,1
17601,1
17602,1
17603,1
17604,1
17605,1
17606,1
17607,1
17608,1
17609,1
17610,1
17611,1
17612,1
17613,1
17614,1
17615,1
17616,1
17617,1
17618,1
17619,1
17620,1
17621,1
17622,1
17623,1
17624,1
17625,1
17626,1
17627,1
17628,1
17629,1
17630,1
17631,1
17632,1
17633,1
17634,1
17635,1
17636,1
17637,1
17638,1
17639,1
17640,1
17641,1
17642,1
17643,1
17644,1
17645,1
17646,1
17647,1
17648,1
17649,1
17650,1
17651,1
17652,1
17653,1
17654,1
17655,1
17656,1
17657,1
17658,1
17659,1
17660,1
17661,1
17662,1
17663,1
17664,1
17665,1
17666,1
17667,1
17668,1
17669,1
17670,1
17671,1
17672,1
17673,1
17674,1
17675,1
17676,1
17677,1
17678,1
17679,1
17680,1
17681,1
17682,1
17683,1
17684,1
17685,1
17686,1
17687,1
17688,1
17689,1
17690,1
17691,1
17692,1
17693,1
17694,1
17695,1
17696,1
17697,1
17698,1
17699,1
17700,1
17701,1
17702,1
17703,1
17704,1
17705,1
17706,1
17707,1
17708,1
17709,1
17710,1
17711,1
17712,1
17713,1
17714,1
17715,1
17716,1
17717,1
17718,1
17719,1
17720,1
17721,1
17722,1
17723,1
17724,1
17725,1
17726,1
17727,1
17728,1
17729,1
17730,1
17731,1
17732,1
17733,1
17734,1
17735,1
17736,1
17737,1
17738,1
17739,1
17740,1
17741,1
17742,1
17743,1
17744,1
17745,1
17746,1
17747,1
17748,1
17749,1
17750,1
17751,1
17752,1
17753,1
17754,1
17755,1
17756,1
17757,1
17758,1
17759,1
17760,1
17761,1
17762,1
17763,1
17764,1
17765,1
17766,1
17767,1
17768,1
17769,1
17770,1
17771,1
17772,1
17773,1
17774,1
17775,1
17776,1
17777,1
17778,1
17779,1
17780,1
17781,1
17782,1
17783,1
17784,1
17785,1
17786,1
17787,1
17788,1
17789,1
17790,1
17791,1
17792,1
17793,1
17794,1
17795,1
17796,1
17797,1
17798,1
17799,1
17800,1
17801,1
17802,1
17803,1
17804,1
17805,1
17806,1
17807,1
17808,1
17809,1
17810,1
17811,1
17812,1
17813,1
17814,1
17815,1
17816,1
17817,1
17818,1
17819,1
17820,1
17821,1
17822,1
17823,1
17824,1
17825,1
17826,1
17827,1
17828,1
17829,1
17830,1
17831,1
17832,1
17833,1
17834,1
17835,1
17836,1
17837,1
17838,1
17839,1
17840,1
17841,1
17842,1
17843,1
17844,1
17845,1
17846,1
17847,1
17848,1
17849,1
17850,1
17851,1
17852,1
17853,1
17854,1
17855,1
17856,1
17857,1
17858,1
17859,1
17860,1
17861,1
17862,1
17863,1
17864,1
17865,1
17866,1
17867,1
17868,1
17869,1
17870,1
17871,1
17872,1
17873,1
17874,1
17875,1
17876,1
17877,1
17878,1
17879,1
17880,1
17881,1
17882,1
17883,1
17884,1
17885,1
17886,1
17887,1
17888,1
17889,1
17890,1
17891,1
17892,1
17893,1
17894,1
17895,1
17896,1
17897,1
17898,1
17899,1
17900,1
17901,1
17902,1
17903,1
17904,1
17905,1
17906,1
17907,1
17908,1
17909,1
17910,1
17911,1
17912,1
17913,1
17914,1
17915,1
17916,1
17917,1
17918,1
17919,1
17920,1
17921,1
17922,1
17923,1
17924,1
17925,1
17926,1
17927,1
17928,1
17929,1
17930,1
17931,1
17932,1
17933,1
17934,1
17935,1
17936,1
17937,1
17938,1
17939,1
17940,1
17941,1
17942,1
17943,1
17944,1
17945,1
17946,1
17947,1
17948,1
17949,1
17950,1
17951,1
17952,1
17953,1
17954,1
17955,1
17956,1
17957,1
17958,1
17959,1
17960,1
17961,1
17962,1
17963,1
17964,1
17965,1
17966,1
17967,1
17968,1
17969,1
17970,1
17971,1
17972,1
17973,1
17974,1
17975,1
17976,1
17977,1
17978,1
17979,1
17980,1
17981,1
17982,1
17983,1
17984,1
17985,1
17986,1
17987,1
17988,1
17989,1
17990,1
17991,1
17992,1
17993,1
17994,1
17995,1
17996,1
17997,1
17998,1
17999,1
18000,1
18001,1
18002,1
18003,1
18004,1
18005,1
18006,1
18007,1
18008,1
18009,1
18010,1
18011,1
18012,1
18013,1
18014,1
18015,1
18016,1
18017,1
18018,1
18019,1
18020,1
18021,1
18022,1
18023,1
18024,1
18025,1
18026,1
18027,1
18028,1
18029,1
18030,1
18031,1
18032,1
18033,1
18034,1
18035,1
18036,1
18037,1
18038,1
18039,1
18040,1
18041,1
18042,1
18043,1
18044,1
18045,1
18046,1
18047,1
18048,1
18049,1
18050,1
18051,1
18052,1
18053,1
18054,1
18055,1
18056,1
18057,1
18058,1
18059,1
18060,1
18061,1
18062,1
18063,1
18064,1
18065,1
18066,1
18067,1
18068,1
18069,1
18070,1
18071,1
18072,1
18073,1
18074,1
18075,1
18076,1
18077,1
18078,1
18079,1
18080,1
18081,1
18082,1
18083,1
18084,1
18085,1
18086,1
18087,1
18088,1
18089,1
18090,1
18091,1
18092,1
18093,1
18094,1
18095,1
18096,1
18097,1
18098,1
18099,1
18100,1
18101,1
18102,1
18103,1
18104,1
18105,1
18106,1
18107,1
18108,1
18109,1
18110,1
18111,1
18112,1
18113,1
18114,1
18115,1
18116,1
18117,1
18118,1
18119,1
18120,1
18121,1
18122,1
18123,1
18124,1
18125,1
18126,1
18127,1
18128,1
18129,1
18130,1
18131,1
18132,1
18133,1
18134,1
18135,1
18136,1
18137,1
18138,1
18139,1
18140,1
18141,1
18142,1
18143,1
18144,1
18145,1
18146,1
18147,1
18148,1
18149,1
18150,1
18151,1
18152,1
18153,1
18154,1
18155,1
18156,1
18157,1
18158,1
18159,1
18160,1
18161,1
18162,1
18163,1
18164,1
18165,1
18166,1
18167,1
18168,1
18169,1
18170,1
18171,1
18172,1
18173,1
18174,1
18175,1
18176,1
18177,1
18178,1
18179,1
18180,1
18181,1
18182,1
18183,1
18184,1
18185,1
18186,1
18187,1
18188,1
18189,1
18190,1
18191,1
18192,1
18193,1
18194,1
18195,1
18196,1
18197,1
18198,1
18199,1
18200,1
18201,1
18202,1
18203,1
18204,1
18205,1
18206,1
18207,1
18208,1
18209,1
18210,1
18211,1
18212,1
18213,1
18214,1
18215,1
18216,1
18217,1
18218,1
18219,1
18220,1
18221,1
18222,1
18223,1
18224,1
18225,1
18226,1
18227,1
18228,1
18229,1
18230,1
18231,1
18232,1
18233,1
18234,1
18235,1
18236,1
18237,1
18238,1
18239,1
18240,1
18241,1
18242,1
18243,1
18244,1
18245,1
18246,1
18247,1
18248,1
18249,1
18250,1
18251,1
18252,1
18253,1
18254,1
18255,1
18256,1
18257,1
18258,1
18259,1
18260,1
18261,1
18262,1
18263,1
18264,1
18265,1
18266,1
18267,1
18268,1
18269,1
18270,1
18271,1
18272,1
18273,1
18274,1
18275,1
18276,1
18277,1
18278,1
18279,1
18280,1
18281,1
18282,1
18283,1
18284,1
18285,1
18286,1
18287,1
18288,1
18289,1
18290,1
18291,1
18292,1
18293,1
18294,1
18295,1
18296,1
18297,1
18298,1
18299,1
18300,1
18301,1
18302,1
18303,1
18304,1
18305,1
18306,1
18307,1
18308,1
18309,1
18310,1
18311,1
18312,1
18313,1
18314,1
18315,1
18316,1
18317,1
18318,1
18319,1
18320,1
18321,1
18322,1
18323,1
18324,1
18325,1
18326,1
18327,1
18328,1
18329,1
18330,1
18331,1
18332,1
18333,1
18334,1
18335,1
18336,1
18337,1
18338,1
18339,1
18340,1
18341,1
18342,1
18343,1
18344,1
18345,1
18346,1
18347,1
18348,1
18349,1
18350,1
18351,1
18352,1
18353,1
18354,1
18355,1
18356,1
18357,1
18358,1
18359,1
18360,1
18361,1
18362,1
18363,1
18364,1
18365,1
18366,1
18367,1
18368,1
18369,1
18370,1
18371,1
18372,1
18373,1
18374,1
18375,1
18376,1
18377,1
18378,1
18379,1
18380,1
18381,1
18382,1
18383,1
18384,1
18385,1
18386,1
18387,1
18388,1
18389,1
18390,1
18391,1
18392,1
18393,1
18394,1
18395,1
18396,1
18397,1
18398,1
18399,1
18400,1
18401,1
18402,1
18403,1
18404,1
18405,1
18406,1
18407,1
18408,1
18409,1
18410,1
18411,1
18412,1
18413,1
18414,1
18415,1
18416,1
18417,1
18418,1
18419,1
18420,1
18421,1
18422,1
18423,1
18424,1
18425,1
18426,1
18427,1
18428,1
18429,1
18430,1
18431,1
18432,1
18433,1
18434,1
18435,1
18436,1
18437,1
18438,1
18439,1
18440,1
18441,1
18442,1
18443,1
18444,1
18445,1
18446,1
18447,1
18448,1
18449,1
18450,1
18451,1
18452,1
18453,1
18454,1
18455,1
18456,1
18457,1
18458,1
18459,1
18460,1
18461,1
18462,1
18463,1
18464,1
18465,1
18466,1
18467,1
18468,1
18469,1
18470,1
18471,1
18472,1
18473,1
18474,1
18475,1
18476,1
18477,1
18478,1
18479,1
18480,1
18481,1
18482,1
18483,1
18484,1
18485,1
18486,1
18487,1
18488,1
18489,1
18490,1
18491,1
18492,1
18493,1
18494,1
18495,1
18496,1
18497,1
18498,1
18499,1
18500,1
18501,1
18502,1
18503,1
18504,1
18505,1
18506,1
18507,1
18508,1
18509,1
18510,1
18511,1
18512,1
18513,1
18514,1
18515,1
18516,1
18517,1
18518,1
18519,1
18520,1
18521,1
18522,1
18523,1
18524,1
18525,1
18526,1
18527,1
18528,1
18529,1
18530,1
18531,1
18532,1
18533,1
18534,1
18535,1
18536,1
18537,1
18538,1
18539,1
18540,1
18541,1
18542,1
18543,1
18544,1
18545,1
18546,1
18547,1
18548,1
18549,1
18550,1
18551,1
18552,1
18553,1
18554,1
18555,1
18556,1
18557,1
18558,1
18559,1
18560,1
18561,1
18562,1
18563,1
18564,1
18565,1
18566,1
18567,1
18568,1
18569,1
18570,1
18571,1
18572,1
18573,1
18574,1
18575,1
18576,1
18577,1
18578,1
18579,1
18580,1
18581,1
18582,1
18583,1
18584,1
18585,1
18586,1
18587,1
18588,1
18589,1
18590,1
18591,1
18592,1
18593,1
18594,1
18595,1
18596,1
18597,1
18598,1
18599,1
18600,1
18601,1
18602,1
18603,1
18604,1
18605,1
18606,1
18607,1
18608,1
18609,1
18610,1
18611,1
18612,1
18613,1
18614,1
18615,1
18616,1
18617,1
18618,1
18619,1
18620,1
18621,1
18622,1
18623,1
18624,1
18625,1
18626,1
18627,1
18628,1
18629,1
18630,1
18631,1
18632,1
18633,1
18634,1
18635,1
18636,1
18637,1
18638,1
18639,1
18640,1
18641,1
18642,1
18643,1
18644,1
18645,1
18646,1
18647,1
18648,1
18649,1
18650,1
18651,1
18652,1
18653,1
18654,1
18655,1
18656,1
18657,1
18658,1
18659,1
18660,1
18661,1
18662,1
18663,1
18664,1
18665,1
18666,1
18667,1
18668,1
18669,1
18670,1
18671,1
18672,1
18673,1
18674,1
18675,1
18676,1
18677,1
18678,1
18679,1
18680,1
18681,1
18682,1
18683,1
18684,1
18685,1
18686,1
18687,1
18688,1
18689,1
18690,1
18691,1
18692,1
18693,1
18694,1
18695,1
18696,1
18697,1
18698,1
18699,1
18700,1
18701,1
18702,1
18703,1
18704,1
18705,1
18706,1
18707,1
18708,1
18709,1
18710,1
18711,1
18712,1
18713,1
18714,1
18715,1
18716,1
18717,1
18718,1
18719,1
18720,1
18721,1
18722,1
18723,1
18724,1
18725,1
18726,1
18727,1
18728,1
18729,1
18730,1
18731,1
18732,1
18733,1
18734,1
18735,1
18736,1
18737,1
18738,1
18739,1
18740,1
18741,1
18742,1
18743,1
18744,1
18745,1
18746,1
18747,1
18748,1
18749,1
18750,1
18751,1
18752,1
18753,1
18754,1
18755,1
18756,1
18757,1
18758,1
18759,1
18760,1
18761,1
18762,1
18763,1
18764,1
18765,1
18766,1
18767,1
18768,1
18769,1
18770,1
18771,1
18772,1
18773,1
18774,1
18775,1
18776,1
18777,1
18778,1
18779,1
18780,1
18781,1
18782,1
18783,1
18784,1
18785,1
18786,1
18787,1
18788,1
18789,1
18790,1
18791,1
18792,1
18793,1
18794,1
18795,1
18796,1
18797,1
18798,1
18799,1
18800,1
18801,1
18802,1
18803,1
18804,1
18805,1
18806,1
18807,1
18808,1
18809,1
18810,1
18811,1
18812,1
18813,1
18814,1
18815,1
18816,1
18817,1
18818,1
18819,1
18820,1
18821,1
18822,1
18823,1
18824,1
18825,1
18826,1
18827,1
18828,1
18829,1
18830,1
18831,1
18832,1
18833,1
18834,1
18835,1
18836,1
18837,1
18838,1
18839,1
18840,1
18841,1
18842,1
18843,1
18844,1
18845,1
18846,1
18847,1
18848,1
18849,1
18850,1
18851,1
18852,1
18853,1
18854,1
18855,1
18856,1
18857,1
18858,1
18859,1
18860,1
18861,1
18862,1
18863,1
18864,1
18865,1
18866,1
18867,1
18868,1
18869,1
18870,1
18871,1
18872,1
18873,1
18874,1
18875,1
18876,1
18877,1
18878,1
18879,1
18880,1
18881,1
18882,1
18883,1
18884,1
18885,1
18886,1
18887,1
18888,1
18889,1
18890,1
18891,1
18892,1
18893,1
18894,1
18895,1
18896,1
18897,1
18898,1
18899,1
18900,1
18901,1
18902,1
18903,1
18904,1
18905,1
18906,1
18907,1
18908,1
18909,1
18910,1
18911,1
18912,1
18913,1
18914,1
18915,1
18916,1
18917,1
18918,1
18919,1
18920,1
18921,1
18922,1
18923,1
18924,1
18925,1
18926,1
18927,1
18928,1
18929,1
18930,1
18931,1
18932,1
18933,1
18934,1
18935,1
18936,1
18937,1
18938,1
18939,1
18940,1
18941,1
18942,1
18943,1
18944,1
18945,1
18946,1
18947,1
18948,1
18949,1
18950,1
18951,1
18952,1
18953,1
18954,1
18955,1
18956,1
18957,1
18958,1
18959,1
18960,1
18961,1
18962,1
18963,1
18964,1
18965,1
18966,1
18967,1
18968,1
18969,1
18970,1
18971,1
18972,1
18973,1
18974,1
18975,1
18976,1
18977,1
18978,1
18979,1
18980,1
18981,1
18982,1
18983,1
18984,1
18985,1
18986,1
18987,1
18988,1
18989,1
18990,1
18991,1
18992,1
18993,1
18994,1
18995,1
18996,1
18997,1
18998,1
18999,1
19000,1
19001,1
19002,1
19003,1
19004,1
19005,1
19006,1
19007,1
19008,1
19009,1
19010,1
19011,1
19012,1
19013,1
19014,1
19015,1
19016,1
19017,1
19018,1
19019,1
19020,1
19021,1
19022,1
19023,1
19024,1
19025,1
19026,1
19027,1
19028,1
19029,1
19030,1
19031,1
19032,1
19033,1
19034,1
19035,1
19036,1
19037,1
19038,1
19039,1
19040,1
19041,1
19042,1
19043,1
19044,1
19045,1
19046,1
19047,1
19048,1
19049,1
19050,1
19051,1
19052,1
19053,1
19054,1
19055,1
19056,1
19057,1
19058,1
19059,1
19060,1
19061,1
19062,1
19063,1
19064,1
19065,1
19066,1
19067,1
19068,1
19069,1
19070,1
19071,1
19072,1
19073,1
19074,1
19075,1
19076,1
19077,1
19078,1
19079,1
19080,1
19081,1
19082,1
19083,1
19084,1
19085,1
19086,1
19087,1
19088,1
19089,1
19090,1
19091,1
19092,1
19093,1
19094,1
19095,1
19096,1
19097,1
19098,1
19099,1
19100,1
19101,1
19102,1
19103,1
19104,1
19105,1
19106,1
19107,1
19108,1
19109,1
19110,1
19111,1
19112,1
19113,1
19114,1
19115,1
19116,1
19117,1
19118,1
19119,1
19120,1
19121,1
19122,1
19123,1
19124,1
19125,1
19126,1
19127,1
19128,1
19129,1
19130,1
19131,1
19132,1
19133,1
19134,1
19135,1
19136,1
19137,1
19138,1
19139,1
19140,1
19141,1
19142,1
19143,1
19144,1
19145,1
19146,1
19147,1
19148,1
19149,1
19150,1
19151,1
19152,1
19153,1
19154,1
19155,1
19156,1
19157,1
19158,1
19159,1
19160,1
19161,1
19162,1
19163,1
19164,1
19165,1
19166,1
19167,1
19168,1
19169,1
19170,1
19171,1
19172,1
19173,1
19174,1
19175,1
19176,1
19177,1
19178,1
19179,1
19180,1
19181,1
19182,1
19183,1
19184,1
19185,1
19186,1
19187,1
19188,1
19189,1
19190,1
19191,1
19192,1
19193,1
19194,1
19195,1
19196,1
19197,1
19198,1
19199,1
19200,1
19201,1
19202,1
19203,1
19204,1
19205,1
19206,1
19207,1
19208,1
19209,1
19210,1
19211,1
19212,1
19213,1
19214,1
19215,1
19216,1
19217,1
19218,1
19219,1
19220,1
19221,1
19222,1
19223,1
19224,1
19225,1
19226,1
19227,1
19228,1
19229,1
19230,1
19231,1
19232,1
19233,1
19234,1
19235,1
19236,1
19237,1
19238,1
19239,1
19240,1
19241,1
19242,1
19243,1
19244,1
19245,1
19246,1
19247,1
19248,1
19249,1
19250,1
19251,1
19252,1
19253,1
19254,1
19255,1
19256,1
19257,1
19258,1
19259,1
19260,1
19261,1
19262,1
19263,1
19264,1
19265,1
19266,1
19267,1
19268,1
19269,1
19270,1
19271,1
19272,1
19273,1
19274,1
19275,1
19276,1
19277,1
19278,1
19279,1
19280,1
19281,1
19282,1
19283,1
19284,1
19285,1
19286,1
19287,1
19288,1
19289,1
19290,1
19291,1
19292,1
19293,1
19294,1
19295,1
19296,1
19297,1
19298,1
19299,1
19300,1
19301,1
19302,1
19303,1
19304,1
19305,1
19306,1
19307,1
19308,1
19309,1
19310,1
19311,1
19312,1
19313,1
19314,1
19315,1
19316,1
19317,1
19318,1
19319,1
19320,1
19321,1
19322,1
19323,1
19324,1
19325,1
19326,1
19327,1
19328,1
19329,1
19330,1
19331,1
19332,1
19333,1
19334,1
19335,1
19336,1
19337,1
19338,1
19339,1
19340,1
19341,1
19342,1
19343,1
19344,1
19345,1
19346,1
19347,1
19348,1
19349,1
19350,1
19351,1
19352,1
19353,1
19354,1
19355,1
19356,1
19357,1
19358,1
19359,1
19360,1
19361,1
19362,1
19363,1
19364,1
19365,1
19366,1
19367,1
19368,1
19369,1
19370,1
19371,1
19372,1
19373,1
19374,1
19375,1
19376,1
19377,1
19378,1
19379,1
19380,1
19381,1
19382,1
19383,1
19384,1
19385,1
19386,1
19387,1
19388,1
19389,1
19390,1
19391,1
19392,1
19393,1
19394,1
19395,1
19396,1
19397,1
19398,1
19399,1
19400,1
19401,1
19402,1
19403,1
19404,1
19405,1
19406,1
19407,1
19408,1
19409,1
19410,1
19411,1
19412,1
19413,1
19414,1
19415,1
19416,1
19417,1
19418,1
19419,1
19420,1
19421,1
19422,1
19423,1
19424,1
19425,1
19426,1
19427,1
19428,1
19429,1
19430,1
19431,1
19432,1
19433,1
19434,1
19435,1
19436,1
19437,1
19438,1
19439,1
19440,1
19441,1
19442,1
19443,1
19444,1
19445,1
19446,1
19447,1
19448,1
19449,1
19450,1
19451,1
19452,1
19453,1
19454,1
19455,1
19456,1
19457,1
19458,1
19459,1
19460,1
19461,1
19462,1
19463,1
19464,1
19465,1
19466,1
19467,1
19468,1
19469,1
19470,1
19471,1
19472,1
19473,1
19474,1
19475,1
19476,1
19477,1
19478,1
19479,1
19480,1
19481,1
19482,1
19483,1
19484,1
19485,1
19486,1
19487,1
19488,1
19489,1
19490,1
19491,1
19492,1
19493,1
19494,1
19495,1
19496,1
19497,1
19498,1
19499,1
19500,1
19501,1
19502,1
19503,1
19504,1
19505,1
19506,1
19507,1
19508,1
19509,1
19510,1
19511,1
19512,1
19513,1
19514,1
19515,1
19516,1
19517,1
19518,1
19519,1
19520,1
19521,1
19522,1
19523,1
19524,1
19525,1
19526,1
19527,1
19528,1
19529,1
19530,1
19531,1
19532,1
19533,1
19534,1
19535,1
19536,1
19537,1
19538,1
19539,1
19540,1
19541,1
19542,1
19543,1
19544,1
19545,1
19546,1
19547,1
19548,1
19549,1
19550,1
19551,1
19552,1
19553,1
19554,1
19555,1
19556,1
19557,1
19558,1
19559,1
19560,1
19561,1
19562,1
19563,1
19564,1
19565,1
19566,1
19567,1
19568,1
19569,1
19570,1
19571,1
19572,1
19573,1
19574,1
19575,1
19576,1
19577,1
19578,1
19579,1
19580,1
19581,1
19582,1
19583,1
19584,1
19585,1
19586,1
19587,1
19588,1
19589,1
19590,1
19591,1
19592,1
19593,1
19594,1
19595,1
19596,1
19597,1
19598,1
19599,1
19600,1
19601,1
19602,1
19603,1
19604,1
19605,1
19606,1
19607,1
19608,1
19609,1
19610,1
19611,1
19612,1
19613,1
19614,1
19615,1
19616,1
19617,1
19618,1
19619,1
19620,1
19621,1
19622,1
19623,1
19624,1
19625,1
19626,1
19627,1
19628,1
19629,1
19630,1
19631,1
19632,1
19633,1
19634,1
19635,1
19636,1
19637,1
19638,1
19639,1
19640,1
19641,1
19642,1
19643,1
19644,1
19645,1
19646,1
19647,1
19648,1
19649,1
19650,1
19651,1
19652,1
19653,1
19654,1
19655,1
19656,1
19657,1
19658,1
19659,1
19660,1
19661,1
19662,1
19663,1
19664,1
19665,1
19666,1
19667,1
19668,1
19669,1
19670,1
19671,1
19672,1
19673,1
19674,1
19675,1
19676,1
19677,1
19678,1
19679,1
19680,1
19681,1
19682,1
19683,1
19684,1
19685,1
19686,1
19687,1
19688,1
19689,1
19690,1
19691,1
19692,1
19693,1
19694,1
19695,1
19696,1
19697,1
19698,1
19699,1
19700,1
19701,1
19702,1
19703,1
19704,1
19705,1
19706,1
19707,1
19708,1
19709,1
19710,1
19711,1
19712,1
19713,1
19714,1
19715,1
19716,1
19717,1
19718,1
19719,1
19720,1
19721,1
19722,1
19723,1
19724,1
19725,1
19726,1
19727,1
19728,1
19729,1
19730,1
19731,1
19732,1
19733,1
19734,1
19735,1
19736,1
19737,1
19738,1
19739,1
19740,1
19741,1
19742,1
19743,1
19744,1
19745,1
19746,1
19747,1
19748,1
19749,1
19750,1
19751,1
19752,1
19753,1
19754,1
19755,1
19756,1
19757,1
19758,1
19759,1
19760,1
19761,1
19762,1
19763,1
19764,1
19765,1
19766,1
19767,1
19768,1
19769,1
19770,1
19771,1
19772,1
19773,1
19774,1
19775,1
19776,1
19777,1
19778,1
19779,1
19780,1
19781,1
19782,1
19783,1
19784,1
19785,1
19786,1
19787,1
19788,1
19789,1
19790,1
19791,1
19792,1
19793,1
19794,1
19795,1
19796,1
19797,1
19798,1
19799,1
19800,1
19801,1
19802,1
19803,1
19804,1
19805,1
19806,1
19807,1
19808,1
19809,1
19810,1
19811,1
19812,1
19813,1
19814,1
19815,1
19816,1
19817,1
19818,1
19819,1
19820,1
19821,1
19822,1
19823,1
19824,1
19825,1
19826,1
19827,1
19828,1
19829,1
19830,1
19831,1
19832,1
19833,1
19834,1
19835,1
19836,1
19837,1
19838,1
19839,1
19840,1
19841,1
19842,1
19843,1
19844,1
19845,1
19846,1
19847,1
19848,1
19849,1
19850,1
19851,1
19852,1
19853,1
19854,1
19855,1
19856,1
19857,1
19858,1
19859,1
19860,1
19861,1
19862,1
19863,1
19864,1
19865,1
19866,1
19867,1
19868,1
19869,1
19870,1
19871,1
19872,1
19873,1
19874,1
19875,1
19876,1
19877,1
19878,1
19879,1
19880,1
19881,1
19882,1
19883,1
19884,1
19885,1
19886,1
19887,1
19888,1
19889,1
19890,1
19891,1
19892,1
19893,1
19894,1
19895,1
19896,1
19897,1
19898,1
19899,1
19900,1
19901,1
19902,1
19903,1
19904,1
19905,1
19906,1
19907,1
19908,1
19909,1
19910,1
19911,1
19912,1
19913,1
19914,1
19915,1
19916,1
19917,1
19918,1
19919,1
19920,1
19921,1
19922,1
19923,1
19924,1
19925,1
19926,1
19927,1
19928,1
19929,1
19930,1
19931,1
19932,1
19933,1
19934,1
19935,1
19936,1
19937,1
19938,1
19939,1
19940,1
19941,1
19942,1
19943,1
19944,1
19945,1
19946,1
19947,1
19948,1
19949,1
19950,1
19951,1
19952,1
19953,1
19954,1
19955,1
19956,1
19957,1
19958,1
19959,1
19960,1
19961,1
19962,1
19963,1
19964,1
19965,1
19966,1
19967,1
19968,1
19969,1
19970,1
19971,1
19972,1
19973,1
19974,1
19975,1
19976,1
19977,1
19978,1
19979,1
19980,1
19981,1
19982,1
19983,1
19984,1
19985,1
19986,1
19987,1
19988,1
19989,1
19990,1
19991,1
19992,1
19993,1
19994,1
19995,1
19996,1
19997,1
19998,1
19999,1
20000,1
20001,1
20002,1
20003,1
20004,1
20005,1
20006,1
20007,1
20008,1
20009,1
20010,1
20011,1
20012,1
20013,1
20014,1
20015,1
20016,1
20017,1
20018,1
20019,1
20020,1
20021,1
20022,1
20023,1
20024,1
20025,1
20026,1
20027,1
20028,1
20029,1
20030,1
20031,1
20032,1
20033,1
20034,1
20035,1
20036,1
20037,1
20038,1
20039,1
20040,1
20041,1
20042,1
20043,1
20044,1
20045,1
20046,1
20047,1
20048,1
20049,1
20050,1
20051,1
20052,1
20053,1
20054,1
20055,1
20056,1
20057,1
20058,1
20059,1
20060,1
20061,1
20062,1
20063,1
20064,1
20065,1
20066,1
20067,1
20068,1
20069,1
20070,1
20071,1
20072,1
20073,1
20074,1
20075,1
20076,1
20077,1
20078,1
20079,1
20080,1
20081,1
20082,1
20083,1
20084,1
20085,1
20086,1
20087,1
20088,1
20089,1
20090,1
20091,1
20092,1
20093,1
20094,1
20095,1
20096,1
20097,1
20098,1
20099,1
20100,1
20101,1
20102,1
20103,1
20104,1
20105,1
20106,1
20107,1
20108,1
20109,1
20110,1
20111,1
20112,1
20113,1
20114,1
20115,1
20116,1
20117,1
20118,1
20119,1
20120,1
20121,1
20122,1
20123,1
20124,1
20125,1
20126,1
20127,1
20128,1
20129,1
20130,1
20131,1
20132,1
20133,1
20134,1
20135,1
20136,1
20137,1
20138,1
20139,1
20140,1
20141,1
20142,1
20143,1
20144,1
20145,1
20146,1
20147,1
20148,1
20149,1
20150,1
20151,1
20152,1
20153,1
20154,1
20155,1
20156,1
20157,1
20158,1
20159,1
20160,1
20161,1
20162,1
20163,1
20164,1
20165,1
20166,1
20167,1
20168,1
20169,1
20170,1
20171,1
20172,1
20173,1
20174,1
20175,1
20176,1
20177,1
20178,1
20179,1
20180,1
20181,1
20182,1
20183,1
20184,1
20185,1
20186,1
20187,1
20188,1
20189,1
20190,1
20191,1
20192,1
20193,1
20194,1
20195,1
20196,1
20197,1
20198,1
20199,1
20200,1
20201,1
20202,1
20203,1
20204,1
20205,1
20206,1
20207,1
20208,1
20209,1
20210,1
20211,1
20212,1
20213,1
20214,1
20215,1
20216,1
20217,1
20218,1
20219,1
20220,1
20221,1
20222,1
20223,1
20224,1
20225,1
20226,1
20227,1
20228,1
20229,1
20230,1
20231,1
20232,1
20233,1
20234,1
20235,1
20236,1
20237,1
20238,1
20239,1
20240,1
20241,1
20242,1
20243,1
20244,1
20245,1
20246,1
20247,1
20248,1
20249,1
20250,1
20251,1
20252,1
20253,1
20254,1
20255,1
20256,1
20257,1
20258,1
20259,1
20260,1
20261,1
20262,1
20263,1
20264,1
20265,1
20266,1
20267,1
20268,1
20269,1
20270,1
20271,1
20272,1
20273,1
20274,1
20275,1
20276,1
20277,1
20278,1
20279,1
20280,1
20281,1
20282,1
20283,1
20284,1
20285,1
20286,1
20287,1
20288,1
20289,1
20290,1
20291,1
20292,1
20293,1
20294,1
20295,1
20296,1
20297,1
20298,1
20299,1
20300,1
20301,1
20302,1
20303,1
20304,1
20305,1
20306,1
20307,1
20308,1
20309,1
20310,1
20311,1
20312,1
20313,1
20314,1
20315,1
20316,1
20317,1
20318,1
20319,1
20320,1
20321,1
20322,1
20323,1
20324,1
20325,1
20326,1
20327,1
20328,1
20329,1
20330,1
20331,1
20332,1
20333,1
20334,1
20335,1
20336,1
20337,1
20338,1
20339,1
20340,1
20341,1
20342,1
20343,1
20344,1
20345,1
20346,1
20347,1
20348,1
20349,1
20350,1
20351,1
20352,1
20353,1
20354,1
20355,1
20356,1
20357,1
20358,1
20359,1
20360,1
20361,1
20362,1
20363,1
20364,1
20365,1
20366,1
20367,1
20368,1
20369,1
20370,1
20371,1
20372,1
20373,1
20374,1
20375,1
20376,1
20377,1
20378,1
20379,1
20380,1
20381,1
20382,1
20383,1
20384,1
20385,1
20386,1
20387,1
20388,1
20389,1
20390,1
20391,1
20392,1
20393,1
20394,1
20395,1
20396,1
20397,1
20398,1
20399,1
20400,1
20401,1
20402,1
20403,1
20404,1
20405,1
20406,1
20407,1
20408,1
20409,1
20410,1
20411,1
20412,1
20413,1
20414,1
20415,1
20416,1
20417,1
20418,1
20419,1
20420,1
20421,1
20422,1
20423,1
20424,1
20425,1
20426,1
20427,1
20428,1
20429,1
20430,1
20431,1
20432,1
20433,1
20434,1
20435,1
20436,1
20437,1
20438,1
20439,1
20440,1
20441,1
20442,1
20443,1
20444,1
20445,1
20446,1
20447,1
20448,1
20449,1
20450,1
20451,1
20452,1
20453,1
20454,1
20455,1
20456,1
20457,1
20458,1
20459,1
20460,1
20461,1
20462,1
20463,1
20464,1
20465,1
20466,1
20467,1
20468,1
20469,1
20470,1
20471,1
20472,1
20473,1
20474,1
20475,1
20476,1
20477,1
20478,1
20479,1
20480,1
20481,1
20482,1
20483,1
20484,1
20485,1
20486,1
20487,1
20488,1
20489,1
20490,1
20491,1
20492,1
20493,1
20494,1
20495,1
20496,1
20497,1
20498,1
20499,1
20500,1
20501,1
20502,1
20503,1
20504,1
20505,1
20506,1
20507,1
20508,1
20509,1
20510,1
20511,1
20512,1
20513,1
20514,1
20515,1
20516,1
20517,1
20518,1
20519,1
20520,1
20521,1
20522,1
20523,1
20524,1
20525,1
20526,1
20527,1
20528,1
20529,1
20530,1
20531,1
20532,1
20533,1
20534,1
20535,1
20536,1
20537,1
20538,1
20539,1
20540,1
20541,1
20542,1
20543,1
20544,1
20545,1
20546,1
20547,1
20548,1
20549,1
20550,1
20551,1
20552,1
20553,1
20554,1
20555,1
20556,1
20557,1
20558,1
20559,1
20560,1
20561,1
20562,1
20563,1
20564,1
20565,1
20566,1
20567,1
20568,1
20569,1
20570,1
20571,1
20572,1
20573,1
20574,1
20575,1
20576,1
20577,1
20578,1
20579,1
20580,1
20581,1
20582,1
20583,1
20584,1
20585,1
20586,1
20587,1
20588,1
20589,1
20590,1
20591,1
20592,1
20593,1
20594,1
20595,1
20596,1
20597,1
20598,1
20599,1
20600,1
20601,1
20602,1
20603,1
20604,1
20605,1
20606,1
20607,1
20608,1
20609,1
20610,1
20611,1
20612,1
20613,1
20614,1
20615,1
20616,1
20617,1
20618,1
20619,1
20620,1
20621,1
20622,1
20623,1
20624,1
20625,1
20626,1
20627,1
20628,1
20629,1
20630,1
20631,1
20632,1
20633,1
20634,1
20635,1
20636,1
20637,1
20638,1
20639,1
20640,1
20641,1
20642,1
20643,1
20644,1
20645,1
20646,1
20647,1
20648,1
20649,1
20650,1
20651,1
20652,1
20653,1
20654,1
20655,1
20656,1
20657,1
20658,1
20659,1
20660,1
20661,1
20662,1
20663,1
20664,1
20665,1
20666,1
20667,1
20668,1
20669,1
20670,1
20671,1
20672,1
20673,1
20674,1
20675,1
20676,1
20677,1
20678,1
20679,1
20680,1
20681,1
20682,1
20683,1
20684,1
20685,1
20686,1
20687,1
20688,1
20689,1
20690,1
20691,1
20692,1
20693,1
20694,1
20695,1
20696,1
20697,1
20698,1
20699,1
20700,1
20701,1
20702,1
20703,1
20704,1
20705,1
20706,1
20707,1
20708,1
20709,1
20710,1
20711,1
20712,1
20713,1
20714,1
20715,1
20716,1
20717,1
20718,1
20719,1
20720,1
20721,1
20722,1
20723,1
20724,1
20725,1
20726,1
20727,1
20728,1
20729,1
20730,1
20731,1
20732,1
20733,1
20734,1
20735,1
20736,1
20737,1
20738,1
20739,1
20740,1
20741,1
20742,1
20743,1
20744,1
20745,1
20746,1
20747,1
20748,1
20749,1
20750,1
20751,1
20752,1
20753,1
20754,1
20755,1
20756,1
20757,1
20758,1
20759,1
20760,1
20761,1
20762,1
20763,1
20764,1
20765,1
20766,1
20767,1
20768,1
20769,1
20770,1
20771,1
20772,1
20773,1
20774,1
20775,1
20776,1
20777,1
20778,1
20779,1
20780,1
20781,1
20782,1
20783,1
20784,1
20785,1
20786,1
20787,1
20788,1
20789,1
20790,1
20791,1
20792,1
20793,1
20794,1
20795,1
20796,1
20797,1
20798,1
20799,1
20800,1
20801,1
20802,1
20803,1
20804,1
20805,1
20806,1
20807,1
20808,1
20809,1
20810,1
20811,1
20812,1
20813,1
20814,1
20815,1
20816,1
20817,1
20818,1
20819,1
20820,1
20821,1
20822,1
20823,1
20824,1
20825,1
20826,1
20827,1
20828,1
20829,1
20830,1
20831,1
20832,1
20833,1
20834,1
20835,1
20836,1
20837,1
20838,1
20839,1
20840,1
20841,1
20842,1
20843,1
20844,1
20845,1
20846,1
20847,1
20848,1
20849,1
20850,1
20851,1
20852,1
20853,1
20854,1
20855,1
20856,1
20857,1
20858,1
20859,1
20860,1
20861,1
20862,1
20863,1
20864,1
20865,1
20866,1
20867,1
20868,1
20869,1
20870,1
20871,1
20872,1
20873,1
20874,1
20875,1
20876,1
20877,1
20878,1
20879,1
20880,1
20881,1
20882,1
20883,1
20884,1
20885,1
20886,1
20887,1
20888,1
20889,1
20890,1
20891,1
20892,1
20893,1
20894,1
20895,1
20896,1
20897,1
20898,1
20899,1
20900,1
20901,1
20902,1
20903,1
20904,1
20905,1
20906,1
20907,1
20908,1
20909,1
20910,1
20911,1
20912,1
20913,1
20914,1
20915,1
20916,1
20917,1
20918,1
20919,1
20920,1
20921,1
20922,1
20923,1
20924,1
20925,1
20926,1
20927,1
20928,1
20929,1
20930,1
20931,1
20932,1
20933,1
20934,1
20935,1
20936,1
20937,1
20938,1
20939,1
20940,1
20941,1
20942,1
20943,1
20944,1
20945,1
20946,1
20947,1
20948,1
20949,1
20950,1
20951,1
20952,1
20953,1
20954,1
20955,1
20956,1
20957,1
20958,1
20959,1
20960,1
20961,1
20962,1
20963,1
20964,1
20965,1
20966,1
20967,1
20968,1
20969,1
20970,1
20971,1
20972,1
20973,1
20974,1
20975,1
20976,1
20977,1
20978,1
20979,1
20980,1
20981,1
20982,1
20983,1
20984,1
20985,1
20986,1
20987,1
20988,1
20989,1
20990,1
20991,1
20992,1
20993,1
20994,1
20995,1
20996,1
20997,1
20998,1
20999,1
21000,1
21001,1
21002,1
21003,1
21004,1
21005,1
21006,1
21007,1
21008,1
21009,1
21010,1
21011,1
21012,1
21013,1
21014,1
21015,1
21016,1
21017,1
21018,1
21019,1
21020,1
21021,1
21022,1
21023,1
21024,1
21025,1
21026,1
21027,1
21028,1
21029,1
21030,1
21031,1
21032,1
21033,1
21034,1
21035,1
21036,1
21037,1
21038,1
21039,1
21040,1
21041,1
21042,1
21043,1
21044,1
21045,1
21046,1
21047,1
21048,1
21049,1
21050,1
21051,1
21052,1
21053,1
21054,1
21055,1
21056,1
21057,1
21058,1
21059,1
21060,1
21061,1
21062,1
21063,1
21064,1
21065,1
21066,1
21067,1
21068,1
21069,1
21070,1
21071,1
21072,1
21073,1
21074,1
21075,1
21076,1
21077,1
21078,1
21079,1
21080,1
21081,1
21082,1
21083,1
21084,1
21085,1
21086,1
21087,1
21088,1
21089,1
21090,1
21091,1
21092,1
21093,1
21094,1
21095,1
21096,1
21097,1
21098,1
21099,1
21100,1
21101,1
21102,1
21103,1
21104,1
21105,1
21106,1
21107,1
21108,1
21109,1
21110,1
21111,1
21112,1
21113,1
21114,1
21115,1
21116,1
21117,1
21118,1
21119,1
21120,1
21121,1
21122,1
21123,1
21124,1
21125,1
21126,1
21127,1
21128,1
21129,1
21130,1
21131,1
21132,1
21133,1
21134,1
21135,1
21136,1
21137,1
21138,1
21139,1
21140,1
21141,1
21142,1
21143,1
21144,1
21145,1
21146,1
21147,1
21148,1
21149,1
21150,1
21151,1
21152,1
21153,1
21154,1
21155,1
21156,1
21157,1
21158,1
21159,1
21160,1
21161,1
21162,1
21163,1
21164,1
21165,1
21166,1
21167,1
21168,1
21169,1
21170,1
21171,1
21172,1
21173,1
21174,1
21175,1
21176,1
21177,1
21178,1
21179,1
21180,1
21181,1
21182,1
21183,1
21184,1
21185,1
21186,1
21187,1
21188,1
21189,1
21190,1
21191,1
21192,1
21193,1
21194,1
21195,1
21196,1
21197,1
21198,1
21199,1
21200,1
21201,1
21202,1
21203,1
21204,1
21205,1
21206,1
21207,1
21208,1
21209,1
21210,1
21211,1
21212,1
21213,1
21214,1
21215,1
21216,1
21217,1
21218,1
21219,1
21220,1
21221,1
21222,1
21223,1
21224,1
21225,1
21226,1
21227,1
21228,1
21229,1
21230,1
21231,1
21232,1
21233,1
21234,1
21235,1
21236,1
21237,1
21238,1
21239,1
21240,1
21241,1
21242,1
21243,1
21244,1
21245,1
21246,1
21247,1
21248,1
21249,1
21250,1
21251,1
21252,1
21253,1
21254,1
21255,1
21256,1
21257,1
21258,1
21259,1
21260,1
21261,1
21262,1
21263,1
21264,1
21265,1
21266,1
21267,1
21268,1
21269,1
21270,1
21271,1
21272,1
21273,1
21274,1
21275,1
21276,1
21277,1
21278,1
21279,1
21280,1
21281,1
21282,1
21283,1
21284,1
21285,1
21286,1
21287,1
21288,1
21289,1
21290,1
21291,1
21292,1
21293,1
21294,1
21295,1
21296,1
21297,1
21298,1
21299,1
21300,1
21301,1
21302,1
21303,1
21304,1
21305,1
21306,1
21307,1
21308,1
21309,1
21310,1
21311,1
21312,1
21313,1
21314,1
21315,1
21316,1
21317,1
21318,1
21319,1
21320,1
21321,1
21322,1
21323,1
21324,1
21325,1
21326,1
21327,1
21328,1
21329,1
21330,1
21331,1
21332,1
21333,1
21334,1
21335,1
21336,1
21337,1
21338,1
21339,1
21340,1
21341,1
21342,1
21343,1
21344,1
21345,1
21346,1
21347,1
21348,1
21349,1
21350,1
21351,1
21352,1
21353,1
21354,1
21355,1
21356,1
21357,1
21358,1
21359,1
21360,1
21361,1
21362,1
21363,1
21364,1
21365,1
21366,1
21367,1
21368,1
21369,1
21370,1
21371,1
21372,1
21373,1
21374,1
21375,1
21376,1
21377,1
21378,1
21379,1
21380,1
21381,1
21382,1
21383,1
21384,1
21385,1
21386,1
21387,1
21388,1
21389,1
21390,1
21391,1
21392,1
21393,1
21394,1
21395,1
21396,1
21397,1
21398,1
21399,1
21400,1
21401,1
21402,1
21403,1
21404,1
21405,1
21406,1
21407,1
21408,1
21409,1
21410,1
21411,1
21412,1
21413,1
21414,1
21415,1
21416,1
21417,1
21418,1
21419,1
21420,1
21421,1
21422,1
21423,1
21424,1
21425,1
21426,1
21427,1
21428,1
21429,1
21430,1
21431,1
21432,1
21433,1
21434,1
21435,1
21436,1
21437,1
21438,1
21439,1
21440,1
21441,1
21442,1
21443,1
21444,1
21445,1
21446,1
21447,1
21448,1
21449,1
21450,1
21451,1
21452,1
21453,1
21454,1
21455,1
21456,1
21457,1
21458,1
21459,1
21460,1
21461,1
21462,1
21463,1
21464,1
21465,1
21466,1
21467,1
21468,1
21469,1
21470,1
21471,1
21472,1
21473,1
21474,1
21475,1
21476,1
21477,1
21478,1
21479,1
21480,1
21481,1
21482,1
21483,1
21484,1
21485,1
21486,1
21487,1
21488,1
21489,1
21490,1
21491,1
21492,1
21493,1
21494,1
21495,1
21496,1
21497,1
21498,1
21499,1
21500,1
21501,1
21502,1
21503,1
21504,1
21505,1
21506,1
21507,1
21508,1
21509,1
21510,1
21511,1
21512,1
21513,1
21514,1
21515,1
21516,1
21517,1
21518,1
21519,1
21520,1
21521,1
21522,1
21523,1
21524,1
21525,1
21526,1
21527,1
21528,1
21529,1
21530,1
21531,1
21532,1
21533,1
21534,1
21535,1
21536,1
21537,1
21538,1
21539,1
21540,1
21541,1
21542,1
21543,1
21544,1
21545,1
21546,1
21547,1
21548,1
21549,1
21550,1
21551,1
21552,1
21553,1
21554,1
21555,1
21556,1
21557,1
21558,1
21559,1
21560,1
21561,1
21562,1
21563,1
21564,1
21565,1
21566,1
21567,1
21568,1
21569,1
21570,1
21571,1
21572,1
21573,1
21574,1
21575,1
21576,1
21577,1
21578,1
21579,1
21580,1
21581,1
21582,1
21583,1
21584,1
21585,1
21586,1
21587,1
21588,1
21589,1
21590,1
21591,1
21592,1
21593,1
21594,1
21595,1
21596,1
21597,1
21598,1
21599,1
21600,1
21601,1
21602,1
21603,1
21604,1
21605,1
21606,1
21607,1
21608,1
21609,1
21610,1
21611,1
21612,1
21613,1
21614,1
21615,1
21616,1
21617,1
21618,1
21619,1
21620,1
21621,1
21622,1
21623,1
21624,1
21625,1
21626,1
21627,1
21628,1
21629,1
21630,1
21631,1
21632,1
21633,1
21634,1
21635,1
21636,1
21637,1
21638,1
21639,1
21640,1
21641,1
21642,1
21643,1
21644,1
21645,1
21646,1
21647,1
21648,1
21649,1
21650,1
21651,1
21652,1
21653,1
21654,1
21655,1
21656,1
21657,1
21658,1
21659,1
21660,1
21661,1
21662,1
21663,1
21664,1
21665,1
21666,1
21667,1
21668,1
21669,1
21670,1
21671,1
21672,1
21673,1
21674,1
21675,1
21676,1
21677,1
21678,1
21679,1
21680,1
21681,1
21682,1
21683,1
21684,1
21685,1
21686,1
21687,1
21688,1
21689,1
21690,1
21691,1
21692,1
21693,1
21694,1
21695,1
21696,1
21697,1
21698,1
21699,1
21700,1
21701,1
21702,1
21703,1
21704,1
21705,1
21706,1
21707,1
21708,1
21709,1
21710,1
21711,1
21712,1
21713,1
21714,1
21715,1
21716,1
21717,1
21718,1
21719,1
21720,1
21721,1
21722,1
21723,1
21724,1
21725,1
21726,1
21727,1
21728,1
21729,1
21730,1
21731,1
21732,1
21733,1
21734,1
21735,1
21736,1
21737,1
21738,1
21739,1
21740,1
21741,1
21742,1
21743,1
21744,1
21745,1
21746,1
21747,1
21748,1
21749,1
21750,1
21751,1
21752,1
21753,1
21754,1
21755,1
21756,1
21757,1
21758,1
21759,1
21760,1
21761,1
21762,1
21763,1
21764,1
21765,1
21766,1
21767,1
21768,1
21769,1
21770,1
21771,1
21772,1
21773,1
21774,1
21775,1
21776,1
21777,1
21778,1
21779,1
21780,1
21781,1
21782,1
21783,1
21784,1
21785,1
21786,1
21787,1
21788,1
21789,1
21790,1
21791,1
21792,1
21793,1
21794,1
21795,1
21796,1
21797,1
21798,1
21799,1
21800,1
21801,1
21802,1
21803,1
21804,1
21805,1
21806,1
21807,1
21808,1
21809,1
21810,1
21811,1
21812,1
21813,1
21814,1
21815,1
21816,1
21817,1
21818,1
21819,1
21820,1
21821,1
21822,1
21823,1
21824,1
21825,1
21826,1
21827,1
21828,1
21829,1
21830,1
21831,1
21832,1
21833,1
21834,1
21835,1
21836,1
21837,1
21838,1
21839,1
21840,1
21841,1
21842,1
21843,1
21844,1
21845,1
21846,1
21847,1
21848,1
21849,1
21850,1
21851,1
21852,1
21853,1
21854,1
21855,1
21856,1
21857,1
21858,1
21859,1
21860,1
21861,1
21862,1
21863,1
21864,1
21865,1
21866,1
21867,1
21868,1
21869,1
21870,1
21871,1
21872,1
21873,1
21874,1
21875,1
21876,1
21877,1
21878,1
21879,1
21880,1
21881,1
21882,1
21883,1
21884,1
21885,1
21886,1
21887,1
21888,1
21889,1
21890,1
21891,1
21892,1
21893,1
21894,1
21895,1
21896,1
21897,1
21898,1
21899,1
21900,1
21901,1
21902,1
21903,1
21904,1
21905,1
21906,1
21907,1
21908,1
21909,1
21910,1
21911,1
21912,1
21913,1
21914,1
21915,1
21916,1
21917,1
21918,1
21919,1
21920,1
21921,1
21922,1
21923,1
21924,1
21925,1
21926,1
21927,1
21928,1
21929,1
21930,1
21931,1
21932,1
21933,1
21934,1
21935,1
21936,1
21937,1
21938,1
21939,1
21940,1
21941,1
21942,1
21943,1
21944,1
21945,1
21946,1
21947,1
21948,1
21949,1
21950,1
21951,1
21952,1
21953,1
21954,1
21955,1
21956,1
21957,1
21958,1
21959,1
21960,1
21961,1
21962,1
21963,1
21964,1
21965,1
21966,1
21967,1
21968,1
21969,1
21970,1
21971,1
21972,1
21973,1
21974,1
21975,1
21976,1
21977,1
21978,1
21979,1
21980,1
21981,1
21982,1
21983,1
21984,1
21985,1
21986,1
21987,1
21988,1
21989,1
21990,1
21991,1
21992,1
21993,1
21994,1
21995,1
21996,1
21997,1
21998,1
21999,1
22000,1
22001,1
22002,1
22003,1
22004,1
22005,1
22006,1
22007,1
22008,1
22009,1
22010,1
22011,1
22012,1
22013,1
22014,1
22015,1
22016,1
22017,1
22018,1
22019,1
22020,1
22021,1
22022,1
22023,1
22024,1
22025,1
22026,1
22027,1
22028,1
22029,1
22030,1
22031,1
22032,1
22033,1
22034,1
22035,1
22036,1
22037,1
22038,1
22039,1
22040,1
22041,1
22042,1
22043,1
22044,1
22045,1
22046,1
22047,1
22048,1
22049,1
22050,1
22051,1
22052,1
22053,1
22054,1
22055,1
22056,1
22057,1
22058,1
22059,1
22060,1
22061,1
22062,1
22063,1
22064,1
22065,1
22066,1
22067,1
22068,1
22069,1
22070,1
22071,1
22072,1
22073,1
22074,1
22075,1
22076,1
22077,1
22078,1
22079,1
22080,1
22081,1
22082,1
22083,1
22084,1
22085,1
22086,1
22087,1
22088,1
22089,1
22090,1
22091,1
22092,1
22093,1
22094,1
22095,1
22096,1
22097,1
22098,1
22099,1
22100,1
22101,1
22102,1
22103,1
22104,1
22105,1
22106,1
22107,1
22108,1
22109,1
22110,1
22111,1
22112,1
22113,1
22114,1
22115,1
22116,1
22117,1
22118,1
22119,1
22120,1
22121,1
22122,1
22123,1
22124,1
22125,1
22126,1
22127,1
22128,1
22129,1
22130,1
22131,1
22132,1
22133,1
22134,1
22135,1
22136,1
22137,1
22138,1
22139,1
22140,1
22141,1
22142,1
22143,1
22144,1
22145,1
22146,1
22147,1
22148,1
22149,1
22150,1
22151,1
22152,1
22153,1
22154,1
22155,1
22156,1
22157,1
22158,1
22159,1
22160,1
22161,1
22162,1
22163,1
22164,1
22165,1
22166,1
22167,1
22168,1
22169,1
22170,1
22171,1
22172,1
22173,1
22174,1
22175,1
22176,1
22177,1
22178,1
22179,1
22180,1
22181,1
22182,1
22183,1
22184,1
22185,1
22186,1
22187,1
22188,1
22189,1
22190,1
22191,1
22192,1
22193,1
22194,1
22195,1
22196,1
22197,1
22198,1
22199,1
22200,1
22201,1
22202,1
22203,1
22204,1
22205,1
22206,1
22207,1
22208,1
22209,1
22210,1
22211,1
22212,1
22213,1
22214,1
22215,1
22216,1
22217,1
22218,1
22219,1
22220,1
22221,1
22222,1
22223,1
22224,1
22225,1
22226,1
22227,1
22228,1
22229,1
22230,1
22231,1
22232,1
22233,1
22234,1
22235,1
22236,1
22237,1
22238,1
22239,1
22240,1
22241,1
22242,1
22243,1
22244,1
22245,1
22246,1
22247,1
22248,1
22249,1
22250,1
22251,1
22252,1
22253,1
22254,1
22255,1
22256,1
22257,1
22258,1
22259,1
22260,1
22261,1
22262,1
22263,1
22264,1
22265,1
22266,1
22267,1
22268,1
22269,1
22270,1
22271,1
22272,1
22273,1
22274,1
22275,1
22276,1
22277,1
22278,1
22279,1
22280,1
22281,1
22282,1
22283,1
22284,1
22285,1
22286,1
22287,1
22288,1
22289,1
22290,1
22291,1
22292,1
22293,1
22294,1
22295,1
22296,1
22297,1
22298,1
22299,1
22300,1
22301,1
22302,1
22303,1
22304,1
22305,1
22306,1
22307,1
22308,1
22309,1
22310,1
22311,1
22312,1
22313,1
22314,1
22315,1
22316,1
22317,1
22318,1
22319,1
22320,1
22321,1
22322,1
22323,1
22324,1
22325,1
22326,1
22327,1
22328,1
22329,1
22330,1
22331,1
22332,1
22333,1
22334,1
22335,1
22336,1
22337,1
22338,1
22339,1
22340,1
22341,1
22342,1
22343,1
22344,1
22345,1
22346,1
22347,1
22348,1
22349,1
22350,1
22351,1
22352,1
22353,1
22354,1
22355,1
22356,1
22357,1
22358,1
22359,1
22360,1
22361,1
22362,1
22363,1
22364,1
22365,1
22366,1
22367,1
22368,1
22369,1
22370,1
22371,1
22372,1
22373,1
22374,1
22375,1
22376,1
22377,1
22378,1
22379,1
22380,1
22381,1
22382,1
22383,1
22384,1
22385,1
22386,1
22387,1
22388,1
22389,1
22390,1
22391,1
22392,1
22393,1
22394,1
22395,1
22396,1
22397,1
22398,1
22399,1
22400,1
22401,1
22402,1
22403,1
22404,1
22405,1
22406,1
22407,1
22408,1
22409,1
22410,1
22411,1
22412,1
22413,1
22414,1
22415,1
22416,1
22417,1
22418,1
22419,1
22420,1
22421,1
22422,1
22423,1
22424,1
22425,1
22426,1
22427,1
22428,1
22429,1
22430,1
22431,1
22432,1
22433,1
22434,1
22435,1
22436,1
22437,1
22438,1
22439,1
22440,1
22441,1
22442,1
22443,1
22444,1
22445,1
22446,1
22447,1
22448,1
22449,1
22450,1
22451,1
22452,1
22453,1
22454,1
22455,1
22456,1
22457,1
22458,1
22459,1
22460,1
22461,1
22462,1
22463,1
22464,1
22465,1
22466,1
22467,1
22468,1
22469,1
22470,1
22471,1
22472,1
22473,1
22474,1
22475,1
22476,1
22477,1
22478,1
22479,1
22480,1
22481,1
22482,1
22483,1
22484,1
22485,1
22486,1
22487,1
22488,1
22489,1
22490,1
22491,1
22492,1
22493,1
22494,1
22495,1
22496,1
22497,1
22498,1
22499,1
22500,1
22501,1
22502,1
22503,1
22504,1
22505,1
22506,1
22507,1
22508,1
22509,1
22510,1
22511,1
22512,1
22513,1
22514,1
22515,1
22516,1
22517,1
22518,1
22519,1
22520,1
22521,1
22522,1
22523,1
22524,1
22525,1
22526,1
22527,1
22528,1
22529,1
22530,1
22531,1
22532,1
22533,1
22534,1
22535,1
22536,1
22537,1
22538,1
22539,1
22540,1
22541,1
22542,1
22543,1
22544,1
22545,1
22546,1
22547,1
22548,1
22549,1
22550,1
22551,1
22552,1
22553,1
22554,1
22555,1
22556,1
22557,1
22558,1
22559,1
22560,1
22561,1
22562,1
22563,1
22564,1
22565,1
22566,1
22567,1
22568,1
22569,1
22570,1
22571,1
22572,1
22573,1
22574,1
22575,1
22576,1
22577,1
22578,1
22579,1
22580,1
22581,1
22582,1
22583,1
22584,1
22585,1
22586,1
22587,1
22588,1
22589,1
22590,1
22591,1
22592,1
22593,1
22594,1
22595,1
22596,1
22597,1
22598,1
22599,1
22600,1
22601,1
22602,1
22603,1
22604,1
22605,1
22606,1
22607,1
22608,1
22609,1
22610,1
22611,1
22612,1
22613,1
22614,1
22615,1
22616,1
22617,1
22618,1
22619,1
22620,1
22621,1
22622,1
22623,1
22624,1
22625,1
22626,1
22627,1
22628,1
22629,1
22630,1
22631,1
22632,1
22633,1
22634,1
22635,1
22636,1
22637,1
22638,1
22639,1
22640,1
22641,1
22642,1
22643,1
22644,1
22645,1
22646,1
22647,1
22648,1
22649,1
22650,1
22651,1
22652,1
22653,1
22654,1
22655,1
22656,1
22657,1
22658,1
22659,1
22660,1
22661,1
22662,1
22663,1
22664,1
22665,1
22666,1
22667,1
22668,1
22669,1
22670,1
22671,1
22672,1
22673,1
22674,1
22675,1
22676,1
22677,1
22678,1
22679,1
22680,1
22681,1
22682,1
22683,1
22684,1
22685,1
22686,1
22687,1
22688,1
22689,1
22690,1
22691,1
22692,1
22693,1
22694,1
22695,1
22696,1
22697,1
22698,1
22699,1
22700,1
22701,1
22702,1
22703,1
22704,1
22705,1
22706,1
22707,1
22708,1
22709,1
22710,1
22711,1
22712,1
22713,1
22714,1
22715,1
22716,1
22717,1
22718,1
22719,1
22720,1
22721,1
22722,1
22723,1
22724,1
22725,1
22726,1
22727,1
22728,1
22729,1
22730,1
22731,1
22732,1
22733,1
22734,1
22735,1
22736,1
22737,1
22738,1
22739,1
22740,1
22741,1
22742,1
22743,1
22744,1
22745,1
22746,1
22747,1
22748,1
22749,1
22750,1
22751,1
22752,1
22753,1
22754,1
22755,1
22756,1
22757,1
22758,1
22759,1
22760,1
22761,1
22762,1
22763,1
22764,1
22765,1
22766,1
22767,1
22768,1
22769,1
22770,1
22771,1
22772,1
22773,1
22774,1
22775,1
22776,1
22777,1
22778,1
22779,1
22780,1
22781,1
22782,1
22783,1
22784,1
22785,1
22786,1
22787,1
22788,1
22789,1
22790,1
22791,1
22792,1
22793,1
22794,1
22795,1
22796,1
22797,1
22798,1
22799,1
22800,1
22801,1
22802,1
22803,1
22804,1
22805,1
22806,1
22807,1
22808,1
22809,1
22810,1
22811,1
22812,1
22813,1
22814,1
22815,1
22816,1
22817,1
22818,1
22819,1
22820,1
22821,1
22822,1
22823,1
22824,1
22825,1
22826,1
22827,1
22828,1
22829,1
22830,1
22831,1
22832,1
22833,1
22834,1
22835,1
22836,1
22837,1
22838,1
22839,1
22840,1
22841,1
22842,1
22843,1
22844,1
22845,1
22846,1
22847,1
22848,1
22849,1
22850,1
22851,1
22852,1
22853,1
22854,1
22855,1
22856,1
22857,1
22858,1
22859,1
22860,1
22861,1
22862,1
22863,1
22864,1
22865,1
22866,1
22867,1
22868,1
22869,1
22870,1
22871,1
22872,1
22873,1
22874,1
22875,1
22876,1
22877,1
22878,1
22879,1
22880,1
22881,1
22882,1
22883,1
22884,1
22885,1
22886,1
22887,1
22888,1
22889,1
22890,1
22891,1
22892,1
22893,1
22894,1
22895,1
22896,1
22897,1
22898,1
22899,1
22900,1
22901,1
22902,1
22903,1
22904,1
22905,1
22906,1
22907,1
22908,1
22909,1
22910,1
22911,1
22912,1
22913,1
22914,1
22915,1
22916,1
22917,1
22918,1
22919,1
22920,1
22921,1
22922,1
22923,1
22924,1
22925,1
22926,1
22927,1
22928,1
22929,1
22930,1
22931,1
22932,1
22933,1
22934,1
22935,1
22936,1
22937,1
22938,1
22939,1
22940,1
22941,1
22942,1
22943,1
22944,1
22945,1
22946,1
22947,1
22948,1
22949,1
22950,1
22951,1
22952,1
22953,1
22954,1
22955,1
22956,1
22957,1
22958,1
22959,1
22960,1
22961,1
22962,1
22963,1
22964,1
22965,1
22966,1
22967,1
22968,1
22969,1
22970,1
22971,1
22972,1
22973,1
22974,1
22975,1
22976,1
22977,1
22978,1
22979,1
22980,1
22981,1
22982,1
22983,1
22984,1
22985,1
22986,1
22987,1
22988,1
22989,1
22990,1
22991,1
22992,1
22993,1
22994,1
22995,1
22996,1
22997,1
22998,1
22999,1
23000,1
23001,1
23002,1
23003,1
23004,1
23005,1
23006,1
23007,1
23008,1
23009,1
23010,1
23011,1
23012,1
23013,1
23014,1
23015,1
23016,1
23017,1
23018,1
23019,1
23020,1
23021,1
23022,1
23023,1
23024,1
23025,1
23026,1
23027,1
23028,1
23029,1
23030,1
23031,1
23032,1
23033,1
23034,1
23035,1
23036,1
23037,1
23038,1
23039,1
23040,1
23041,1
23042,1
23043,1
23044,1
23045,1
23046,1
23047,1
23048,1
23049,1
23050,1
23051,1
23052,1
23053,1
23054,1
23055,1
23056,1
23057,1
23058,1
23059,1
23060,1
23061,1
23062,1
23063,1
23064,1
23065,1
23066,1
23067,1
23068,1
23069,1
23070,1
23071,1
23072,1
23073,1
23074,1
23075,1
23076,1
23077,1
23078,1
23079,1
23080,1
23081,1
23082,1
23083,1
23084,1
23085,1
23086,1
23087,1
23088,1
23089,1
23090,1
23091,1
23092,1
23093,1
23094,1
23095,1
23096,1
23097,1
23098,1
23099,1
23100,1
23101,1
23102,1
23103,1
23104,1
23105,1
23106,1
23107,1
23108,1
23109,1
23110,1
23111,1
23112,1
23113,1
23114,1
23115,1
23116,1
23117,1
23118,1
23119,1
23120,1
23121,1
23122,1
23123,1
23124,1
23125,1
23126,1
23127,1
23128,1
23129,1
23130,1
23131,1
23132,1
23133,1
23134,1
23135,1
23136,1
23137,1
23138,1
23139,1
23140,1
23141,1
23142,1
23143,1
23144,1
23145,1
23146,1
23147,1
23148,1
23149,1
23150,1
23151,1
23152,1
23153,1
23154,1
23155,1
23156,1
23157,1
23158,1
23159,1
23160,1
23161,1
23162,1
23163,1
23164,1
23165,1
23166,1
23167,1
23168,1
23169,1
23170,1
23171,1
23172,1
23173,1
23174,1
23175,1
23176,1
23177,1
23178,1
23179,1
23180,1
23181,1
23182,1
23183,1
23184,1
23185,1
23186,1
23187,1
23188,1
23189,1
23190,1
23191,1
23192,1
23193,1
23194,1
23195,1
23196,1
23197,1
23198,1
23199,1
23200,1
23201,1
23202,1
23203,1
23204,1
23205,1
23206,1
23207,1
23208,1
23209,1
23210,1
23211,1
23212,1
23213,1
23214,1
23215,1
23216,1
23217,1
23218,1
23219,1
23220,1
23221,1
23222,1
23223,1
23224,1
23225,1
23226,1
23227,1
23228,1
23229,1
23230,1
23231,1
23232,1
23233,1
23234,1
23235,1
23236,1
23237,1
23238,1
23239,1
23240,1
23241,1
23242,1
23243,1
23244,1
23245,1
23246,1
23247,1
23248,1
23249,1
23250,1
23251,1
23252,1
23253,1
23254,1
23255,1
23256,1
23257,1
23258,1
23259,1
23260,1
23261,1
23262,1
23263,1
23264,1
23265,1
23266,1
23267,1
23268,1
23269,1
23270,1
23271,1
23272,1
23273,1
23274,1
23275,1
23276,1
23277,1
23278,1
23279,1
23280,1
23281,1
23282,1
23283,1
23284,1
23285,1
23286,1
23287,1
23288,1
23289,1
23290,1
23291,1
23292,1
23293,1
23294,1
23295,1
23296,1
23297,1
23298,1
23299,1
23300,1
23301,1
23302,1
23303,1
23304,1
23305,1
23306,1
23307,1
23308,1
23309,1
23310,1
23311,1
23312,1
23313,1
23314,1
23315,1
23316,1
23317,1
23318,1
23319,1
23320,1
23321,1
23322,1
23323,1
23324,1
23325,1
23326,1
23327,1
23328,1
23329,1
23330,1
23331,1
23332,1
23333,1
23334,1
23335,1
23336,1
23337,1
23338,1
23339,1
23340,1
23341,1
23342,1
23343,1
23344,1
23345,1
23346,1
23347,1
23348,1
23349,1
23350,1
23351,1
23352,1
23353,1
23354,1
23355,1
23356,1
23357,1
23358,1
23359,1
23360,1
23361,1
23362,1
23363,1
23364,1
23365,1
23366,1
23367,1
23368,1
23369,1
23370,1
23371,1
23372,1
23373,1
23374,1
23375,1
23376,1
23377,1
23378,1
23379,1
23380,1
23381,1
23382,1
23383,1
23384,1
23385,1
23386,1
23387,1
23388,1
23389,1
23390,1
23391,1
23392,1
23393,1
23394,1
23395,1
23396,1
23397,1
23398,1
23399,1
23400,1
23401,1
23402,1
23403,1
23404,1
23405,1
23406,1
23407,1
23408,1
23409,1
23410,1
23411,1
23412,1
23413,1
23414,1
23415,1
23416,1
23417,1
23418,1
23419,1
23420,1
23421,1
23422,1
23423,1
23424,1
23425,1
23426,1
23427,1
23428,1
23429,1
23430,1
23431,1
23432,1
23433,1
23434,1
23435,1
23436,1
23437,1
23438,1
23439,1
23440,1
23441,1
23442,1
23443,1
23444,1
23445,1
23446,1
23447,1
23448,1
23449,1
23450,1
23451,1
23452,1
23453,1
23454,1
23455,1
23456,1
23457,1
23458,1
23459,1
23460,1
23461,1
23462,1
23463,1
23464,1
23465,1
23466,1
23467,1
23468,1
23469,1
23470,1
23471,1
23472,1
23473,1
23474,1
23475,1
23476,1
23477,1
23478,1
23479,1
23480,1
23481,1
23482,1
23483,1
23484,1
23485,1
23486,1
23487,1
23488,1
23489,1
23490,1
23491,1
23492,1
23493,1
23494,1
23495,1
23496,1
23497,1
23498,1
23499,1
23500,1
23501,1
23502,1
23503,1
23504,1
23505,1
23506,1
23507,1
23508,1
23509,1
23510,1
23511,1
23512,1
23513,1
23514,1
23515,1
23516,1
23517,1
23518,1
23519,1
23520,1
23521,1
23522,1
23523,1
23524,1
23525,1
23526,1
23527,1
23528,1
23529,1
23530,1
23531,1
23532,1
23533,1
23534,1
23535,1
23536,1
23537,1
23538,1
23539,1
23540,1
23541,1
23542,1
23543,1
23544,1
23545,1
23546,1
23547,1
23548,1
23549,1
23550,1
23551,1
23552,1
23553,1
23554,1
23555,1
23556,1
23557,1
23558,1
23559,1
23560,1
23561,1
23562,1
23563,1
23564,1
23565,1
23566,1
23567,1
23568,1
23569,1
23570,1
23571,1
23572,1
23573,1
23574,1
23575,1
23576,1
23577,1
23578,1
23579,1
23580,1
23581,1
23582,1
23583,1
23584,1
23585,1
23586,1
23587,1
23588,1
23589,1
23590,1
23591,1
23592,1
23593,1
23594,1
23595,1
23596,1
23597,1
23598,1
23599,1
23600,1
23601,1
23602,1
23603,1
23604,1
23605,1
23606,1
23607,1
23608,1
23609,1
23610,1
23611,1
23612,1
23613,1
23614,1
23615,1
23616,1
23617,1
23618,1
23619,1
23620,1
23621,1
23622,1
23623,1
23624,1
23625,1
23626,1
23627,1
23628,1
23629,1
23630,1
23631,1
23632,1
23633,1
23634,1
23635,1
23636,1
23637,1
23638,1
23639,1
23640,1
23641,1
23642,1
23643,1
23644,1
23645,1
23646,1
23647,1
23648,1
23649,1
23650,1
23651,1
23652,1
23653,1
23654,1
23655,1
23656,1
23657,1
23658,1
23659,1
23660,1
23661,1
23662,1
23663,1
23664,1
23665,1
23666,1
23667,1
23668,1
23669,1
23670,1
23671,1
23672,1
23673,1
23674,1
23675,1
23676,1
23677,1
23678,1
23679,1
23680,1
23681,1
23682,1
23683,1
23684,1
23685,1
23686,1
23687,1
23688,1
23689,1
23690,1
23691,1
23692,1
23693,1
23694,1
23695,1
23696,1
23697,1
23698,1
23699,1
23700,1
23701,1
23702,1
23703,1
23704,1
23705,1
23706,1
23707,1
23708,1
23709,1
23710,1
23711,1
23712,1
23713,1
23714,1
23715,1
23716,1
23717,1
23718,1
23719,1
23720,1
23721,1
23722,1
23723,1
23724,1
23725,1
23726,1
23727,1
23728,1
23729,1
23730,1
23731,1
23732,1
23733,1
23734,1
23735,1
23736,1
23737,1
23738,1
23739,1
23740,1
23741,1
23742,1
23743,1
23744,1
23745,1
23746,1
23747,1
23748,1
23749,1
23750,1
23751,1
23752,1
23753,1
23754,1
23755,1
23756,1
23757,1
23758,1
23759,1
23760,1
23761,1
23762,1
23763,1
23764,1
23765,1
23766,1
23767,1
23768,1
23769,1
23770,1
23771,1
23772,1
23773,1
23774,1
23775,1
23776,1
23777,1
23778,1
23779,1
23780,1
23781,1
23782,1
23783,1
23784,1
23785,1
23786,1
23787,1
23788,1
23789,1
23790,1
23791,1
23792,1
23793,1
23794,1
23795,1
23796,1
23797,1
23798,1
23799,1
23800,1
23801,1
23802,1
23803,1
23804,1
23805,1
23806,1
23807,1
23808,1
23809,1
23810,1
23811,1
23812,1
23813,1
23814,1
23815,1
23816,1
23817,1
23818,1
23819,1
23820,1
23821,1
23822,1
23823,1
23824,1
23825,1
23826,1
23827,1
23828,1
23829,1
23830,1
23831,1
23832,1
23833,1
23834,1
23835,1
23836,1
23837,1
23838,1
23839,1
23840,1
23841,1
23842,1
23843,1
23844,1
23845,1
23846,1
23847,1
23848,1
23849,1
23850,1
23851,1
23852,1
23853,1
23854,1
23855,1
23856,1
23857,1
23858,1
23859,1
23860,1
23861,1
23862,1
23863,1
23864,1
23865,1
23866,1
23867,1
23868,1
23869,1
23870,1
23871,1
23872,1
23873,1
23874,1
23875,1
23876,1
23877,1
23878,1
23879,1
23880,1
23881,1
23882,1
23883,1
23884,1
23885,1
23886,1
23887,1
23888,1
23889,1
23890,1
23891,1
23892,1
23893,1
23894,1
23895,1
23896,1
23897,1
23898,1
23899,1
23900,1
23901,1
23902,1
23903,1
23904,1
23905,1
23906,1
23907,1
23908,1
23909,1
23910,1
23911,1
23912,1
23913,1
23914,1
23915,1
23916,1
23917,1
23918,1
23919,1
23920,1
23921,1
23922,1
23923,1
23924,1
23925,1
23926,1
23927,1
23928,1
23929,1
23930,1
23931,1
23932,1
23933,1
23934,1
23935,1
23936,1
23937,1
23938,1
23939,1
23940,1
23941,1
23942,1
23943,1
23944,1
23945,1
23946,1
23947,1
23948,1
23949,1
23950,1
23951,1
23952,1
23953,1
23954,1
23955,1
23956,1
23957,1
23958,1
23959,1
23960,1
23961,1
23962,1
23963,1
23964,1
23965,1
23966,1
23967,1
23968,1
23969,1
23970,1
23971,1
23972,1
23973,1
23974,1
23975,1
23976,1
23977,1
23978,1
23979,1
23980,1
23981,1
23982,1
23983,1
23984,1
23985,1
23986,1
23987,1
23988,1
23989,1
23990,1
23991,1
23992,1
23993,1
23994,1
23995,1
23996,1
23997,1
23998,1
23999,1
24000,1
24001,1
24002,1
24003,1
24004,1
24005,1
24006,1
24007,1
24008,1
24009,1
24010,1
24011,1
24012,1
24013,1
24014,1
24015,1
24016,1
24017,1
24018,1
24019,1
24020,1
24021,1
24022,1
24023,1
24024,1
24025,1
24026,1
24027,1
24028,1
24029,1
24030,1
24031,1
24032,1
24033,1
24034,1
24035,1
24036,1
24037,1
24038,1
24039,1
24040,1
24041,1
24042,1
24043,1
24044,1
24045,1
24046,1
24047,1
24048,1
24049,1
24050,1
24051,1
24052,1
24053,1
24054,1
24055,1
24056,1
24057,1
24058,1
24059,1
24060,1
24061,1
24062,1
24063,1
24064,1
24065,1
24066,1
24067,1
24068,1
24069,1
24070,1
24071,1
24072,1
24073,1
24074,1
24075,1
24076,1
24077,1
24078,1
24079,1
24080,1
24081,1
24082,1
24083,1
24084,1
24085,1
24086,1
24087,1
24088,1
24089,1
24090,1
24091,1
24092,1
24093,1
24094,1
24095,1
24096,1
24097,1
24098,1
24099,1
24100,1
24101,1
24102,1
24103,1
24104,1
24105,1
24106,1
24107,1
24108,1
24109,1
24110,1
24111,1
24112,1
24113,1
24114,1
24115,1
24116,1
24117,1
24118,1
24119,1
24120,1
24121,1
24122,1
24123,1
24124,1
24125,1
24126,1
24127,1
24128,1
24129,1
24130,1
24131,1
24132,1
24133,1
24134,1
24135,1
24136,1
24137,1
24138,1
24139,1
24140,1
24141,1
24142,1
24143,1
24144,1
24145,1
24146,1
24147,1
24148,1
24149,1
24150,1
24151,1
24152,1
24153,1
24154,1
24155,1
24156,1
24157,1
24158,1
24159,1
24160,1
24161,1
24162,1
24163,1
24164,1
24165,1
24166,1
24167,1
24168,1
24169,1
24170,1
24171,1
24172,1
24173,1
24174,1
24175,1
24176,1
24177,1
24178,1
24179,1
24180,1
24181,1
24182,1
24183,1
24184,1
24185,1
24186,1
24187,1
24188,1
24189,1
24190,1
24191,1
24192,1
24193,1
24194,1
24195,1
24196,1
24197,1
24198,1
24199,1
24200,1
24201,1
24202,1
24203,1
24204,1
24205,1
24206,1
24207,1
24208,1
24209,1
24210,1
24211,1
24212,1
24213,1
24214,1
24215,1
24216,1
24217,1
24218,1
24219,1
24220,1
24221,1
24222,1
24223,1
24224,1
24225,1
24226,1
24227,1
24228,1
24229,1
24230,1
24231,1
24232,1
24233,1
24234,1
24235,1
24236,1
24237,1
24238,1
24239,1
24240,1
24241,1
24242,1
24243,1
24244,1
24245,1
24246,1
24247,1
24248,1
24249,1
24250,1
24251,1
24252,1
24253,1
24254,1
24255,1
24256,1
24257,1
24258,1
24259,1
24260,1
24261,1
24262,1
24263,1
24264,1
24265,1
24266,1
24267,1
24268,1
24269,1
24270,1
24271,1
24272,1
24273,1
24274,1
24275,1
24276,1
24277,1
24278,1
24279,1
24280,1
24281,1
24282,1
24283,1
24284,1
24285,1
24286,1
24287,1
24288,1
24289,1
24290,1
24291,1
24292,1
24293,1
24294,1
24295,1
24296,1
24297,1
24298,1
24299,1
24300,1
24301,1
24302,1
24303,1
24304,1
24305,1
24306,1
24307,1
24308,1
24309,1
24310,1
24311,1
24312,1
24313,1
24314,1
24315,1
24316,1
24317,1
24318,1
24319,1
24320,1
24321,1
24322,1
24323,1
24324,1
24325,1
24326,1
24327,1
24328,1
24329,1
24330,1
24331,1
24332,1
24333,1
24334,1
24335,1
24336,1
24337,1
24338,1
24339,1
24340,1
24341,1
24342,1
24343,1
24344,1
24345,1
24346,1
24347,1
24348,1
24349,1
24350,1
24351,1
24352,1
24353,1
24354,1
24355,1
24356,1
24357,1
24358,1
24359,1
24360,1
24361,1
24362,1
24363,1
24364,1
24365,1
24366,1
24367,1
24368,1
24369,1
24370,1
24371,1
24372,1
24373,1
24374,1
24375,1
24376,1
24377,1
24378,1
24379,1
24380,1
24381,1
24382,1
24383,1
24384,1
24385,1
24386,1
24387,1
24388,1
24389,1
24390,1
24391,1
24392,1
24393,1
24394,1
24395,1
24396,1
24397,1
24398,1
24399,1
24400,1
24401,1
24402,1
24403,1
24404,1
24405,1
24406,1
24407,1
24408,1
24409,1
24410,1
24411,1
24412,1
24413,1
24414,1
24415,1
24416,1
24417,1
24418,1
24419,1
24420,1
24421,1
24422,1
24423,1
24424,1
24425,1
24426,1
24427,1
24428,1
24429,1
24430,1
24431,1
24432,1
24433,1
24434,1
24435,1
24436,1
24437,1
24438,1
24439,1
24440,1
24441,1
24442,1
24443,1
24444,1
24445,1
24446,1
24447,1
24448,1
24449,1
24450,1
24451,1
24452,1
24453,1
24454,1
24455,1
24456,1
24457,1
24458,1
24459,1
24460,1
24461,1
24462,1
24463,1
24464,1
24465,1
24466,1
24467,1
24468,1
24469,1
24470,1
24471,1
24472,1
24473,1
24474,1
24475,1
24476,1
24477,1
24478,1
24479,1
24480,1
24481,1
24482,1
24483,1
24484,1
24485,1
24486,1
24487,1
24488,1
24489,1
24490,1
24491,1
24492,1
24493,1
24494,1
24495,1
24496,1
24497,1
24498,1
24499,1
24500,1
24501,1
24502,1
24503,1
24504,1
24505,1
24506,1
24507,1
24508,1
24509,1
24510,1
24511,1
24512,1
24513,1
24514,1
24515,1
24516,1
24517,1
24518,1
24519,1
24520,1
24521,1
24522,1
24523,1
24524,1
24525,1
24526,1
24527,1
24528,1
24529,1
24530,1
24531,1
24532,1
24533,1
24534,1
24535,1
24536,1
24537,1
24538,1
24539,1
24540,1
24541,1
24542,1
24543,1
24544,1
24545,1
24546,1
24547,1
24548,1
24549,1
24550,1
24551,1
24552,1
24553,1
24554,1
24555,1
24556,1
24557,1
24558,1
24559,1
24560,1
24561,1
24562,1
24563,1
24564,1
24565,1
24566,1
24567,1
24568,1
24569,1
24570,1
24571,1
24572,1
24573,1
24574,1
24575,1
24576,1
24577,1
24578,1
24579,1
24580,1
24581,1
24582,1
24583,1
24584,1
24585,1
24586,1
24587,1
24588,1
24589,1
24590,1
24591,1
24592,1
24593,1
24594,1
24595,1
24596,1
24597,1
24598,1
24599,1
24600,1
24601,1
24602,1
24603,1
24604,1
24605,1
24606,1
24607,1
24608,1
24609,1
24610,1
24611,1
24612,1
24613,1
24614,1
24615,1
24616,1
24617,1
24618,1
24619,1
24620,1
24621,1
24622,1
24623,1
24624,1
24625,1
24626,1
24627,1
24628,1
24629,1
24630,1
24631,1
24632,1
24633,1
24634,1
24635,1
24636,1
24637,1
24638,1
24639,1
24640,1
24641,1
24642,1
24643,1
24644,1
24645,1
24646,1
24647,1
24648,1
24649,1
24650,1
24651,1
24652,1
24653,1
24654,1
24655,1
24656,1
24657,1
24658,1
24659,1
24660,1
24661,1
24662,1
24663,1
24664,1
24665,1
24666,1
24667,1
24668,1
24669,1
24670,1
24671,1
24672,1
24673,1
24674,1
24675,1
24676,1
24677,1
24678,1
24679,1
24680,1
24681,1
24682,1
24683,1
24684,1
24685,1
24686,1
24687,1
24688,1
24689,1
24690,1
24691,1
24692,1
24693,1
24694,1
24695,1
24696,1
24697,1
24698,1
24699,1
24700,1
24701,1
24702,1
24703,1
24704,1
24705,1
24706,1
24707,1
24708,1
24709,1
24710,1
24711,1
24712,1
24713,1
24714,1
24715,1
24716,1
24717,1
24718,1
24719,1
24720,1
24721,1
24722,1
24723,1
24724,1
24725,1
24726,1
24727,1
24728,1
24729,1
24730,1
24731,1
24732,1
24733,1
24734,1
24735,1
24736,1
24737,1
24738,1
24739,1
24740,1
24741,1
24742,1
24743,1
24744,1
24745,1
24746,1
24747,1
24748,1
24749,1
24750,1
24751,1
24752,1
24753,1
24754,1
24755,1
24756,1
24757,1
24758,1
24759,1
24760,1
24761,1
24762,1
24763,1
24764,1
24765,1
24766,1
24767,1
24768,1
24769,1
24770,1
24771,1
24772,1
24773,1
24774,1
24775,1
24776,1
24777,1
24778,1
24779,1
24780,1
24781,1
24782,1
24783,1
24784,1
24785,1
24786,1
24787,1
24788,1
24789,1
24790,1
24791,1
24792,1
24793,1
24794,1
24795,1
24796,1
24797,1
24798,1
24799,1
24800,1
24801,1
24802,1
24803,1
24804,1
24805,1
24806,1
24807,1
24808,1
24809,1
24810,1
24811,1
24812,1
24813,1
24814,1
24815,1
24816,1
24817,1
24818,1
24819,1
24820,1
24821,1
24822,1
24823,1
24824,1
24825,1
24826,1
24827,1
24828,1
24829,1
24830,1
24831,1
24832,1
24833,1
24834,1
24835,1
24836,1
24837,1
24838,1
24839,1
24840,1
24841,1
24842,1
24843,1
24844,1
24845,1
24846,1
24847,1
24848,1
24849,1
24850,1
24851,1
24852,1
24853,1
24854,1
24855,1
24856,1
24857,1
24858,1
24859,1
24860,1
24861,1
24862,1
24863,1
24864,1
24865,1
24866,1
24867,1
24868,1
24869,1
24870,1
24871,1
24872,1
24873,1
24874,1
24875,1
24876,1
24877,1
24878,1
24879,1
24880,1
24881,1
24882,1
24883,1
24884,1
24885,1
24886,1
24887,1
24888,1
24889,1
24890,1
24891,1
24892,1
24893,1
24894,1
24895,1
24896,1
24897,1
24898,1
24899,1
24900,1
24901,1
24902,1
24903,1
24904,1
24905,1
24906,1
24907,1
24908,1
24909,1
24910,1
24911,1
24912,1
24913,1
24914,1
24915,1
24916,1
24917,1
24918,1
24919,1
24920,1
24921,1
24922,1
24923,1
24924,1
24925,1
24926,1
24927,1
24928,1
24929,1
24930,1
24931,1
24932,1
24933,1
24934,1
24935,1
24936,1
24937,1
24938,1
24939,1
24940,1
24941,1
24942,1
24943,1
24944,1
24945,1
24946,1
24947,1
24948,1
24949,1
24950,1
24951,1
24952,1
24953,1
24954,1
24955,1
24956,1
24957,1
24958,1
24959,1
24960,1
24961,1
24962,1
24963,1
24964,1
24965,1
24966,1
24967,1
24968,1
24969,1
24970,1
24971,1
24972,1
24973,1
24974,1
24975,1
24976,1
24977,1
24978,1
24979,1
24980,1
24981,1
24982,1
24983,1
24984,1
24985,1
24986,1
24987,1
24988,1
24989,1
24990,1
24991,1
24992,1
24993,1
24994,1
24995,1
24996,1
24997,1
24998,1
24999,1
25000,1
25001,1
25002,1
25003,1
25004,1
25005,1
25006,1
25007,1
25008,1
25009,1
25010,1
25011,1
25012,1
25013,1
25014,1
25015,1
25016,1
25017,1
25018,1
25019,1
25020,1
25021,1
25022,1
25023,1
25024,1
25025,1
25026,1
25027,1
25028,1
25029,1
25030,1
25031,1
25032,1
25033,1
25034,1
25035,1
25036,1
25037,1
25038,1
25039,1
25040,1
25041,1
25042,1
25043,1
25044,1
25045,1
25046,1
25047,1
25048,1
25049,1
25050,1
25051,1
25052,1
25053,1
25054,1
25055,1
25056,1
25057,1
25058,1
25059,1
25060,1
25061,1
25062,1
25063,1
25064,1
25065,1
25066,1
25067,1
25068,1
25069,1
25070,1
25071,1
25072,1
25073,1
25074,1
25075,1
25076,1
25077,1
25078,1
25079,1
25080,1
25081,1
25082,1
25083,1
25084,1
25085,1
25086,1
25087,1
25088,1
25089,1
25090,1
25091,1
25092,1
25093,1
25094,1
25095,1
25096,1
25097,1
25098,1
25099,1
25100,1
25101,1
25102,1
25103,1
25104,1
25105,1
25106,1
25107,1
25108,1
25109,1
25110,1
25111,1
25112,1
25113,1
25114,1
25115,1
25116,1
25117,1
25118,1
25119,1
25120,1
25121,1
25122,1
25123,1
25124,1
25125,1
25126,1
25127,1
25128,1
25129,1
25130,1
25131,1
25132,1
25133,1
25134,1
25135,1
25136,1
25137,1
25138,1
25139,1
25140,1
25141,1
25142,1
25143,1
25144,1
25145,1
25146,1
25147,1
25148,1
25149,1
25150,1
25151,1
25152,1
25153,1
25154,1
25155,1
25156,1
25157,1
25158,1
25159,1
25160,1
25161,1
25162,1
25163,1
25164,1
25165,1
25166,1
25167,1
25168,1
25169,1
25170,1
25171,1
25172,1
25173,1
25174,1
25175,1
25176,1
25177,1
25178,1
25179,1
25180,1
25181,1
25182,1
25183,1
25184,1
25185,1
25186,1
25187,1
25188,1
25189,1
25190,1
25191,1
25192,1
25193,1
25194,1
25195,1
25196,1
25197,1
25198,1
25199,1
25200,1
25201,1
25202,1
25203,1
25204,1
25205,1
25206,1
25207,1
25208,1
25209,1
25210,1
25211,1
25212,1
25213,1
25214,1
25215,1
25216,1
25217,1
25218,1
25219,1
25220,1
25221,1
25222,1
25223,1
25224,1
25225,1
25226,1
25227,1
25228,1
25229,1
25230,1
25231,1
25232,1
25233,1
25234,1
25235,1
25236,1
25237,1
25238,1
25239,1
25240,1
25241,1
25242,1
25243,1
25244,1
25245,1
25246,1
25247,1
25248,1
25249,1
25250,1
25251,1
25252,1
25253,1
25254,1
25255,1
25256,1
25257,1
25258,1
25259,1
25260,1
25261,1
25262,1
25263,1
25264,1
25265,1
25266,1
25267,1
25268,1
25269,1
25270,1
25271,1
25272,1
25273,1
25274,1
25275,1
25276,1
25277,1
25278,1
25279,1
25280,1
25281,1
25282,1
25283,1
25284,1
25285,1
25286,1
25287,1
25288,1
25289,1
25290,1
25291,1
25292,1
25293,1
25294,1
25295,1
25296,1
25297,1
25298,1
25299,1
25300,1
25301,1
25302,1
25303,1
25304,1
25305,1
25306,1
25307,1
25308,1
25309,1
25310,1
25311,1
25312,1
25313,1
25314,1
25315,1
25316,1
25317,1
25318,1
25319,1
25320,1
25321,1
25322,1
25323,1
25324,1
25325,1
25326,1
25327,1
25328,1
25329,1
25330,1
25331,1
25332,1
25333,1
25334,1
25335,1
25336,1
25337,1
25338,1
25339,1
25340,1
25341,1
25342,1
25343,1
25344,1
25345,1
25346,1
25347,1
25348,1
25349,1
25350,1
25351,1
25352,1
25353,1
25354,1
25355,1
25356,1
25357,1
25358,1
25359,1
25360,1
25361,1
25362,1
25363,1
25364,1
25365,1
25366,1
25367,1
25368,1
25369,1
25370,1
25371,1
25372,1
25373,1
25374,1
25375,1
25376,1
25377,1
25378,1
25379,1
25380,1
25381,1
25382,1
25383,1
25384,1
25385,1
25386,1
25387,1
25388,1
25389,1
25390,1
25391,1
25392,1
25393,1
25394,1
25395,1
25396,1
25397,1
25398,1
25399,1
25400,1
25401,1
25402,1
25403,1
25404,1
25405,1
25406,1
25407,1
25408,1
25409,1
25410,1
25411,1
25412,1
25413,1
25414,1
25415,1
25416,1
25417,1
25418,1
25419,1
25420,1
25421,1
25422,1
25423,1
25424,1
25425,1
25426,1
25427,1
25428,1
25429,1
25430,1
25431,1
25432,1
25433,1
25434,1
25435,1
25436,1
25437,1
25438,1
25439,1
25440,1
25441,1
25442,1
25443,1
25444,1
25445,1
25446,1
25447,1
25448,1
25449,1
25450,1
25451,1
25452,1
25453,1
25454,1
25455,1
25456,1
25457,1
25458,1
25459,1
25460,1
25461,1
25462,1
25463,1
25464,1
25465,1
25466,1
25467,1
25468,1
25469,1
25470,1
25471,1
25472,1
25473,1
25474,1
25475,1
25476,1
25477,1
25478,1
25479,1
25480,1
25481,1
25482,1
25483,1
25484,1
25485,1
25486,1
25487,1
25488,1
25489,1
25490,1
25491,1
25492,1
25493,1
25494,1
25495,1
25496,1
25497,1
25498,1
25499,1
25500,1
25501,1
25502,1
25503,1
25504,1
25505,1
25506,1
25507,1
25508,1
25509,1
25510,1
25511,1
25512,1
25513,1
25514,1
25515,1
25516,1
25517,1
25518,1
25519,1
25520,1
25521,1
25522,1
25523,1
25524,1
25525,1
25526,1
25527,1
25528,1
25529,1
25530,1
25531,1
25532,1
25533,1
25534,1
25535,1
25536,1
25537,1
25538,1
25539,1
25540,1
25541,1
25542,1
25543,1
25544,1
25545,1
25546,1
25547,1
25548,1
25549,1
25550,1
25551,1
25552,1
25553,1
25554,1
25555,1
25556,1
25557,1
25558,1
25559,1
25560,1
25561,1
25562,1
25563,1
25564,1
25565,1
25566,1
25567,1
25568,1
25569,1
25570,1
25571,1
25572,1
25573,1
25574,1
25575,1
25576,1
25577,1
25578,1
25579,1
25580,1
25581,1
25582,1
25583,1
25584,1
25585,1
25586,1
25587,1
25588,1
25589,1
25590,1
25591,1
25592,1
25593,1
25594,1
25595,1
25596,1
25597,1
25598,1
25599,1
25600,1
25601,1
25602,1
25603,1
25604,1
25605,1
25606,1
25607,1
25608,1
25609,1
25610,1
25611,1
25612,1
25613,1
25614,1
25615,1
25616,1
25617,1
25618,1
25619,1
25620,1
25621,1
25622,1
25623,1
25624,1
25625,1
25626,1
25627,1
25628,1
25629,1
25630,1
25631,1
25632,1
25633,1
25634,1
25635,1
25636,1
25637,1
25638,1
25639,1
25640,1
25641,1
25642,1
25643,1
25644,1
25645,1
25646,1
25647,1
25648,1
25649,1
25650,1
25651,1
25652,1
25653,1
25654,1
25655,1
25656,1
25657,1
25658,1
25659,1
25660,1
25661,1
25662,1
25663,1
25664,1
25665,1
25666,1
25667,1
25668,1
25669,1
25670,1
25671,1
25672,1
25673,1
25674,1
25675,1
25676,1
25677,1
25678,1
25679,1
25680,1
25681,1
25682,1
25683,1
25684,1
25685,1
25686,1
25687,1
25688,1
25689,1
25690,1
25691,1
25692,1
25693,1
25694,1
25695,1
25696,1
25697,1
25698,1
25699,1
25700,1
25701,1
25702,1
25703,1
25704,1
25705,1
25706,1
25707,1
25708,1
25709,1
25710,1
25711,1
25712,1
25713,1
25714,1
25715,1
25716,1
25717,1
25718,1
25719,1
25720,1
25721,1
25722,1
25723,1
25724,1
25725,1
25726,1
25727,1
25728,1
25729,1
25730,1
25731,1
25732,1
25733,1
25734,1
25735,1
25736,1
25737,1
25738,1
25739,1
25740,1
25741,1
25742,1
25743,1
25744,1
25745,1
25746,1
25747,1
25748,1
25749,1
25750,1
25751,1
25752,1
25753,1
25754,1
25755,1
25756,1
25757,1
25758,1
25759,1
25760,1
25761,1
25762,1
25763,1
25764,1
25765,1
25766,1
25767,1
25768,1
25769,1
25770,1
25771,1
25772,1
25773,1
25774,1
25775,1
25776,1
25777,1
25778,1
25779,1
25780,1
25781,1
25782,1
25783,1
25784,1
25785,1
25786,1
25787,1
25788,1
25789,1
25790,1
25791,1
25792,1
25793,1
25794,1
25795,1
25796,1
25797,1
25798,1
25799,1
25800,1
25801,1
25802,1
25803,1
25804,1
25805,1
25806,1
25807,1
25808,1
25809,1
25810,1
25811,1
25812,1
25813,1
25814,1
25815,1
25816,1
25817,1
25818,1
25819,1
25820,1
25821,1
25822,1
25823,1
25824,1
25825,1
25826,1
25827,1
25828,1
25829,1
25830,1
25831,1
25832,1
25833,1
25834,1
25835,1
25836,1
25837,1
25838,1
25839,1
25840,1
25841,1
25842,1
25843,1
25844,1
25845,1
25846,1
25847,1
25848,1
25849,1
25850,1
25851,1
25852,1
25853,1
25854,1
25855,1
25856,1
25857,1
25858,1
25859,1
25860,1
25861,1
25862,1
25863,1
25864,1
25865,1
25866,1
25867,1
25868,1
25869,1
25870,1
25871,1
25872,1
25873,1
25874,1
25875,1
25876,1
25877,1
25878,1
25879,1
25880,1
25881,1
25882,1
25883,1
25884,1
25885,1
25886,1
25887,1
25888,1
25889,1
25890,1
25891,1
25892,1
25893,1
25894,1
25895,1
25896,1
25897,1
25898,1
25899,1
25900,1
25901,1
25902,1
25903,1
25904,1
25905,1
25906,1
25907,1
25908,1
25909,1
25910,1
25911,1
25912,1
25913,1
25914,1
25915,1
25916,1
25917,1
25918,1
25919,1
25920,1
25921,1
25922,1
25923,1
25924,1
25925,1
25926,1
25927,1
25928,1
25929,1
25930,1
25931,1
25932,1
25933,1
25934,1
25935,1
25936,1
25937,1
25938,1
25939,1
25940,1
25941,1
25942,1
25943,1
25944,1
25945,1
25946,1
25947,1
25948,1
25949,1
25950,1
25951,1
25952,1
25953,1
25954,1
25955,1
25956,1
25957,1
25958,1
25959,1
25960,1
25961,1
25962,1
25963,1
25964,1
25965,1
25966,1
25967,1
25968,1
25969,1
25970,1
25971,1
25972,1
25973,1
25974,1
25975,1
25976,1
25977,1
25978,1
25979,1
25980,1
25981,1
25982,1
25983,1
25984,1
25985,1
25986,1
25987,1
25988,1
25989,1
25990,1
25991,1
25992,1
25993,1
25994,1
25995,1
25996,1
25997,1
25998,1
25999,1
26000,1
26001,1
26002,1
26003,1
26004,1
26005,1
26006,1
26007,1
26008,1
26009,1
26010,1
26011,1
26012,1
26013,1
26014,1
26015,1
26016,1
26017,1
26018,1
26019,1
26020,1
26021,1
26022,1
26023,1
26024,1
26025,1
26026,1
26027,1
26028,1
26029,1
26030,1
26031,1
26032,1
26033,1
26034,1
26035,1
26036,1
26037,1
26038,1
26039,1
26040,1
26041,1
26042,1
26043,1
26044,1
26045,1
26046,1
26047,1
26048,1
26049,1
26050,1
26051,1
26052,1
26053,1
26054,1
26055,1
26056,1
26057,1
26058,1
26059,1
26060,1
26061,1
26062,1
26063,1
26064,1
26065,1
26066,1
26067,1
26068,1
26069,1
26070,1
26071,1
26072,1
26073,1
26074,1
26075,1
26076,1
26077,1
26078,1
26079,1
26080,1
26081,1
26082,1
26083,1
26084,1
26085,1
26086,1
26087,1
26088,1
26089,1
26090,1
26091,1
26092,1
26093,1
26094,1
26095,1
26096,1
26097,1
26098,1
26099,1
26100,1
26101,1
26102,1
26103,1
26104,1
26105,1
26106,1
26107,1
26108,1
26109,1
26110,1
26111,1
26112,1
26113,1
26114,1
26115,1
26116,1
26117,1
26118,1
26119,1
26120,1
26121,1
26122,1
26123,1
26124,1
26125,1
26126,1
26127,1
26128,1
26129,1
26130,1
26131,1
26132,1
26133,1
26134,1
26135,1
26136,1
26137,1
26138,1
26139,1
26140,1
26141,1
26142,1
26143,1
26144,1
26145,1
26146,1
26147,1
26148,1
26149,1
26150,1
26151,1
26152,1
26153,1
26154,1
26155,1
26156,1
26157,1
26158,1
26159,1
26160,1
26161,1
26162,1
26163,1
26164,1
26165,1
26166,1
26167,1
26168,1
26169,1
26170,1
26171,1
26172,1
26173,1
26174,1
26175,1
26176,1
26177,1
26178,1
26179,1
26180,1
26181,1
26182,1
26183,1
26184,1
26185,1
26186,1
26187,1
26188,1
26189,1
26190,1
26191,1
26192,1
26193,1
26194,1
26195,1
26196,1
26197,1
26198,1
26199,1
26200,1
26201,1
26202,1
26203,1
26204,1
26205,1
26206,1
26207,1
26208,1
26209,1
26210,1
26211,1
26212,1
26213,1
26214,1
26215,1
26216,1
26217,1
26218,1
26219,1
26220,1
26221,1
26222,1
26223,1
26224,1
26225,1
26226,1
26227,1
26228,1
26229,1
26230,1
26231,1
26232,1
26233,1
26234,1
26235,1
26236,1
26237,1
26238,1
26239,1
26240,1
26241,1
26242,1
26243,1
26244,1
26245,1
26246,1
26247,1
26248,1
26249,1
26250,1
26251,1
26252,1
26253,1
26254,1
26255,1
26256,1
26257,1
26258,1
26259,1
26260,1
26261,1
26262,1
26263,1
26264,1
26265,1
26266,1
26267,1
26268,1
26269,1
26270,1
26271,1
26272,1
26273,1
26274,1
26275,1
26276,1
26277,1
26278,1
26279,1
26280,1
26281,1
26282,1
26283,1
26284,1
26285,1
26286,1
26287,1
26288,1
26289,1
26290,1
26291,1
26292,1
26293,1
26294,1
26295,1
26296,1
26297,1
26298,1
26299,1
26300,1
26301,1
26302,1
26303,1
26304,1
26305,1
26306,1
26307,1
26308,1
26309,1
26310,1
26311,1
26312,1
26313,1
26314,1
26315,1
26316,1
26317,1
26318,1
26319,1
26320,1
26321,1
26322,1
26323,1
26324,1
26325,1
26326,1
26327,1
26328,1
26329,1
26330,1
26331,1
26332,1
26333,1
26334,1
26335,1
26336,1
26337,1
26338,1
26339,1
26340,1
26341,1
26342,1
26343,1
26344,1
26345,1
26346,1
26347,1
26348,1
26349,1
26350,1
26351,1
26352,1
26353,1
26354,1
26355,1
26356,1
26357,1
26358,1
26359,1
26360,1
26361,1
26362,1
26363,1
26364,1
26365,1
26366,1
26367,1
26368,1
26369,1
26370,1
26371,1
26372,1
26373,1
26374,1
26375,1
26376,1
26377,1
26378,1
26379,1
26380,1
26381,1
26382,1
26383,1
26384,1
26385,1
26386,1
26387,1
26388,1
26389,1
26390,1
26391,1
26392,1
26393,1
26394,1
26395,1
26396,1
26397,1
26398,1
26399,1
26400,1
26401,1
26402,1
26403,1
26404,1
26405,1
26406,1
26407,1
26408,1
26409,1
26410,1
26411,1
26412,1
26413,1
26414,1
26415,1
26416,1
26417,1
26418,1
26419,1
26420,1
26421,1
26422,1
26423,1
26424,1
26425,1
26426,1
26427,1
26428,1
26429,1
26430,1
26431,1
26432,1
26433,1
26434,1
26435,1
26436,1
26437,1
26438,1
26439,1
26440,1
26441,1
26442,1
26443,1
26444,1
26445,1
26446,1
26447,1
26448,1
26449,1
26450,1
26451,1
26452,1
26453,1
26454,1
26455,1
26456,1
26457,1
26458,1
26459,1
26460,1
26461,1
26462,1
26463,1
26464,1
26465,1
26466,1
26467,1
26468,1
26469,1
26470,1
26471,1
26472,1
26473,1
26474,1
26475,1
26476,1
26477,1
26478,1
26479,1
26480,1
26481,1
26482,1
26483,1
26484,1
26485,1
26486,1
26487,1
26488,1
26489,1
26490,1
26491,1
26492,1
26493,1
26494,1
26495,1
26496,1
26497,1
26498,1
26499,1
26500,1
26501,1
26502,1
26503,1
26504,1
26505,1
26506,1
26507,1
26508,1
26509,1
26510,1
26511,1
26512,1
26513,1
26514,1
26515,1
26516,1
26517,1
26518,1
26519,1
26520,1
26521,1
26522,1
26523,1
26524,1
26525,1
26526,1
26527,1
26528,1
26529,1
26530,1
26531,1
26532,1
26533,1
26534,1
26535,1
26536,1
26537,1
26538,1
26539,1
26540,1
26541,1
26542,1
26543,1
26544,1
26545,1
26546,1
26547,1
26548,1
26549,1
26550,1
26551,1
26552,1
26553,1
26554,1
26555,1
26556,1
26557,1
26558,1
26559,1
26560,1
26561,1
26562,1
26563,1
26564,1
26565,1
26566,1
26567,1
26568,1
26569,1
26570,1
26571,1
26572,1
26573,1
26574,1
26575,1
26576,1
26577,1
26578,1
26579,1
26580,1
26581,1
26582,1
26583,1
26584,1
26585,1
26586,1
26587,1
26588,1
26589,1
26590,1
26591,1
26592,1
26593,1
26594,1
26595,1
26596,1
26597,1
26598,1
26599,1
26600,1
26601,1
26602,1
26603,1
26604,1
26605,1
26606,1
26607,1
26608,1
26609,1
26610,1
26611,1
26612,1
26613,1
26614,1
26615,1
26616,1
26617,1
26618,1
26619,1
26620,1
26621,1
26622,1
26623,1
26624,1
26625,1
26626,1
26627,1
26628,1
26629,1
26630,1
26631,1
26632,1
26633,1
26634,1
26635,1
26636,1
26637,1
26638,1
26639,1
26640,1
26641,1
26642,1
26643,1
26644,1
26645,1
26646,1
26647,1
26648,1
26649,1
26650,1
26651,1
26652,1
26653,1
26654,1
26655,1
26656,1
26657,1
26658,1
26659,1
26660,1
26661,1
26662,1
26663,1
26664,1
26665,1
26666,1
26667,1
26668,1
26669,1
26670,1
26671,1
26672,1
26673,1
26674,1
26675,1
26676,1
26677,1
26678,1
26679,1
26680,1
26681,1
26682,1
26683,1
26684,1
26685,1
26686,1
26687,1
26688,1
26689,1
26690,1
26691,1
26692,1
26693,1
26694,1
26695,1
26696,1
26697,1
26698,1
26699,1
26700,1
26701,1
26702,1
26703,1
26704,1
26705,1
26706,1
26707,1
26708,1
26709,1
26710,1
26711,1
26712,1
26713,1
26714,1
26715,1
26716,1
26717,1
26718,1
26719,1
26720,1
26721,1
26722,1
26723,1
26724,1
26725,1
26726,1
26727,1
26728,1
26729,1
26730,1
26731,1
26732,1
26733,1
26734,1
26735,1
26736,1
26737,1
26738,1
26739,1
26740,1
26741,1
26742,1
26743,1
26744,1
26745,1
26746,1
26747,1
26748,1
26749,1
26750,1
26751,1
26752,1
26753,1
26754,1
26755,1
26756,1
26757,1
26758,1
26759,1
26760,1
26761,1
26762,1
26763,1
26764,1
26765,1
26766,1
26767,1
26768,1
26769,1
26770,1
26771,1
26772,1
26773,1
26774,1
26775,1
26776,1
26777,1
26778,1
26779,1
26780,1
26781,1
26782,1
26783,1
26784,1
26785,1
26786,1
26787,1
26788,1
26789,1
26790,1
26791,1
26792,1
26793,1
26794,1
26795,1
26796,1
26797,1
26798,1
26799,1
26800,1
26801,1
26802,1
26803,1
26804,1
26805,1
26806,1
26807,1
26808,1
26809,1
26810,1
26811,1
26812,1
26813,1
26814,1
26815,1
26816,1
26817,1
26818,1
26819,1
26820,1
26821,1
26822,1
26823,1
26824,1
26825,1
26826,1
26827,1
26828,1
26829,1
26830,1
26831,1
26832,1
26833,1
26834,1
26835,1
26836,1
26837,1
26838,1
26839,1
26840,1
26841,1
26842,1
26843,1
26844,1
26845,1
26846,1
26847,1
26848,1
26849,1
26850,1
26851,1
26852,1
26853,1
26854,1
26855,1
26856,1
26857,1
26858,1
26859,1
26860,1
26861,1
26862,1
26863,1
26864,1
26865,1
26866,1
26867,1
26868,1
26869,1
26870,1
26871,1
26872,1
26873,1
26874,1
26875,1
26876,1
26877,1
26878,1
26879,1
26880,1
26881,1
26882,1
26883,1
26884,1
26885,1
26886,1
26887,1
26888,1
26889,1
26890,1
26891,1
26892,1
26893,1
26894,1
26895,1
26896,1
26897,1
26898,1
26899,1
26900,1
26901,1
26902,1
26903,1
26904,1
26905,1
26906,1
26907,1
26908,1
26909,1
26910,1
26911,1
26912,1
26913,1
26914,1
26915,1
26916,1
26917,1
26918,1
26919,1
26920,1
26921,1
26922,1
26923,1
26924,1
26925,1
26926,1
26927,1
26928,1
26929,1
26930,1
26931,1
26932,1
26933,1
26934,1
26935,1
26936,1
26937,1
26938,1
26939,1
26940,1
26941,1
26942,1
26943,1
26944,1
26945,1
26946,1
26947,1
26948,1
26949,1
26950,1
26951,1
26952,1
26953,1
26954,1
26955,1
26956,1
26957,1
26958,1
26959,1
26960,1
26961,1
26962,1
26963,1
26964,1
26965,1
26966,1
26967,1
26968,1
26969,1
26970,1
26971,1
26972,1
26973,1
26974,1
26975,1
26976,1
26977,1
26978,1
26979,1
26980,1
26981,1
26982,1
26983,1
26984,1
26985,1
26986,1
26987,1
26988,1
26989,1
26990,1
26991,1
26992,1
26993,1
26994,1
26995,1
26996,1
26997,1
26998,1
26999,1
27000,1
27001,1
27002,1
27003,1
27004,1
27005,1
27006,1
27007,1
27008,1
27009,1
27010,1
27011,1
27012,1
27013,1
27014,1
27015,1
27016,1
27017,1
27018,1
27019,1
27020,1
27021,1
27022,1
27023,1
27024,1
27025,1
27026,1
27027,1
27028,1
27029,1
27030,1
27031,1
27032,1
27033,1
27034,1
27035,1
27036,1
27037,1
27038,1
27039,1
27040,1
27041,1
27042,1
27043,1
27044,1
27045,1
27046,1
27047,1
27048,1
27049,1
27050,1
27051,1
27052,1
27053,1
27054,1
27055,1
27056,1
27057,1
27058,1
27059,1
27060,1
27061,1
27062,1
27063,1
27064,1
27065,1
27066,1
27067,1
27068,1
27069,1
27070,1
27071,1
27072,1
27073,1
27074,1
27075,1
27076,1
27077,1
27078,1
27079,1
27080,1
27081,1
27082,1
27083,1
27084,1
27085,1
27086,1
27087,1
27088,1
27089,1
27090,1
27091,1
27092,1
27093,1
27094,1
27095,1
27096,1
27097,1
27098,1
27099,1
27100,1
27101,1
27102,1
27103,1
27104,1
27105,1
27106,1
27107,1
27108,1
27109,1
27110,1
27111,1
27112,1
27113,1
27114,1
27115,1
27116,1
27117,1
27118,1
27119,1
27120,1
27121,1
27122,1
27123,1
27124,1
27125,1
27126,1
27127,1
27128,1
27129,1
27130,1
27131,1
27132,1
27133,1
27134,1
27135,1
27136,1
27137,1
27138,1
27139,1
27140,1
27141,1
27142,1
27143,1
27144,1
27145,1
27146,1
27147,1
27148,1
27149,1
27150,1
27151,1
27152,1
27153,1
27154,1
27155,1
27156,1
27157,1
27158,1
27159,1
27160,1
27161,1
27162,1
27163,1
27164,1
27165,1
27166,1
27167,1
27168,1
27169,1
27170,1
27171,1
27172,1
27173,1
27174,1
27175,1
27176,1
27177,1
27178,1
27179,1
27180,1
27181,1
27182,1
27183,1
27184,1
27185,1
27186,1
27187,1
27188,1
27189,1
27190,1
27191,1
27192,1
27193,1
27194,1
27195,1
27196,1
27197,1
27198,1
27199,1
27200,1
27201,1
27202,1
27203,1
27204,1
27205,1
27206,1
27207,1
27208,1
27209,1
27210,1
27211,1
27212,1
27213,1
27214,1
27215,1
27216,1
27217,1
27218,1
27219,1
27220,1
27221,1
27222,1
27223,1
27224,1
27225,1
27226,1
27227,1
27228,1
27229,1
27230,1
27231,1
27232,1
27233,1
27234,1
27235,1
27236,1
27237,1
27238,1
27239,1
27240,1
27241,1
27242,1
27243,1
27244,1
27245,1
27246,1
27247,1
27248,1
27249,1
27250,1
27251,1
27252,1
27253,1
27254,1
27255,1
27256,1
27257,1
27258,1
27259,1
27260,1
27261,1
27262,1
27263,1
27264,1
27265,1
27266,1
27267,1
27268,1
27269,1
27270,1
27271,1
27272,1
27273,1
27274,1
27275,1
27276,1
27277,1
27278,1
27279,1
27280,1
27281,1
27282,1
27283,1
27284,1
27285,1
27286,1
27287,1
27288,1
27289,1
27290,1
27291,1
27292,1
27293,1
27294,1
27295,1
27296,1
27297,1
27298,1
27299,1
27300,1
27301,1
27302,1
27303,1
27304,1
27305,1
27306,1
27307,1
27308,1
27309,1
27310,1
27311,1
27312,1
27313,1
27314,1
27315,1
27316,1
27317,1
27318,1
27319,1
27320,1
27321,1
27322,1
27323,1
27324,1
27325,1
27326,1
27327,1
27328,1
27329,1
27330,1
27331,1
27332,1
27333,1
27334,1
27335,1
27336,1
27337,1
27338,1
27339,1
27340,1
27341,1
27342,1
27343,1
27344,1
27345,1
27346,1
27347,1
27348,1
27349,1
27350,1
27351,1
27352,1
27353,1
27354,1
27355,1
27356,1
27357,1
27358,1
27359,1
27360,1
27361,1
27362,1
27363,1
27364,1
27365,1
27366,1
27367,1
27368,1
27369,1
27370,1
27371,1
27372,1
27373,1
27374,1
27375,1
27376,1
27377,1
27378,1
27379,1
27380,1
27381,1
27382,1
27383,1
27384,1
27385,1
27386,1
27387,1
27388,1
27389,1
27390,1
27391,1
27392,1
27393,1
27394,1
27395,1
27396,1
27397,1
27398,1
27399,1
27400,1
27401,1
27402,1
27403,1
27404,1
27405,1
27406,1
27407,1
27408,1
27409,1
27410,1
27411,1
27412,1
27413,1
27414,1
27415,1
27416,1
27417,1
27418,1
27419,1
27420,1
27421,1
27422,1
27423,1
27424,1
27425,1
27426,1
27427,1
27428,1
27429,1
27430,1
27431,1
27432,1
27433,1
27434,1
27435,1
27436,1
27437,1
27438,1
27439,1
27440,1
27441,1
27442,1
27443,1
27444,1
27445,1
27446,1
27447,1
27448,1
27449,1
27450,1
27451,1
27452,1
27453,1
27454,1
27455,1
27456,1
27457,1
27458,1
27459,1
27460,1
27461,1
27462,1
27463,1
27464,1
27465,1
27466,1
27467,1
27468,1
27469,1
27470,1
27471,1
27472,1
27473,1
27474,1
27475,1
27476,1
27477,1
27478,1
27479,1
27480,1
27481,1
27482,1
27483,1
27484,1
27485,1
27486,1
27487,1
27488,1
27489,1
27490,1
27491,1
27492,1
27493,1
27494,1
27495,1
27496,1
27497,1
27498,1
27499,1
27500,1
27501,1
27502,1
27503,1
27504,1
27505,1
27506,1
27507,1
27508,1
27509,1
27510,1
27511,1
27512,1
27513,1
27514,1
27515,1
27516,1
27517,1
27518,1
27519,1
27520,1
27521,1
27522,1
27523,1
27524,1
27525,1
27526,1
27527,1
27528,1
27529,1
27530,1
27531,1
27532,1
27533,1
27534,1
27535,1
27536,1
27537,1
27538,1
27539,1
27540,1
27541,1
27542,1
27543,1
27544,1
27545,1
27546,1
27547,1
27548,1
27549,1
27550,1
27551,1
27552,1
27553,1
27554,1
27555,1
27556,1
27557,1
27558,1
27559,1
27560,1
27561,1
27562,1
27563,1
27564,1
27565,1
27566,1
27567,1
27568,1
27569,1
27570,1
27571,1
27572,1
27573,1
27574,1
27575,1
27576,1
27577,1
27578,1
27579,1
27580,1
27581,1
27582,1
27583,1
27584,1
27585,1
27586,1
27587,1
27588,1
27589,1
27590,1
27591,1
27592,1
27593,1
27594,1
27595,1
27596,1
27597,1
27598,1
27599,1
27600,1
27601,1
27602,1
27603,1
27604,1
27605,1
27606,1
27607,1
27608,1
27609,1
27610,1
27611,1
27612,1
27613,1
27614,1
27615,1
27616,1
27617,1
27618,1
27619,1
27620,1
27621,1
27622,1
27623,1
27624,1
27625,1
27626,1
27627,1
27628,1
27629,1
27630,1
27631,1
27632,1
27633,1
27634,1
27635,1
27636,1
27637,1
27638,1
27639,1
27640,1
27641,1
27642,1
27643,1
27644,1
27645,1
27646,1
27647,1
27648,1
27649,1
27650,1
27651,1
27652,1
27653,1
27654,1
27655,1
27656,1
27657,1
27658,1
27659,1
27660,1
27661,1
27662,1
27663,1
27664,1
27665,1
27666,1
27667,1
27668,1
27669,1
27670,1
27671,1
27672,1
27673,1
27674,1
27675,1
27676,1
27677,1
27678,1
27679,1
27680,1
27681,1
27682,1
27683,1
27684,1
27685,1
27686,1
27687,1
27688,1
27689,1
27690,1
27691,1
27692,1
27693,1
27694,1
27695,1
27696,1
27697,1
27698,1
27699,1
27700,1
27701,1
27702,1
27703,1
27704,1
27705,1
27706,1
27707,1
27708,1
27709,1
27710,1
27711,1
27712,1
27713,1
27714,1
27715,1
27716,1
27717,1
27718,1
27719,1
27720,1
27721,1
27722,1
27723,1
27724,1
27725,1
27726,1
27727,1
27728,1
27729,1
27730,1
27731,1
27732,1
27733,1
27734,1
27735,1
27736,1
27737,1
27738,1
27739,1
27740,1
27741,1
27742,1
27743,1
27744,1
27745,1
27746,1
27747,1
27748,1
27749,1
27750,1
27751,1
27752,1
27753,1
27754,1
27755,1
27756,1
27757,1
27758,1
27759,1
27760,1
27761,1
27762,1
27763,1
27764,1
27765,1
27766,1
27767,1
27768,1
27769,1
27770,1
27771,1
27772,1
27773,1
27774,1
27775,1
27776,1
27777,1
27778,1
27779,1
27780,1
27781,1
27782,1
27783,1
27784,1
27785,1
27786,1
27787,1
27788,1
27789,1
27790,1
27791,1
27792,1
27793,1
27794,1
27795,1
27796,1
27797,1
27798,1
27799,1
27800,1
27801,1
27802,1
27803,1
27804,1
27805,1
27806,1
27807,1
27808,1
27809,1
27810,1
27811,1
27812,1
27813,1
27814,1
27815,1
27816,1
27817,1
27818,1
27819,1
27820,1
27821,1
27822,1
27823,1
27824,1
27825,1
27826,1
27827,1
27828,1
27829,1
27830,1
27831,1
27832,1
27833,1
27834,1
27835,1
27836,1
27837,1
27838,1
27839,1
27840,1
27841,1
27842,1
27843,1
27844,1
27845,1
27846,1
27847,1
27848,1
27849,1
27850,1
27851,1
27852,1
27853,1
27854,1
27855,1
27856,1
27857,1
27858,1
27859,1
27860,1
27861,1
27862,1
27863,1
27864,1
27865,1
27866,1
27867,1
27868,1
27869,1
27870,1
27871,1
27872,1
27873,1
27874,1
27875,1
27876,1
27877,1
27878,1
27879,1
27880,1
27881,1
27882,1
27883,1
27884,1
27885,1
27886,1
27887,1
27888,1
27889,1
27890,1
27891,1
27892,1
27893,1
27894,1
27895,1
27896,1
27897,1
27898,1
27899,1
27900,1
27901,1
27902,1
27903,1
27904,1
27905,1
27906,1
27907,1
27908,1
27909,1
27910,1
27911,1
27912,1
27913,1
27914,1
27915,1
27916,1
27917,1
27918,1
27919,1
27920,1
27921,1
27922,1
27923,1
27924,1
27925,1
27926,1
27927,1
27928,1
27929,1
27930,1
27931,1
27932,1
27933,1
27934,1
27935,1
27936,1
27937,1
27938,1
27939,1
27940,1
27941,1
27942,1
27943,1
27944,1
27945,1
27946,1
27947,1
27948,1
27949,1
27950,1
27951,1
27952,1
27953,1
27954,1
27955,1
27956,1
27957,1
27958,1
27959,1
27960,1
27961,1
27962,1
27963,1
27964,1
27965,1
27966,1
27967,1
27968,1
27969,1
27970,1
27971,1
27972,1
27973,1
27974,1
27975,1
27976,1
27977,1
27978,1
27979,1
27980,1
27981,1
27982,1
27983,1
27984,1
27985,1
27986,1
27987,1
27988,1
27989,1
27990,1
27991,1
27992,1
27993,1
27994,1
27995,1
27996,1
27997,1
27998,1
27999,1
28000,1
28001,1
28002,1
28003,1
28004,1
28005,1
28006,1
28007,1
28008,1
28009,1
28010,1
28011,1
28012,1
28013,1
28014,1
28015,1
28016,1
28017,1
28018,1
28019,1
28020,1
28021,1
28022,1
28023,1
28024,1
28025,1
28026,1
28027,1
28028,1
28029,1
28030,1
28031,1
28032,1
28033,1
28034,1
28035,1
28036,1
28037,1
28038,1
28039,1
28040,1
28041,1
28042,1
28043,1
28044,1
28045,1
28046,1
28047,1
28048,1
28049,1
28050,1
28051,1
28052,1
28053,1
28054,1
28055,1
28056,1
28057,1
28058,1
28059,1
28060,1
28061,1
28062,1
28063,1
28064,1
28065,1
28066,1
28067,1
28068,1
28069,1
28070,1
28071,1
28072,1
28073,1
28074,1
28075,1
28076,1
28077,1
28078,1
28079,1
28080,1
28081,1
28082,1
28083,1
28084,1
28085,1
28086,1
28087,1
28088,1
28089,1
28090,1
28091,1
28092,1
28093,1
28094,1
28095,1
28096,1
28097,1
28098,1
28099,1
28100,1
28101,1
28102,1
28103,1
28104,1
28105,1
28106,1
28107,1
28108,1
28109,1
28110,1
28111,1
28112,1
28113,1
28114,1
28115,1
28116,1
28117,1
28118,1
28119,1
28120,1
28121,1
28122,1
28123,1
28124,1
28125,1
28126,1
28127,1
28128,1
28129,1
28130,1
28131,1
28132,1
28133,1
28134,1
28135,1
28136,1
28137,1
28138,1
28139,1
28140,1
28141,1
28142,1
28143,1
28144,1
28145,1
28146,1
28147,1
28148,1
28149,1
28150,1
28151,1
28152,1
28153,1
28154,1
28155,1
28156,1
28157,1
28158,1
28159,1
28160,1
28161,1
28162,1
28163,1
28164,1
28165,1
28166,1
28167,1
28168,1
28169,1
28170,1
28171,1
28172,1
28173,1
28174,1
28175,1
28176,1
28177,1
28178,1
28179,1
28180,1
28181,1
28182,1
28183,1
28184,1
28185,1
28186,1
28187,1
28188,1
28189,1
28190,1
28191,1
28192,1
28193,1
28194,1
28195,1
28196,1
28197,1
28198,1
28199,1
28200,1
28201,1
28202,1
28203,1
28204,1
28205,1
28206,1
28207,1
28208,1
28209,1
28210,1
28211,1
28212,1
28213,1
28214,1
28215,1
28216,1
28217,1
28218,1
28219,1
28220,1
28221,1
28222,1
28223,1
28224,1
28225,1
28226,1
28227,1
28228,1
28229,1
28230,1
28231,1
28232,1
28233,1
28234,1
28235,1
28236,1
28237,1
28238,1
28239,1
28240,1
28241,1
28242,1
28243,1
28244,1
28245,1
28246,1
28247,1
28248,1
28249,1
28250,1
28251,1
28252,1
28253,1
28254,1
28255,1
28256,1
28257,1
28258,1
28259,1
28260,1
28261,1
28262,1
28263,1
28264,1
28265,1
28266,1
28267,1
28268,1
28269,1
28270,1
28271,1
28272,1
28273,1
28274,1
28275,1
28276,1
28277,1
28278,1
28279,1
28280,1
28281,1
28282,1
28283,1
28284,1
28285,1
28286,1
28287,1
28288,1
28289,1
28290,1
28291,1
28292,1
28293,1
28294,1
28295,1
28296,1
28297,1
28298,1
28299,1
28300,1
28301,1
28302,1
28303,1
28304,1
28305,1
28306,1
28307,1
28308,1
28309,1
28310,1
28311,1
28312,1
28313,1
28314,1
28315,1
28316,1
28317,1
28318,1
28319,1
28320,1
28321,1
28322,1
28323,1
28324,1
28325,1
28326,1
28327,1
28328,1
28329,1
28330,1
28331,1
28332,1
28333,1
28334,1
28335,1
28336,1
28337,1
28338,1
28339,1
28340,1
28341,1
28342,1
28343,1
28344,1
28345,1
28346,1
28347,1
28348,1
28349,1
28350,1
28351,1
28352,1
28353,1
28354,1
28355,1
28356,1
28357,1
28358,1
28359,1
28360,1
28361,1
28362,1
28363,1
28364,1
28365,1
28366,1
28367,1
28368,1
28369,1
28370,1
28371,1
28372,1
28373,1
28374,1
28375,1
28376,1
28377,1
28378,1
28379,1
28380,1
28381,1
28382,1
28383,1
28384,1
28385,1
28386,1
28387,1
28388,1
28389,1
28390,1
28391,1
28392,1
28393,1
28394,1
28395,1
28396,1
28397,1
28398,1
28399,1
28400,1
28401,1
28402,1
28403,1
28404,1
28405,1
28406,1
28407,1
28408,1
28409,1
28410,1
28411,1
28412,1
28413,1
28414,1
28415,1
28416,1
28417,1
28418,1
28419,1
28420,1
28421,1
28422,1
28423,1
28424,1
28425,1
28426,1
28427,1
28428,1
28429,1
28430,1
28431,1
28432,1
28433,1
28434,1
28435,1
28436,1
28437,1
28438,1
28439,1
28440,1
28441,1
28442,1
28443,1
28444,1
28445,1
28446,1
28447,1
28448,1
28449,1
28450,1
28451,1
28452,1
28453,1
28454,1
28455,1
28456,1
28457,1
28458,1
28459,1
28460,1
28461,1
28462,1
28463,1
28464,1
28465,1
28466,1
28467,1
28468,1
28469,1
28470,1
28471,1
28472,1
28473,1
28474,1
28475,1
28476,1
28477,1
28478,1
28479,1
28480,1
28481,1
28482,1
28483,1
28484,1
28485,1
28486,1
28487,1
28488,1
28489,1
28490,1
28491,1
28492,1
28493,1
28494,1
28495,1
28496,1
28497,1
28498,1
28499,1
28500,1
28501,1
28502,1
28503,1
28504,1
28505,1
28506,1
28507,1
28508,1
28509,1
28510,1
28511,1
28512,1
28513,1
28514,1
28515,1
28516,1
28517,1
28518,1
28519,1
28520,1
28521,1
28522,1
28523,1
28524,1
28525,1
28526,1
28527,1
28528,1
28529,1
28530,1
28531,1
28532,1
28533,1
28534,1
28535,1
28536,1
28537,1
28538,1
28539,1
28540,1
28541,1
28542,1
28543,1
28544,1
28545,1
28546,1
28547,1
28548,1
28549,1
28550,1
28551,1
28552,1
28553,1
28554,1
28555,1
28556,1
28557,1
28558,1
28559,1
28560,1
28561,1
28562,1
28563,1
28564,1
28565,1
28566,1
28567,1
28568,1
28569,1
28570,1
28571,1
28572,1
28573,1
28574,1
28575,1
28576,1
28577,1
28578,1
28579,1
28580,1
28581,1
28582,1
28583,1
28584,1
28585,1
28586,1
28587,1
28588,1
28589,1
28590,1
28591,1
28592,1
28593,1
28594,1
28595,1
28596,1
28597,1
28598,1
28599,1
28600,1
28601,1
28602,1
28603,1
28604,1
28605,1
28606,1
28607,1
28608,1
28609,1
28610,1
28611,1
28612,1
28613,1
28614,1
28615,1
28616,1
28617,1
28618,1
28619,1
28620,1
28621,1
28622,1
28623,1
28624,1
28625,1
28626,1
28627,1
28628,1
28629,1
28630,1
28631,1
28632,1
28633,1
28634,1
28635,1
28636,1
28637,1
28638,1
28639,1
28640,1
28641,1
28642,1
28643,1
28644,1
28645,1
28646,1
28647,1
28648,1
28649,1
28650,1
28651,1
28652,1
28653,1
28654,1
28655,1
28656,1
28657,1
28658,1
28659,1
28660,1
28661,1
28662,1
28663,1
28664,1
28665,1
28666,1
28667,1
28668,1
28669,1
28670,1
28671,1
28672,1
28673,1
28674,1
28675,1
28676,1
28677,1
28678,1
28679,1
28680,1
28681,1
28682,1
28683,1
28684,1
28685,1
28686,1
28687,1
28688,1
28689,1
28690,1
28691,1
28692,1
28693,1
28694,1
28695,1
28696,1
28697,1
28698,1
28699,1
28700,1
28701,1
28702,1
28703,1
28704,1
28705,1
28706,1
28707,1
28708,1
28709,1
28710,1
28711,1
28712,1
28713,1
28714,1
28715,1
28716,1
28717,1
28718,1
28719,1
28720,1
28721,1
28722,1
28723,1
28724,1
28725,1
28726,1
28727,1
28728,1
28729,1
28730,1
28731,1
28732,1
28733,1
28734,1
28735,1
28736,1
28737,1
28738,1
28739,1
28740,1
28741,1
28742,1
28743,1
28744,1
28745,1
28746,1
28747,1
28748,1
28749,1
28750,1
28751,1
28752,1
28753,1
28754,1
28755,1
28756,1
28757,1
28758,1
28759,1
28760,1
28761,1
28762,1
28763,1
28764,1
28765,1
28766,1
28767,1
28768,1
28769,1
28770,1
28771,1
28772,1
28773,1
28774,1
28775,1
28776,1
28777,1
28778,1
28779,1
28780,1
28781,1
28782,1
28783,1
28784,1
28785,1
28786,1
28787,1
28788,1
28789,1
28790,1
28791,1
28792,1
28793,1
28794,1
28795,1
28796,1
28797,1
28798,1
28799,1
28800,1
28801,1
28802,1
28803,1
28804,1
28805,1
28806,1
28807,1
28808,1
28809,1
28810,1
28811,1
28812,1
28813,1
28814,1
28815,1
28816,1
28817,1
28818,1
28819,1
28820,1
28821,1
28822,1
28823,1
28824,1
28825,1
28826,1
28827,1
28828,1
28829,1
28830,1
28831,1
28832,1
28833,1
28834,1
28835,1
28836,1
28837,1
28838,1
28839,1
28840,1
28841,1
28842,1
28843,1
28844,1
28845,1
28846,1
28847,1
28848,1
28849,1
28850,1
28851,1
28852,1
28853,1
28854,1
28855,1
28856,1
28857,1
28858,1
28859,1
28860,1
28861,1
28862,1
28863,1
28864,1
28865,1
28866,1
28867,1
28868,1
28869,1
28870,1
28871,1
28872,1
28873,1
28874,1
28875,1
28876,1
28877,1
28878,1
28879,1
28880,1
28881,1
28882,1
28883,1
28884,1
28885,1
28886,1
28887,1
28888,1
28889,1
28890,1
28891,1
28892,1
28893,1
28894,1
28895,1
28896,1
28897,1
28898,1
28899,1
28900,1
28901,1
28902,1
28903,1
28904,1
28905,1
28906,1
28907,1
28908,1
28909,1
28910,1
28911,1
28912,1
28913,1
28914,1
28915,1
28916,1
28917,1
28918,1
28919,1
28920,1
28921,1
28922,1
28923,1
28924,1
28925,1
28926,1
28927,1
28928,1
28929,1
28930,1
28931,1
28932,1
28933,1
28934,1
28935,1
28936,1
28937,1
28938,1
28939,1
28940,1
28941,1
28942,1
28943,1
28944,1
28945,1
28946,1
28947,1
28948,1
28949,1
28950,1
28951,1
28952,1
28953,1
28954,1
28955,1
28956,1
28957,1
28958,1
28959,1
28960,1
28961,1
28962,1
28963,1
28964,1
28965,1
28966,1
28967,1
28968,1
28969,1
28970,1
28971,1
28972,1
28973,1
28974,1
28975,1
28976,1
28977,1
28978,1
28979,1
28980,1
28981,1
28982,1
28983,1
28984,1
28985,1
28986,1
28987,1
28988,1
28989,1
28990,1
28991,1
28992,1
28993,1
28994,1
28995,1
28996,1
28997,1
28998,1
28999,1
29000,1
29001,1
29002,1
29003,1
29004,1
29005,1
29006,1
29007,1
29008,1
29009,1
29010,1
29011,1
29012,1
29013,1
29014,1
29015,1
29016,1
29017,1
29018,1
29019,1
29020,1
29021,1
29022,1
29023,1
29024,1
29025,1
29026,1
29027,1
29028,1
29029,1
29030,1
29031,1
29032,1
29033,1
29034,1
29035,1
29036,1
29037,1
29038,1
29039,1
29040,1
29041,1
29042,1
29043,1
29044,1
29045,1
29046,1
29047,1
29048,1
29049,1
29050,1
29051,1
29052,1
29053,1
29054,1
29055,1
29056,1
29057,1
29058,1
29059,1
29060,1
29061,1
29062,1
29063,1
29064,1
29065,1
29066,1
29067,1
29068,1
29069,1
29070,1
29071,1
29072,1
29073,1
29074,1
29075,1
29076,1
29077,1
29078,1
29079,1
29080,1
29081,1
29082,1
29083,1
29084,1
29085,1
29086,1
29087,1
29088,1
29089,1
29090,1
29091,1
29092,1
29093,1
29094,1
29095,1
29096,1
29097,1
29098,1
29099,1
29100,1
29101,1
29102,1
29103,1
29104,1
29105,1
29106,1
29107,1
29108,1
29109,1
29110,1
29111,1
29112,1
29113,1
29114,1
29115,1
29116,1
29117,1
29118,1
29119,1
29120,1
29121,1
29122,1
29123,1
29124,1
29125,1
29126,1
29127,1
29128,1
29129,1
29130,1
29131,1
29132,1
29133,1
29134,1
29135,1
29136,1
29137,1
29138,1
29139,1
29140,1
29141,1
29142,1
29143,1
29144,1
29145,1
29146,1
29147,1
29148,1
29149,1
29150,1
29151,1
29152,1
29153,1
29154,1
29155,1
29156,1
29157,1
29158,1
29159,1
29160,1
29161,1
29162,1
29163,1
29164,1
29165,1
29166,1
29167,1
29168,1
29169,1
29170,1
29171,1
29172,1
29173,1
29174,1
29175,1
29176,1
29177,1
29178,1
29179,1
29180,1
29181,1
29182,1
29183,1
29184,1
29185,1
29186,1
29187,1
29188,1
29189,1
29190,1
29191,1
29192,1
29193,1
29194,1
29195,1
29196,1
29197,1
29198,1
29199,1
29200,1
29201,1
29202,1
29203,1
29204,1
29205,1
29206,1
29207,1
29208,1
29209,1
29210,1
29211,1
29212,1
29213,1
29214,1
29215,1
29216,1
29217,1
29218,1
29219,1
29220,1
29221,1
29222,1
29223,1
29224,1
29225,1
29226,1
29227,1
29228,1
29229,1
29230,1
29231,1
29232,1
29233,1
29234,1
29235,1
29236,1
29237,1
29238,1
29239,1
29240,1
29241,1
29242,1
29243,1
29244,1
29245,1
29246,1
29247,1
29248,1
29249,1
29250,1
29251,1
29252,1
29253,1
29254,1
29255,1
29256,1
29257,1
29258,1
29259,1
29260,1
29261,1
29262,1
29263,1
29264,1
29265,1
29266,1
29267,1
29268,1
29269,1
29270,1
29271,1
29272,1
29273,1
29274,1
29275,1
29276,1
29277,1
29278,1
29279,1
29280,1
29281,1
29282,1
29283,1
29284,1
29285,1
29286,1
29287,1
29288,1
29289,1
29290,1
29291,1
29292,1
29293,1
29294,1
29295,1
29296,1
29297,1
29298,1
29299,1
29300,1
29301,1
29302,1
29303,1
29304,1
29305,1
29306,1
29307,1
29308,1
29309,1
29310,1
29311,1
29312,1
29313,1
29314,1
29315,1
29316,1
29317,1
29318,1
29319,1
29320,1
29321,1
29322,1
29323,1
29324,1
29325,1
29326,1
29327,1
29328,1
29329,1
29330,1
29331,1
29332,1
29333,1
29334,1
29335,1
29336,1
29337,1
29338,1
29339,1
29340,1
29341,1
29342,1
29343,1
29344,1
29345,1
29346,1
29347,1
29348,1
29349,1
29350,1
29351,1
29352,1
29353,1
29354,1
29355,1
29356,1
29357,1
29358,1
29359,1
29360,1
29361,1
29362,1
29363,1
29364,1
29365,1
29366,1
29367,1
29368,1
29369,1
29370,1
29371,1
29372,1
29373,1
29374,1
29375,1
29376,1
29377,1
29378,1
29379,1
29380,1
29381,1
29382,1
29383,1
29384,1
29385,1
29386,1
29387,1
29388,1
29389,1
29390,1
29391,1
29392,1
29393,1
29394,1
29395,1
29396,1
29397,1
29398,1
29399,1
29400,1
29401,1
29402,1
29403,1
29404,1
29405,1
29406,1
29407,1
29408,1
29409,1
29410,1
29411,1
29412,1
29413,1
29414,1
29415,1
29416,1
29417,1
29418,1
29419,1
29420,1
29421,1
29422,1
29423,1
29424,1
29425,1
29426,1
29427,1
29428,1
29429,1
29430,1
29431,1
29432,1
29433,1
29434,1
29435,1
29436,1
29437,1
29438,1
29439,1
29440,1
29441,1
29442,1
29443,1
29444,1
29445,1
29446,1
29447,1
29448,1
29449,1
29450,1
29451,1
29452,1
29453,1
29454,1
29455,1
29456,1
29457,1
29458,1
29459,1
29460,1
29461,1
29462,1
29463,1
29464,1
29465,1
29466,1
29467,1
29468,1
29469,1
29470,1
29471,1
29472,1
29473,1
29474,1
29475,1
29476,1
29477,1
29478,1
29479,1
29480,1
29481,1
29482,1
29483,1
29484,1
29485,1
29486,1
29487,1
29488,1
29489,1
29490,1
29491,1
29492,1
29493,1
29494,1
29495,1
29496,1
29497,1
29498,1
29499,1
29500,1
29501,1
29502,1
29503,1
29504,1
29505,1
29506,1
29507,1
29508,1
29509,1
29510,1
29511,1
29512,1
29513,1
29514,1
29515,1
29516,1
29517,1
29518,1
29519,1
29520,1
29521,1
29522,1
29523,1
29524,1
29525,1
29526,1
29527,1
29528,1
29529,1
29530,1
29531,1
29532,1
29533,1
29534,1
29535,1
29536,1
29537,1
29538,1
29539,1
29540,1
29541,1
29542,1
29543,1
29544,1
29545,1
29546,1
29547,1
29548,1
29549,1
29550,1
29551,1
29552,1
29553,1
29554,1
29555,1
29556,1
29557,1
29558,1
29559,1
29560,1
29561,1
29562,1
29563,1
29564,1
29565,1
29566,1
29567,1
29568,1
29569,1
29570,1
29571,1
29572,1
29573,1
29574,1
29575,1
29576,1
29577,1
29578,1
29579,1
29580,1
29581,1
29582,1
29583,1
29584,1
29585,1
29586,1
29587,1
29588,1
29589,1
29590,1
29591,1
29592,1
29593,1
29594,1
29595,1
29596,1
29597,1
29598,1
29599,1
29600,1
29601,1
29602,1
29603,1
29604,1
29605,1
29606,1
29607,1
29608,1
29609,1
29610,1
29611,1
29612,1
29613,1
29614,1
29615,1
29616,1
29617,1
29618,1
29619,1
29620,1
29621,1
29622,1
29623,1
29624,1
29625,1
29626,1
29627,1
29628,1
29629,1
29630,1
29631,1
29632,1
29633,1
29634,1
29635,1
29636,1
29637,1
29638,1
29639,1
29640,1
29641,1
29642,1
29643,1
29644,1
29645,1
29646,1
29647,1
29648,1
29649,1
29650,1
29651,1
29652,1
29653,1
29654,1
29655,1
29656,1
29657,1
29658,1
29659,1
29660,1
29661,1
29662,1
29663,1
29664,1
29665,1
29666,1
29667,1
29668,1
29669,1
29670,1
29671,1
29672,1
29673,1
29674,1
29675,1
29676,1
29677,1
29678,1
29679,1
29680,1
29681,1
29682,1
29683,1
29684,1
29685,1
29686,1
29687,1
29688,1
29689,1
29690,1
29691,1
29692,1
29693,1
29694,1
29695,1
29696,1
29697,1
29698,1
29699,1
29700,1
29701,1
29702,1
29703,1
29704,1
29705,1
29706,1
29707,1
29708,1
29709,1
29710,1
29711,1
29712,1
29713,1
29714,1
29715,1
29716,1
29717,1
29718,1
29719,1
29720,1
29721,1
29722,1
29723,1
29724,1
29725,1
29726,1
29727,1
29728,1
29729,1
29730,1
29731,1
29732,1
29733,1
29734,1
29735,1
29736,1
29737,1
29738,1
29739,1
29740,1
29741,1
29742,1
29743,1
29744,1
29745,1
29746,1
29747,1
29748,1
29749,1
29750,1
29751,1
29752,1
29753,1
29754,1
29755,1
29756,1
29757,1
29758,1
29759,1
29760,1
29761,1
29762,1
29763,1
29764,1
29765,1
29766,1
29767,1
29768,1
29769,1
29770,1
29771,1
29772,1
29773,1
29774,1
29775,1
29776,1
29777,1
29778,1
29779,1
29780,1
29781,1
29782,1
29783,1
29784,1
29785,1
29786,1
29787,1
29788,1
29789,1
29790,1
29791,1
29792,1
29793,1
29794,1
29795,1
29796,1
29797,1
29798,1
29799,1
29800,1
29801,1
29802,1
29803,1
29804,1
29805,1
29806,1
29807,1
29808,1
29809,1
29810,1
29811,1
29812,1
29813,1
29814,1
29815,1
29816,1
29817,1
29818,1
29819,1
29820,1
29821,1
29822,1
29823,1
29824,1
29825,1
29826,1
29827,1
29828,1
29829,1
29830,1
29831,1
29832,1
29833,1
29834,1
29835,1
29836,1
29837,1
29838,1
29839,1
29840,1
29841,1
29842,1
29843,1
29844,1
29845,1
29846,1
29847,1
29848,1
29849,1
29850,1
29851,1
29852,1
29853,1
29854,1
29855,1
29856,1
29857,1
29858,1
29859,1
29860,1
29861,1
29862,1
29863,1
29864,1
29865,1
29866,1
29867,1
29868,1
29869,1
29870,1
29871,1
29872,1
29873,1
29874,1
29875,1
29876,1
29877,1
29878,1
29879,1
29880,1
29881,1
29882,1
29883,1
29884,1
29885,1
29886,1
29887,1
29888,1
29889,1
29890,1
29891,1
29892,1
29893,1
29894,1
29895,1
29896,1
29897,1
29898,1
29899,1
29900,1
29901,1
29902,1
29903,1
29904,1
29905,1
29906,1
29907,1
29908,1
29909,1
29910,1
29911,1
29912,1
29913,1
29914,1
29915,1
29916,1
29917,1
29918,1
29919,1
29920,1
29921,1
29922,1
29923,1
29924,1
29925,1
29926,1
29927,1
29928,1
29929,1
29930,1
29931,1
29932,1
29933,1
29934,1
29935,1
29936,1
29937,1
29938,1
29939,1
29940,1
29941,1
29942,1
29943,1
29944,1
29945,1
29946,1
29947,1
29948,1
29949,1
29950,1
29951,1
29952,1
29953,1
29954,1
29955,1
29956,1
29957,1
29958,1
29959,1
29960,1
29961,1
29962,1
29963,1
29964,1
29965,1
29966,1
29967,1
29968,1
29969,1
29970,1
29971,1
29972,1
29973,1
29974,1
29975,1
29976,1
29977,1
29978,1
29979,1
29980,1
29981,1
29982,1
29983,1
29984,1
29985,1
29986,1
29987,1
29988,1
29989,1
29990,1
29991,1
29992,1
29993,1
29994,1
29995,1
29996,1
29997,1
29998,1
29999,1
30000,1
30001,1
30002,1
30003,1
30004,1
30005,1
30006,1
30007,1
30008,1
30009,1
30010,1
30011,1
30012,1
30013,1
30014,1
30015,1
30016,1
30017,1
30018,1
30019,1
30020,1
30021,1
30022,1
30023,1
30024,1
30025,1
30026,1
30027,1
30028,1
30029,1
30030,1
30031,1
30032,1
30033,1
30034,1
30035,1
30036,1
30037,1
30038,1
30039,1
30040,1
30041,1
30042,1
30043,1
30044,1
30045,1
30046,1
30047,1
30048,1
30049,1
30050,1
30051,1
30052,1
30053,1
30054,1
30055,1
30056,1
30057,1
30058,1
30059,1
30060,1
30061,1
30062,1
30063,1
30064,1
30065,1
30066,1
30067,1
30068,1
30069,1
30070,1
30071,1
30072,1
30073,1
30074,1
30075,1
30076,1
30077,1
30078,1
30079,1
30080,1
30081,1
30082,1
30083,1
30084,1
30085,1
30086,1
30087,1
30088,1
30089,1
30090,1
30091,1
30092,1
30093,1
30094,1
30095,1
30096,1
30097,1
30098,1
30099,1
30100,1
30101,1
30102,1
30103,1
30104,1
30105,1
30106,1
30107,1
30108,1
30109,1
30110,1
30111,1
30112,1
30113,1
30114,1
30115,1
30116,1
30117,1
30118,1
30119,1
30120,1
30121,1
30122,1
30123,1
30124,1
30125,1
30126,1
30127,1
30128,1
30129,1
30130,1
30131,1
30132,1
30133,1
30134,1
30135,1
30136,1
30137,1
30138,1
30139,1
30140,1
30141,1
30142,1
30143,1
30144,1
30145,1
30146,1
30147,1
30148,1
30149,1
30150,1
30151,1
30152,1
30153,1
30154,1
30155,1
30156,1
30157,1
30158,1
30159,1
30160,1
30161,1
30162,1
30163,1
30164,1
30165,1
30166,1
30167,1
30168,1
30169,1
30170,1
30171,1
30172,1
30173,1
30174,1
30175,1
30176,1
30177,1
30178,1
30179,1
30180,1
30181,1
30182,1
30183,1
30184,1
30185,1
30186,1
30187,1
30188,1
30189,1
30190,1
30191,1
30192,1
30193,1
30194,1
30195,1
30196,1
30197,1
30198,1
30199,1
30200,1
30201,1
30202,1
30203,1
30204,1
30205,1
30206,1
30207,1
30208,1
30209,1
30210,1
30211,1
30212,1
30213,1
30214,1
30215,1
30216,1
30217,1
30218,1
30219,1
30220,1
30221,1
30222,1
30223,1
30224,1
30225,1
30226,1
30227,1
30228,1
30229,1
30230,1
30231,1
30232,1
30233,1
30234,1
30235,1
30236,1
30237,1
30238,1
30239,1
30240,1
30241,1
30242,1
30243,1
30244,1
30245,1
30246,1
30247,1
30248,1
30249,1
30250,1
30251,1
30252,1
30253,1
30254,1
30255,1
30256,1
30257,1
30258,1
30259,1
30260,1
30261,1
30262,1
30263,1
30264,1
30265,1
30266,1
30267,1
30268,1
30269,1
30270,1
30271,1
30272,1
30273,1
30274,1
30275,1
30276,1
30277,1
30278,1
30279,1
30280,1
30281,1
30282,1
30283,1
30284,1
30285,1
30286,1
30287,1
30288,1
30289,1
30290,1
30291,1
30292,1
30293,1
30294,1
30295,1
30296,1
30297,1
30298,1
30299,1
30300,1
30301,1
30302,1
30303,1
30304,1
30305,1
30306,1
30307,1
30308,1
30309,1
30310,1
30311,1
30312,1
30313,1
30314,1
30315,1
30316,1
30317,1
30318,1
30319,1
30320,1
30321,1
30322,1
30323,1
30324,1
30325,1
30326,1
30327,1
30328,1
30329,1
30330,1
30331,1
30332,1
30333,1
30334,1
30335,1
30336,1
30337,1
30338,1
30339,1
30340,1
30341,1
30342,1
30343,1
30344,1
30345,1
30346,1
30347,1
30348,1
30349,1
30350,1
30351,1
30352,1
30353,1
30354,1
30355,1
30356,1
30357,1
30358,1
30359,1
30360,1
30361,1
30362,1
30363,1
30364,1
30365,1
30366,1
30367,1
30368,1
30369,1
30370,1
30371,1
30372,1
30373,1
30374,1
30375,1
30376,1
30377,1
30378,1
30379,1
30380,1
30381,1
30382,1
30383,1
30384,1
30385,1
30386,1
30387,1
30388,1
30389,1
30390,1
30391,1
30392,1
30393,1
30394,1
30395,1
30396,1
30397,1
30398,1
30399,1
30400,1
30401,1
30402,1
30403,1
30404,1
30405,1
30406,1
30407,1
30408,1
30409,1
30410,1
30411,1
30412,1
30413,1
30414,1
30415,1
30416,1
30417,1
30418,1
30419,1
30420,1
30421,1
30422,1
30423,1
30424,1
30425,1
30426,1
30427,1
30428,1
30429,1
30430,1
30431,1
30432,1
30433,1
30434,1
30435,1
30436,1
30437,1
30438,1
30439,1
30440,1
30441,1
30442,1
30443,1
30444,1
30445,1
30446,1
30447,1
30448,1
30449,1
30450,1
30451,1
30452,1
30453,1
30454,1
30455,1
30456,1
30457,1
30458,1
30459,1
30460,1
30461,1
30462,1
30463,1
30464,1
30465,1
30466,1
30467,1
30468,1
30469,1
30470,1
30471,1
30472,1
30473,1
30474,1
30475,1
30476,1
30477,1
30478,1
30479,1
30480,1
30481,1
30482,1
30483,1
30484,1
30485,1
30486,1
30487,1
30488,1
30489,1
30490,1
30491,1
30492,1
30493,1
30494,1
30495,1
30496,1
30497,1
30498,1
30499,1
30500,1
30501,1
30502,1
30503,1
30504,1
30505,1
30506,1
30507,1
30508,1
30509,1
30510,1
30511,1
30512,1
30513,1
30514,1
30515,1
30516,1
30517,1
30518,1
30519,1
30520,1
30521,1
30522,1
30523,1
30524,1
30525,1
30526,1
30527,1
30528,1
30529,1
30530,1
30531,1
30532,1
30533,1
30534,1
30535,1
30536,1
30537,1
30538,1
30539,1
30540,1
30541,1
30542,1
30543,1
30544,1
30545,1
30546,1
30547,1
30548,1
30549,1
30550,1
30551,1
30552,1
30553,1
30554,1
30555,1
30556,1
30557,1
30558,1
30559,1
30560,1
30561,1
30562,1
30563,1
30564,1
30565,1
30566,1
30567,1
30568,1
30569,1
30570,1
30571,1
30572,1
30573,1
30574,1
30575,1
30576,1
30577,1
30578,1
30579,1
30580,1
30581,1
30582,1
30583,1
30584,1
30585,1
30586,1
30587,1
30588,1
30589,1
30590,1
30591,1
30592,1
30593,1
30594,1
30595,1
30596,1
30597,1
30598,1
30599,1
30600,1
30601,1
30602,1
30603,1
30604,1
30605,1
30606,1
30607,1
30608,1
30609,1
30610,1
30611,1
30612,1
30613,1
30614,1
30615,1
30616,1
30617,1
30618,1
30619,1
30620,1
30621,1
30622,1
30623,1
30624,1
30625,1
30626,1
30627,1
30628,1
30629,1
30630,1
30631,1
30632,1
30633,1
30634,1
30635,1
30636,1
30637,1
30638,1
30639,1
30640,1
30641,1
30642,1
30643,1
30644,1
30645,1
30646,1
30647,1
30648,1
30649,1
30650,1
30651,1
30652,1
30653,1
30654,1
30655,1
30656,1
30657,1
30658,1
30659,1
30660,1
30661,1
30662,1
30663,1
30664,1
30665,1
30666,1
30667,1
30668,1
30669,1
30670,1
30671,1
30672,1
30673,1
30674,1
30675,1
30676,1
30677,1
30678,1
30679,1
30680,1
30681,1
30682,1
30683,1
30684,1
30685,1
30686,1
30687,1
30688,1
30689,1
30690,1
30691,1
30692,1
30693,1
30694,1
30695,1
30696,1
30697,1
30698,1
30699,1
30700,1
30701,1
30702,1
30703,1
30704,1
30705,1
30706,1
30707,1
30708,1
30709,1
30710,1
30711,1
30712,1
30713,1
30714,1
30715,1
30716,1
30717,1
30718,1
30719,1
30720,1
30721,1
30722,1
30723,1
30724,1
30725,1
30726,1
30727,1
30728,1
30729,1
30730,1
30731,1
30732,1
30733,1
30734,1
30735,1
30736,1
30737,1
30738,1
30739,1
30740,1
30741,1
30742,1
30743,1
30744,1
30745,1
30746,1
30747,1
30748,1
30749,1
30750,1
30751,1
30752,1
30753,1
30754,1
30755,1
30756,1
30757,1
30758,1
30759,1
30760,1
30761,1
30762,1
30763,1
30764,1
30765,1
30766,1
30767,1
30768,1
30769,1
30770,1
30771,1
30772,1
30773,1
30774,1
30775,1
30776,1
30777,1
30778,1
30779,1
30780,1
30781,1
30782,1
30783,1
30784,1
30785,1
30786,1
30787,1
30788,1
30789,1
30790,1
30791,1
30792,1
30793,1
30794,1
30795,1
30796,1
30797,1
30798,1
30799,1
30800,1
30801,1
30802,1
30803,1
30804,1
30805,1
30806,1
30807,1
30808,1
30809,1
30810,1
30811,1
30812,1
30813,1
30814,1
30815,1
30816,1
30817,1
30818,1
30819,1
30820,1
30821,1
30822,1
30823,1
30824,1
30825,1
30826,1
30827,1
30828,1
30829,1
30830,1
30831,1
30832,1
30833,1
30834,1
30835,1
30836,1
30837,1
30838,1
30839,1
30840,1
30841,1
30842,1
30843,1
30844,1
30845,1
30846,1
30847,1
30848,1
30849,1
30850,1
30851,1
30852,1
30853,1
30854,1
30855,1
30856,1
30857,1
30858,1
30859,1
30860,1
30861,1
30862,1
30863,1
30864,1
30865,1
30866,1
30867,1
30868,1
30869,1
30870,1
30871,1
30872,1
30873,1
30874,1
30875,1
30876,1
30877,1
30878,1
30879,1
30880,1
30881,1
30882,1
30883,1
30884,1
30885,1
30886,1
30887,1
30888,1
30889,1
30890,1
30891,1
30892,1
30893,1
30894,1
30895,1
30896,1
30897,1
30898,1
30899,1
30900,1
30901,1
30902,1
30903,1
30904,1
30905,1
30906,1
30907,1
30908,1
30909,1
30910,1
30911,1
30912,1
30913,1
30914,1
30915,1
30916,1
30917,1
30918,1
30919,1
30920,1
30921,1
30922,1
30923,1
30924,1
30925,1
30926,1
30927,1
30928,1
30929,1
30930,1
30931,1
30932,1
30933,1
30934,1
30935,1
30936,1
30937,1
30938,1
30939,1
30940,1
30941,1
30942,1
30943,1
30944,1
30945,1
30946,1
30947,1
30948,1
30949,1
30950,1
30951,1
30952,1
30953,1
30954,1
30955,1
30956,1
30957,1
30958,1
30959,1
30960,1
30961,1
30962,1
30963,1
30964,1
30965,1
30966,1
30967,1
30968,1
30969,1
30970,1
30971,1
30972,1
30973,1
30974,1
30975,1
30976,1
30977,1
30978,1
30979,1
30980,1
30981,1
30982,1
30983,1
30984,1
30985,1
30986,1
30987,1
30988,1
30989,1
30990,1
30991,1
30992,1
30993,1
30994,1
30995,1
30996,1
30997,1
30998,1
30999,1
31000,1
31001,1
31002,1
31003,1
31004,1
31005,1
31006,1
31007,1
31008,1
31009,1
31010,1
31011,1
31012,1
31013,1
31014,1
31015,1
31016,1
31017,1
31018,1
31019,1
31020,1
31021,1
31022,1
31023,1
31024,1
31025,1
31026,1
31027,1
31028,1
31029,1
31030,1
31031,1
31032,1
31033,1
31034,1
31035,1
31036,1
31037,1
31038,1
31039,1
31040,1
31041,1
31042,1
31043,1
31044,1
31045,1
31046,1
31047,1
31048,1
31049,1
31050,1
31051,1
31052,1
31053,1
31054,1
31055,1
31056,1
31057,1
31058,1
31059,1
31060,1
31061,1
31062,1
31063,1
31064,1
31065,1
31066,1
31067,1
31068,1
31069,1
31070,1
31071,1
31072,1
31073,1
31074,1
31075,1
31076,1
31077,1
31078,1
31079,1
31080,1
31081,1
31082,1
31083,1
31084,1
31085,1
31086,1
31087,1
31088,1
31089,1
31090,1
31091,1
31092,1
31093,1
31094,1
31095,1
31096,1
31097,1
31098,1
31099,1
31100,1
31101,1
31102,1
31103,1
31104,1
31105,1
31106,1
31107,1
31108,1
31109,1
31110,1
31111,1
31112,1
31113,1
31114,1
31115,1
31116,1
31117,1
31118,1
31119,1
31120,1
31121,1
31122,1
31123,1
31124,1
31125,1
31126,1
31127,1
31128,1
31129,1
31130,1
31131,1
31132,1
31133,1
31134,1
31135,1
31136,1
31137,1
31138,1
31139,1
31140,1
31141,1
31142,1
31143,1
31144,1
31145,1
31146,1
31147,1
31148,1
31149,1
31150,1
31151,1
31152,1
31153,1
31154,1
31155,1
31156,1
31157,1
31158,1
31159,1
31160,1
31161,1
31162,1
31163,1
31164,1
31165,1
31166,1
31167,1
31168,1
31169,1
31170,1
31171,1
31172,1
31173,1
31174,1
31175,1
31176,1
31177,1
31178,1
31179,1
31180,1
31181,1
31182,1
31183,1
31184,1
31185,1
31186,1
31187,1
31188,1
31189,1
31190,1
31191,1
31192,1
31193,1
31194,1
31195,1
31196,1
31197,1
31198,1
31199,1
31200,1
31201,1
31202,1
31203,1
31204,1
31205,1
31206,1
31207,1
31208,1
31209,1
31210,1
31211,1
31212,1
31213,1
31214,1
31215,1
31216,1
31217,1
31218,1
31219,1
31220,1
31221,1
31222,1
31223,1
31224,1
31225,1
31226,1
31227,1
31228,1
31229,1
31230,1
31231,1
31232,1
31233,1
31234,1
31235,1
31236,1
31237,1
31238,1
31239,1
31240,1
31241,1
31242,1
31243,1
31244,1
31245,1
31246,1
31247,1
31248,1
31249,1
31250,1
31251,1
31252,1
31253,1
31254,1
31255,1
31256,1
31257,1
31258,1
31259,1
31260,1
31261,1
31262,1
31263,1
31264,1
31265,1
31266,1
31267,1
31268,1
31269,1
31270,1
31271,1
31272,1
31273,1
31274,1
31275,1
31276,1
31277,1
31278,1
31279,1
31280,1
31281,1
31282,1
31283,1
31284,1
31285,1
31286,1
31287,1
31288,1
31289,1
31290,1
31291,1
31292,1
31293,1
31294,1
31295,1
31296,1
31297,1
31298,1
31299,1
31300,1
31301,1
31302,1
31303,1
31304,1
31305,1
31306,1
31307,1
31308,1
31309,1
31310,1
31311,1
31312,1
31313,1
31314,1
31315,1
31316,1
31317,1
31318,1
31319,1
31320,1
31321,1
31322,1
31323,1
31324,1
31325,1
31326,1
31327,1
31328,1
31329,1
31330,1
31331,1
31332,1
31333,1
31334,1
31335,1
31336,1
31337,1
31338,1
31339,1
31340,1
31341,1
31342,1
31343,1
31344,1
31345,1
31346,1
31347,1
31348,1
31349,1
31350,1
31351,1
31352,1
31353,1
31354,1
31355,1
31356,1
31357,1
31358,1
31359,1
31360,1
31361,1
31362,1
31363,1
31364,1
31365,1
31366,1
31367,1
31368,1
31369,1
31370,1
31371,1
31372,1
31373,1
31374,1
31375,1
31376,1
31377,1
31378,1
31379,1
31380,1
31381,1
31382,1
31383,1
31384,1
31385,1
31386,1
31387,1
31388,1
31389,1
31390,1
31391,1
31392,1
31393,1
31394,1
31395,1
31396,1
31397,1
31398,1
31399,1
31400,1
31401,1
31402,1
31403,1
31404,1
31405,1
31406,1
31407,1
31408,1
31409,1
31410,1
31411,1
31412,1
31413,1
31414,1
31415,1
31416,1
31417,1
31418,1
31419,1
31420,1
31421,1
31422,1
31423,1
31424,1
31425,1
31426,1
31427,1
31428,1
31429,1
31430,1
31431,1
31432,1
31433,1
31434,1
31435,1
31436,1
31437,1
31438,1
31439,1
31440,1
31441,1
31442,1
31443,1
31444,1
31445,1
31446,1
31447,1
31448,1
31449,1
31450,1
31451,1
31452,1
31453,1
31454,1
31455,1
31456,1
31457,1
31458,1
31459,1
31460,1
31461,1
31462,1
31463,1
31464,1
31465,1
31466,1
31467,1
31468,1
31469,1
31470,1
31471,1
31472,1
31473,1
31474,1
31475,1
31476,1
31477,1
31478,1
31479,1
31480,1
31481,1
31482,1
31483,1
31484,1
31485,1
31486,1
31487,1
31488,1
31489,1
31490,1
31491,1
31492,1
31493,1
31494,1
31495,1
31496,1
31497,1
31498,1
31499,1
31500,1
31501,1
31502,1
31503,1
31504,1
31505,1
31506,1
31507,1
31508,1
31509,1
31510,1
31511,1
31512,1
31513,1
31514,1
31515,1
31516,1
31517,1
31518,1
31519,1
31520,1
31521,1
31522,1
31523,1
31524,1
31525,1
31526,1
31527,1
31528,1
31529,1
31530,1
31531,1
31532,1
31533,1
31534,1
31535,1
31536,1
31537,1
31538,1
31539,1
31540,1
31541,1
31542,1
31543,1
31544,1
31545,1
31546,1
31547,1
31548,1
31549,1
31550,1
31551,1
31552,1
31553,1
31554,1
31555,1
31556,1
31557,1
31558,1
31559,1
31560,1
31561,1
31562,1
31563,1
31564,1
31565,1
31566,1
31567,1
31568,1
31569,1
31570,1
31571,1
31572,1
31573,1
31574,1
31575,1
31576,1
31577,1
31578,1
31579,1
31580,1
31581,1
31582,1
31583,1
31584,1
31585,1
31586,1
31587,1
31588,1
31589,1
31590,1
31591,1
31592,1
31593,1
31594,1
31595,1
31596,1
31597,1
31598,1
31599,1
31600,1
31601,1
31602,1
31603,1
31604,1
31605,1
31606,1
31607,1
31608,1
31609,1
31610,1
31611,1
31612,1
31613,1
31614,1
31615,1
31616,1
31617,1
31618,1
31619,1
31620,1
31621,1
31622,1
31623,1
31624,1
31625,1
31626,1
31627,1
31628,1
31629,1
31630,1
31631,1
31632,1
31633,1
31634,1
31635,1
31636,1
31637,1
31638,1
31639,1
31640,1
31641,1
31642,1
31643,1
31644,1
31645,1
31646,1
31647,1
31648,1
31649,1
31650,1
31651,1
31652,1
31653,1
31654,1
31655,1
31656,1
31657,1
31658,1
31659,1
31660,1
31661,1
31662,1
31663,1
31664,1
31665,1
31666,1
31667,1
31668,1
31669,1
31670,1
31671,1
31672,1
31673,1
31674,1
31675,1
31676,1
31677,1
31678,1
31679,1
31680,1
31681,1
31682,1
31683,1
31684,1
31685,1
31686,1
31687,1
31688,1
31689,1
31690,1
31691,1
31692,1
31693,1
31694,1
31695,1
31696,1
31697,1
31698,1
31699,1
31700,1
31701,1
31702,1
31703,1
31704,1
31705,1
31706,1
31707,1
31708,1
31709,1
31710,1
31711,1
31712,1
31713,1
31714,1
31715,1
31716,1
31717,1
31718,1
31719,1
31720,1
31721,1
31722,1
31723,1
31724,1
31725,1
31726,1
31727,1
31728,1
31729,1
31730,1
31731,1
31732,1
31733,1
31734,1
31735,1
31736,1
31737,1
31738,1
31739,1
31740,1
31741,1
31742,1
31743,1
31744,1
31745,1
31746,1
31747,1
31748,1
31749,1
31750,1
31751,1
31752,1
31753,1
31754,1
31755,1
31756,1
31757,1
31758,1
31759,1
31760,1
31761,1
31762,1
31763,1
31764,1
31765,1
31766,1
31767,1
31768,1
31769,1
31770,1
31771,1
31772,1
31773,1
31774,1
31775,1
31776,1
31777,1
31778,1
31779,1
31780,1
31781,1
31782,1
31783,1
31784,1
31785,1
31786,1
31787,1
31788,1
31789,1
31790,1
31791,1
31792,1
31793,1
31794,1
31795,1
31796,1
31797,1
31798,1
31799,1
31800,1
31801,1
31802,1
31803,1
31804,1
31805,1
31806,1
31807,1
31808,1
31809,1
31810,1
31811,1
31812,1
31813,1
31814,1
31815,1
31816,1
31817,1
31818,1
31819,1
31820,1
31821,1
31822,1
31823,1
31824,1
31825,1
31826,1
31827,1
31828,1
31829,1
31830,1
31831,1
31832,1
31833,1
31834,1
31835,1
31836,1
31837,1
31838,1
31839,1
31840,1
31841,1
31842,1
31843,1
31844,1
31845,1
31846,1
31847,1
31848,1
31849,1
31850,1
31851,1
31852,1
31853,1
31854,1
31855,1
31856,1
31857,1
31858,1
31859,1
31860,1
31861,1
31862,1
31863,1
31864,1
31865,1
31866,1
31867,1
31868,1
31869,1
31870,1
31871,1
31872,1
31873,1
31874,1
31875,1
31876,1
31877,1
31878,1
31879,1
31880,1
31881,1
31882,1
31883,1
31884,1
31885,1
31886,1
31887,1
31888,1
31889,1
31890,1
31891,1
31892,1
31893,1
31894,1
31895,1
31896,1
31897,1
31898,1
31899,1
31900,1
31901,1
31902,1
31903,1
31904,1
31905,1
31906,1
31907,1
31908,1
31909,1
31910,1
31911,1
31912,1
31913,1
31914,1
31915,1
31916,1
31917,1
31918,1
31919,1
31920,1
31921,1
31922,1
31923,1
31924,1
31925,1
31926,1
31927,1
31928,1
31929,1
31930,1
31931,1
31932,1
31933,1
31934,1
31935,1
31936,1
31937,1
31938,1
31939,1
31940,1
31941,1
31942,1
31943,1
31944,1
31945,1
31946,1
31947,1
31948,1
31949,1
31950,1
31951,1
31952,1
31953,1
31954,1
31955,1
31956,1
31957,1
31958,1
31959,1
31960,1
31961,1
31962,1
31963,1
31964,1
31965,1
31966,1
31967,1
31968,1
31969,1
31970,1
31971,1
31972,1
31973,1
31974,1
31975,1
31976,1
31977,1
31978,1
31979,1
31980,1
31981,1
31982,1
31983,1
31984,1
31985,1
31986,1
31987,1
31988,1
31989,1
31990,1
31991,1
31992,1
31993,1
31994,1
31995,1
31996,1
31997,1
31998,1
31999,1
32000,1
32001,1
32002,1
32003,1
32004,1
32005,1
32006,1
32007,1
32008,1
32009,1
32010,1
32011,1
32012,1
32013,1
32014,1
32015,1
32016,1
32017,1
32018,1
32019,1
32020,1
32021,1
32022,1
32023,1
32024,1
32025,1
32026,1
32027,1
32028,1
32029,1
32030,1
32031,1
32032,1
32033,1
32034,1
32035,1
32036,1
32037,1
32038,1
32039,1
32040,1
32041,1
32042,1
32043,1
32044,1
32045,1
32046,1
32047,1
32048,1
32049,1
32050,1
32051,1
32052,1
32053,1
32054,1
32055,1
32056,1
32057,1
32058,1
32059,1
32060,1
32061,1
32062,1
32063,1
32064,1
32065,1
32066,1
32067,1
32068,1
32069,1
32070,1
32071,1
32072,1
32073,1
32074,1
32075,1
32076,1
32077,1
32078,1
32079,1
32080,1
32081,1
32082,1
32083,1
32084,1
32085,1
32086,1
32087,1
32088,1
32089,1
32090,1
32091,1
32092,1
32093,1
32094,1
32095,1
32096,1
32097,1
32098,1
32099,1
32100,1
32101,1
32102,1
32103,1
32104,1
32105,1
32106,1
32107,1
32108,1
32109,1
32110,1
32111,1
32112,1
32113,1
32114,1
32115,1
32116,1
32117,1
32118,1
32119,1
32120,1
32121,1
32122,1
32123,1
32124,1
32125,1
32126,1
32127,1
32128,1
32129,1
32130,1
32131,1
32132,1
32133,1
32134,1
32135,1
32136,1
32137,1
32138,1
32139,1
32140,1
32141,1
32142,1
32143,1
32144,1
32145,1
32146,1
32147,1
32148,1
32149,1
32150,1
32151,1
32152,1
32153,1
32154,1
32155,1
32156,1
32157,1
32158,1
32159,1
32160,1
32161,1
32162,1
32163,1
32164,1
32165,1
32166,1
32167,1
32168,1
32169,1
32170,1
32171,1
32172,1
32173,1
32174,1
32175,1
32176,1
32177,1
32178,1
32179,1
32180,1
32181,1
32182,1
32183,1
32184,1
32185,1
32186,1
32187,1
32188,1
32189,1
32190,1
32191,1
32192,1
32193,1
32194,1
32195,1
32196,1
32197,1
32198,1
32199,1
32200,1
32201,1
32202,1
32203,1
32204,1
32205,1
32206,1
32207,1
32208,1
32209,1
32210,1
32211,1
32212,1
32213,1
32214,1
32215,1
32216,1
32217,1
32218,1
32219,1
32220,1
32221,1
32222,1
32223,1
32224,1
32225,1
32226,1
32227,1
32228,1
32229,1
32230,1
32231,1
32232,1
32233,1
32234,1
32235,1
32236,1
32237,1
32238,1
32239,1
32240,1
32241,1
32242,1
32243,1
32244,1
32245,1
32246,1
32247,1
32248,1
32249,1
32250,1
32251,1
32252,1
32253,1
32254,1
32255,1
32256,1
32257,1
32258,1
32259,1
32260,1
32261,1
32262,1
32263,1
32264,1
32265,1
32266,1
32267,1
32268,1
32269,1
32270,1
32271,1
32272,1
32273,1
32274,1
32275,1
32276,1
32277,1
32278,1
32279,1
32280,1
32281,1
32282,1
32283,1
32284,1
32285,1
32286,1
32287,1
32288,1
32289,1
32290,1
32291,1
32292,1
32293,1
32294,1
32295,1
32296,1
32297,1
32298,1
32299,1
32300,1
32301,1
32302,1
32303,1
32304,1
32305,1
32306,1
32307,1
32308,1
32309,1
32310,1
32311,1
32312,1
32313,1
32314,1
32315,1
32316,1
32317,1
32318,1
32319,1
32320,1
32321,1
32322,1
32323,1
32324,1
32325,1
32326,1
32327,1
32328,1
32329,1
32330,1
32331,1
32332,1
32333,1
32334,1
32335,1
32336,1
32337,1
32338,1
32339,1
32340,1
32341,1
32342,1
32343,1
32344,1
32345,1
32346,1
32347,1
32348,1
32349,1
32350,1
32351,1
32352,1
32353,1
32354,1
32355,1
32356,1
32357,1
32358,1
32359,1
32360,1
32361,1
32362,1
32363,1
32364,1
32365,1
32366,1
32367,1
32368,1
32369,1
32370,1
32371,1
32372,1
32373,1
32374,1
32375,1
32376,1
32377,1
32378,1
32379,1
32380,1
32381,1
32382,1
32383,1
32384,1
32385,1
32386,1
32387,1
32388,1
32389,1
32390,1
32391,1
32392,1
32393,1
32394,1
32395,1
32396,1
32397,1
32398,1
32399,1
32400,1
32401,1
32402,1
32403,1
32404,1
32405,1
32406,1
32407,1
32408,1
32409,1
32410,1
32411,1
32412,1
32413,1
32414,1
32415,1
32416,1
32417,1
32418,1
32419,1
32420,1
32421,1
32422,1
32423,1
32424,1
32425,1
32426,1
32427,1
32428,1
32429,1
32430,1
32431,1
32432,1
32433,1
32434,1
32435,1
32436,1
32437,1
32438,1
32439,1
32440,1
32441,1
32442,1
32443,1
32444,1
32445,1
32446,1
32447,1
32448,1
32449,1
32450,1
32451,1
32452,1
32453,1
32454,1
32455,1
32456,1
32457,1
32458,1
32459,1
32460,1
32461,1
32462,1
32463,1
32464,1
32465,1
32466,1
32467,1
32468,1
32469,1
32470,1
32471,1
32472,1
32473,1
32474,1
32475,1
32476,1
32477,1
32478,1
32479,1
32480,1
32481,1
32482,1
32483,1
32484,1
32485,1
32486,1
32487,1
32488,1
32489,1
32490,1
32491,1
32492,1
32493,1
32494,1
32495,1
32496,1
32497,1
32498,1
32499,1
32500,1
32501,1
32502,1
32503,1
32504,1
32505,1
32506,1
32507,1
32508,1
32509,1
32510,1
32511,1
32512,1
32513,1
32514,1
32515,1
32516,1
32517,1
32518,1
32519,1
32520,1
32521,1
32522,1
32523,1
32524,1
32525,1
32526,1
32527,1
32528,1
32529,1
32530,1
32531,1
32532,1
32533,1
32534,1
32535,1
32536,1
32537,1
32538,1
32539,1
32540,1
32541,1
32542,1
32543,1
32544,1
32545,1
32546,1
32547,1
32548,1
32549,1
32550,1
32551,1
32552,1
32553,1
32554,1
32555,1
32556,1
32557,1
32558,1
32559,1
32560,1
32561,1
32562,1
32563,1
32564,1
32565,1
32566,1
32567,1
32568,1
32569,1
32570,1
32571,1
32572,1
32573,1
32574,1
32575,1
32576,1
32577,1
32578,1
32579,1
32580,1
32581,1
32582,1
32583,1
32584,1
32585,1
32586,1
32587,1
32588,1
32589,1
32590,1
32591,1
32592,1
32593,1
32594,1
32595,1
32596,1
32597,1
32598,1
32599,1
32600,1
32601,1
32602,1
32603,1
32604,1
32605,1
32606,1
32607,1
32608,1
32609,1
32610,1
32611,1
32612,1
32613,1
32614,1
32615,1
32616,1
32617,1
32618,1
32619,1
32620,1
32621,1
32622,1
32623,1
32624,1
32625,1
32626,1
32627,1
32628,1
32629,1
32630,1
32631,1
32632,1
32633,1
32634,1
32635,1
32636,1
32637,1
32638,1
32639,1
32640,1
32641,1
32642,1
32643,1
32644,1
32645,1
32646,1
32647,1
32648,1
32649,1
32650,1
32651,1
32652,1
32653,1
32654,1
32655,1
32656,1
32657,1
32658,1
32659,1
32660,1
32661,1
32662,1
32663,1
32664,1
32665,1
32666,1
32667,1
32668,1
32669,1
32670,1
32671,1
32672,1
32673,1
32674,1
32675,1
32676,1
32677,1
32678,1
32679,1
32680,1
32681,1
32682,1
32683,1
32684,1
32685,1
32686,1
32687,1
32688,1
32689,1
32690,1
32691,1
32692,1
32693,1
32694,1
32695,1
32696,1
32697,1
32698,1
32699,1
32700,1
32701,1
32702,1
32703,1
32704,1
32705,1
32706,1
32707,1
32708,1
32709,1
32710,1
32711,1
32712,1
32713,1
32714,1
32715,1
32716,1
32717,1
32718,1
32719,1
32720,1
32721,1
32722,1
32723,1
32724,1
32725,1
32726,1
32727,1
32728,1
32729,1
32730,1
32731,1
32732,1
32733,1
32734,1
32735,1
32736,1
32737,1
32738,1
32739,1
32740,1
32741,1
32742,1
32743,1
32744,1
32745,1
32746,1
32747,1
32748,1
32749,1
32750,1
32751,1
32752,1
32753,1
32754,1
32755,1
32756,1
32757,1
32758,1
32759,1
32760,1
32761,1
32762,1
32763,1
32764,1
32765,1
32766,1
32767,1
32768,1
32769,1
32770,1
32771,1
32772,1
32773,1
32774,1
32775,1
32776,1
32777,1
32778,1
32779,1
32780,1
32781,1
32782,1
32783,1
32784,1
32785,1
32786,1
32787,1
32788,1
32789,1
32790,1
32791,1
32792,1
32793,1
32794,1
32795,1
32796,1
32797,1
32798,1
32799,1
32800,1
32801,1
32802,1
32803,1
32804,1
32805,1
32806,1
32807,1
32808,1
32809,1
32810,1
32811,1
32812,1
32813,1
32814,1
32815,1
32816,1
32817,1
32818,1
32819,1
32820,1
32821,1
32822,1
32823,1
32824,1
32825,1
32826,1
32827,1
32828,1
32829,1
32830,1
32831,1
32832,1
32833,1
32834,1
32835,1
32836,1
32837,1
32838,1
32839,1
32840,1
32841,1
32842,1
32843,1
32844,1
32845,1
32846,1
32847,1
32848,1
32849,1
32850,1
32851,1
32852,1
32853,1
32854,1
32855,1
32856,1
32857,1
32858,1
32859,1
32860,1
32861,1
32862,1
32863,1
32864,1
32865,1
32866,1
32867,1
32868,1
32869,1
32870,1
32871,1
32872,1
32873,1
32874,1
32875,1
32876,1
32877,1
32878,1
32879,1
32880,1
32881,1
32882,1
32883,1
32884,1
32885,1
32886,1
32887,1
32888,1
32889,1
32890,1
32891,1
32892,1
32893,1
32894,1
32895,1
32896,1
32897,1
32898,1
32899,1
32900,1
32901,1
32902,1
32903,1
32904,1
32905,1
32906,1
32907,1
32908,1
32909,1
32910,1
32911,1
32912,1
32913,1
32914,1
32915,1
32916,1
32917,1
32918,1
32919,1
32920,1
32921,1
32922,1
32923,1
32924,1
32925,1
32926,1
32927,1
32928,1
32929,1
32930,1
32931,1
32932,1
32933,1
32934,1
32935,1
32936,1
32937,1
32938,1
32939,1
32940,1
32941,1
32942,1
32943,1
32944,1
32945,1
32946,1
32947,1
32948,1
32949,1
32950,1
32951,1
32952,1
32953,1
32954,1
32955,1
32956,1
32957,1
32958,1
32959,1
32960,1
32961,1
32962,1
32963,1
32964,1
32965,1
32966,1
32967,1
32968,1
32969,1
32970,1
32971,1
32972,1
32973,1
32974,1
32975,1
32976,1
32977,1
32978,1
32979,1
32980,1
32981,1
32982,1
32983,1
32984,1
32985,1
32986,1
32987,1
32988,1
32989,1
32990,1
32991,1
32992,1
32993,1
32994,1
32995,1
32996,1
32997,1
32998,1
32999,1
33000,1
33001,1
33002,1
33003,1
33004,1
33005,1
33006,1
33007,1
33008,1
33009,1
33010,1
33011,1
33012,1
33013,1
33014,1
33015,1
33016,1
33017,1
33018,1
33019,1
33020,1
33021,1
33022,1
33023,1
33024,1
33025,1
33026,1
33027,1
33028,1
33029,1
33030,1
33031,1
33032,1
33033,1
33034,1
33035,1
33036,1
33037,1
33038,1
33039,1
33040,1
33041,1
33042,1
33043,1
33044,1
33045,1
33046,1
33047,1
33048,1
33049,1
33050,1
33051,1
33052,1
33053,1
33054,1
33055,1
33056,1
33057,1
33058,1
33059,1
33060,1
33061,1
33062,1
33063,1
33064,1
33065,1
33066,1
33067,1
33068,1
33069,1
33070,1
33071,1
33072,1
33073,1
33074,1
33075,1
33076,1
33077,1
33078,1
33079,1
33080,1
33081,1
33082,1
33083,1
33084,1
33085,1
33086,1
33087,1
33088,1
33089,1
33090,1
33091,1
33092,1
33093,1
33094,1
33095,1
33096,1
33097,1
33098,1
33099,1
33100,1
33101,1
33102,1
33103,1
33104,1
33105,1
33106,1
33107,1
33108,1
33109,1
33110,1
33111,1
33112,1
33113,1
33114,1
33115,1
33116,1
33117,1
33118,1
33119,1
33120,1
33121,1
33122,1
33123,1
33124,1
33125,1
33126,1
33127,1
33128,1
33129,1
33130,1
33131,1
33132,1
33133,1
33134,1
33135,1
33136,1
33137,1
33138,1
33139,1
33140,1
33141,1
33142,1
33143,1
33144,1
33145,1
33146,1
33147,1
33148,1
33149,1
33150,1
33151,1
33152,1
33153,1
33154,1
33155,1
33156,1
33157,1
33158,1
33159,1
33160,1
33161,1
33162,1
33163,1
33164,1
33165,1
33166,1
33167,1
33168,1
33169,1
33170,1
33171,1
33172,1
33173,1
33174,1
33175,1
33176,1
33177,1
33178,1
33179,1
33180,1
33181,1
33182,1
33183,1
33184,1
33185,1
33186,1
33187,1
33188,1
33189,1
33190,1
33191,1
33192,1
33193,1
33194,1
33195,1
33196,1
33197,1
33198,1
33199,1
33200,1
33201,1
33202,1
33203,1
33204,1
33205,1
33206,1
33207,1
33208,1
33209,1
33210,1
33211,1
33212,1
33213,1
33214,1
33215,1
33216,1
33217,1
33218,1
33219,1
33220,1
33221,1
33222,1
33223,1
33224,1
33225,1
33226,1
33227,1
33228,1
33229,1
33230,1
33231,1
33232,1
33233,1
33234,1
33235,1
33236,1
33237,1
33238,1
33239,1
33240,1
33241,1
33242,1
33243,1
33244,1
33245,1
33246,1
33247,1
33248,1
33249,1
33250,1
33251,1
33252,1
33253,1
33254,1
33255,1
33256,1
33257,1
33258,1
33259,1
33260,1
33261,1
33262,1
33263,1
33264,1
33265,1
33266,1
33267,1
33268,1
33269,1
33270,1
33271,1
33272,1
33273,1
33274,1
33275,1
33276,1
33277,1
33278,1
33279,1
33280,1
33281,1
33282,1
33283,1
33284,1
33285,1
33286,1
33287,1
33288,1
33289,1
33290,1
33291,1
33292,1
33293,1
33294,1
33295,1
33296,1
33297,1
33298,1
33299,1
33300,1
33301,1
33302,1
33303,1
33304,1
33305,1
33306,1
33307,1
33308,1
33309,1
33310,1
33311,1
33312,1
33313,1
33314,1
33315,1
33316,1
33317,1
33318,1
33319,1
33320,1
33321,1
33322,1
33323,1
33324,1
33325,1
33326,1
33327,1
33328,1
33329,1
33330,1
33331,1
33332,1
33333,1
33334,1
33335,1
33336,1
33337,1
33338,1
33339,1
33340,1
33341,1
33342,1
33343,1
33344,1
33345,1
33346,1
33347,1
33348,1
33349,1
33350,1
33351,1
33352,1
33353,1
33354,1
33355,1
33356,1
33357,1
33358,1
33359,1
33360,1
33361,1
33362,1
33363,1
33364,1
33365,1
33366,1
33367,1
33368,1
33369,1
33370,1
33371,1
33372,1
33373,1
33374,1
33375,1
33376,1
33377,1
33378,1
33379,1
33380,1
33381,1
33382,1
33383,1
33384,1
33385,1
33386,1
33387,1
33388,1
33389,1
33390,1
33391,1
33392,1
33393,1
33394,1
33395,1
33396,1
33397,1
33398,1
33399,1
33400,1
33401,1
33402,1
33403,1
33404,1
33405,1
33406,1
33407,1
33408,1
33409,1
33410,1
33411,1
33412,1
33413,1
33414,1
33415,1
33416,1
33417,1
33418,1
33419,1
33420,1
33421,1
33422,1
33423,1
33424,1
33425,1
33426,1
33427,1
33428,1
33429,1
33430,1
33431,1
33432,1
33433,1
33434,1
33435,1
33436,1
33437,1
33438,1
33439,1
33440,1
33441,1
33442,1
33443,1
33444,1
33445,1
33446,1
33447,1
33448,1
33449,1
33450,1
33451,1
33452,1
33453,1
33454,1
33455,1
33456,1
33457,1
33458,1
33459,1
33460,1
33461,1
33462,1
33463,1
33464,1
33465,1
33466,1
33467,1
33468,1
33469,1
33470,1
33471,1
33472,1
33473,1
33474,1
33475,1
33476,1
33477,1
33478,1
33479,1
33480,1
33481,1
33482,1
33483,1
33484,1
33485,1
33486,1
33487,1
33488,1
33489,1
33490,1
33491,1
33492,1
33493,1
33494,1
33495,1
33496,1
33497,1
33498,1
33499,1
33500,1
33501,1
33502,1
33503,1
33504,1
33505,1
33506,1
33507,1
33508,1
33509,1
33510,1
33511,1
33512,1
33513,1
33514,1
33515,1
33516,1
33517,1
33518,1
33519,1
33520,1
33521,1
33522,1
33523,1
33524,1
33525,1
33526,1
33527,1
33528,1
33529,1
33530,1
33531,1
33532,1
33533,1
33534,1
33535,1
33536,1
33537,1
33538,1
33539,1
33540,1
33541,1
33542,1
33543,1
33544,1
33545,1
33546,1
33547,1
33548,1
33549,1
33550,1
33551,1
33552,1
33553,1
33554,1
33555,1
33556,1
33557,1
33558,1
33559,1
33560,1
33561,1
33562,1
33563,1
33564,1
33565,1
33566,1
33567,1
33568,1
33569,1
33570,1
33571,1
33572,1
33573,1
33574,1
33575,1
33576,1
33577,1
33578,1
33579,1
33580,1
33581,1
33582,1
33583,1
33584,1
33585,1
33586,1
33587,1
33588,1
33589,1
33590,1
33591,1
33592,1
33593,1
33594,1
33595,1
33596,1
33597,1
33598,1
33599,1
33600,1
33601,1
33602,1
33603,1
33604,1
33605,1
33606,1
33607,1
33608,1
33609,1
33610,1
33611,1
33612,1
33613,1
33614,1
33615,1
33616,1
33617,1
33618,1
33619,1
33620,1
33621,1
33622,1
33623,1
33624,1
33625,1
33626,1
33627,1
33628,1
33629,1
33630,1
33631,1
33632,1
33633,1
33634,1
33635,1
33636,1
33637,1
33638,1
33639,1
33640,1
33641,1
33642,1
33643,1
33644,1
33645,1
33646,1
33647,1
33648,1
33649,1
33650,1
33651,1
33652,1
33653,1
33654,1
33655,1
33656,1
33657,1
33658,1
33659,1
33660,1
33661,1
33662,1
33663,1
33664,1
33665,1
33666,1
33667,1
33668,1
33669,1
33670,1
33671,1
33672,1
33673,1
33674,1
33675,1
33676,1
33677,1
33678,1
33679,1
33680,1
33681,1
33682,1
33683,1
33684,1
33685,1
33686,1
33687,1
33688,1
33689,1
33690,1
33691,1
33692,1
33693,1
33694,1
33695,1
33696,1
33697,1
33698,1
33699,1
33700,1
33701,1
33702,1
33703,1
33704,1
33705,1
33706,1
33707,1
33708,1
33709,1
33710,1
33711,1
33712,1
33713,1
33714,1
33715,1
33716,1
33717,1
33718,1
33719,1
33720,1
33721,1
33722,1
33723,1
33724,1
33725,1
33726,1
33727,1
33728,1
33729,1
33730,1
33731,1
33732,1
33733,1
33734,1
33735,1
33736,1
33737,1
33738,1
33739,1
33740,1
33741,1
33742,1
33743,1
33744,1
33745,1
33746,1
33747,1
33748,1
33749,1
33750,1
33751,1
33752,1
33753,1
33754,1
33755,1
33756,1
33757,1
33758,1
33759,1
33760,1
33761,1
33762,1
33763,1
33764,1
33765,1
33766,1
33767,1
33768,1
33769,1
33770,1
33771,1
33772,1
33773,1
33774,1
33775,1
33776,1
33777,1
33778,1
33779,1
33780,1
33781,1
33782,1
33783,1
33784,1
33785,1
33786,1
33787,1
33788,1
33789,1
33790,1
33791,1
33792,1
33793,1
33794,1
33795,1
33796,1
33797,1
33798,1
33799,1
33800,1
33801,1
33802,1
33803,1
33804,1
33805,1
33806,1
33807,1
33808,1
33809,1
33810,1
33811,1
33812,1
33813,1
33814,1
33815,1
33816,1
33817,1
33818,1
33819,1
33820,1
33821,1
33822,1
33823,1
33824,1
33825,1
33826,1
33827,1
33828,1
33829,1
33830,1
33831,1
33832,1
33833,1
33834,1
33835,1
33836,1
33837,1
33838,1
33839,1
33840,1
33841,1
33842,1
33843,1
33844,1
33845,1
33846,1
33847,1
33848,1
33849,1
33850,1
33851,1
33852,1
33853,1
33854,1
33855,1
33856,1
33857,1
33858,1
33859,1
33860,1
33861,1
33862,1
33863,1
33864,1
33865,1
33866,1
33867,1
33868,1
33869,1
33870,1
33871,1
33872,1
33873,1
33874,1
33875,1
33876,1
33877,1
33878,1
33879,1
33880,1
33881,1
33882,1
33883,1
33884,1
33885,1
33886,1
33887,1
33888,1
33889,1
33890,1
33891,1
33892,1
33893,1
33894,1
33895,1
33896,1
33897,1
33898,1
33899,1
33900,1
33901,1
33902,1
33903,1
33904,1
33905,1
33906,1
33907,1
33908,1
33909,1
33910,1
33911,1
33912,1
33913,1
33914,1
33915,1
33916,1
33917,1
33918,1
33919,1
33920,1
33921,1
33922,1
33923,1
33924,1
33925,1
33926,1
33927,1
33928,1
33929,1
33930,1
33931,1
33932,1
33933,1
33934,1
33935,1
33936,1
33937,1
33938,1
33939,1
33940,1
33941,1
33942,1
33943,1
33944,1
33945,1
33946,1
33947,1
33948,1
33949,1
33950,1
33951,1
33952,1
33953,1
33954,1
33955,1
33956,1
33957,1
33958,1
33959,1
33960,1
33961,1
33962,1
33963,1
33964,1
33965,1
33966,1
33967,1
33968,1
33969,1
33970,1
33971,1
33972,1
33973,1
33974,1
33975,1
33976,1
33977,1
33978,1
33979,1
33980,1
33981,1
33982,1
33983,1
33984,1
33985,1
33986,1
33987,1
33988,1
33989,1
33990,1
33991,1
33992,1
33993,1
33994,1
33995,1
33996,1
33997,1
33998,1
33999,1
34000,1
34001,1
34002,1
34003,1
34004,1
34005,1
34006,1
34007,1
34008,1
34009,1
34010,1
34011,1
34012,1
34013,1
34014,1
34015,1
34016,1
34017,1
34018,1
34019,1
34020,1
34021,1
34022,1
34023,1
34024,1
34025,1
34026,1
34027,1
34028,1
34029,1
34030,1
34031,1
34032,1
34033,1
34034,1
34035,1
34036,1
34037,1
34038,1
34039,1
34040,1
34041,1
34042,1
34043,1
34044,1
34045,1
34046,1
34047,1
34048,1
34049,1
34050,1
34051,1
34052,1
34053,1
34054,1
34055,1
34056,1
34057,1
34058,1
34059,1
34060,1
34061,1
34062,1
34063,1
34064,1
34065,1
34066,1
34067,1
34068,1
34069,1
34070,1
34071,1
34072,1
34073,1
34074,1
34075,1
34076,1
34077,1
34078,1
34079,1
34080,1
34081,1
34082,1
34083,1
34084,1
34085,1
34086,1
34087,1
34088,1
34089,1
34090,1
34091,1
34092,1
34093,1
34094,1
34095,1
34096,1
34097,1
34098,1
34099,1
34100,1
34101,1
34102,1
34103,1
34104,1
34105,1
34106,1
34107,1
34108,1
34109,1
34110,1
34111,1
34112,1
34113,1
34114,1
34115,1
34116,1
34117,1
34118,1
34119,1
34120,1
34121,1
34122,1
34123,1
34124,1
34125,1
34126,1
34127,1
34128,1
34129,1
34130,1
34131,1
34132,1
34133,1
34134,1
34135,1
34136,1
34137,1
34138,1
34139,1
34140,1
34141,1
34142,1
34143,1
34144,1
34145,1
34146,1
34147,1
34148,1
34149,1
34150,1
34151,1
34152,1
34153,1
34154,1
34155,1
34156,1
34157,1
34158,1
34159,1
34160,1
34161,1
34162,1
34163,1
34164,1
34165,1
34166,1
34167,1
34168,1
34169,1
34170,1
34171,1
34172,1
34173,1
34174,1
34175,1
34176,1
34177,1
34178,1
34179,1
34180,1
34181,1
34182,1
34183,1
34184,1
34185,1
34186,1
34187,1
34188,1
34189,1
34190,1
34191,1
34192,1
34193,1
34194,1
34195,1
34196,1
34197,1
34198,1
34199,1
34200,1
34201,1
34202,1
34203,1
34204,1
34205,1
34206,1
34207,1
34208,1
34209,1
34210,1
34211,1
34212,1
34213,1
34214,1
34215,1
34216,1
34217,1
34218,1
34219,1
34220,1
34221,1
34222,1
34223,1
34224,1
34225,1
34226,1
34227,1
34228,1
34229,1
34230,1
34231,1
34232,1
34233,1
34234,1
34235,1
34236,1
34237,1
34238,1
34239,1
34240,1
34241,1
34242,1
34243,1
34244,1
34245,1
34246,1
34247,1
34248,1
34249,1
34250,1
34251,1
34252,1
34253,1
34254,1
34255,1
34256,1
34257,1
34258,1
34259,1
34260,1
34261,1
34262,1
34263,1
34264,1
34265,1
34266,1
34267,1
34268,1
34269,1
34270,1
34271,1
34272,1
34273,1
34274,1
34275,1
34276,1
34277,1
34278,1
34279,1
34280,1
34281,1
34282,1
34283,1
34284,1
34285,1
34286,1
34287,1
34288,1
34289,1
34290,1
34291,1
34292,1
34293,1
34294,1
34295,1
34296,1
34297,1
34298,1
34299,1
34300,1
34301,1
34302,1
34303,1
34304,1
34305,1
34306,1
34307,1
34308,1
34309,1
34310,1
34311,1
34312,1
34313,1
34314,1
34315,1
34316,1
34317,1
34318,1
34319,1
34320,1
34321,1
34322,1
34323,1
34324,1
34325,1
34326,1
34327,1
34328,1
34329,1
34330,1
34331,1
34332,1
34333,1
34334,1
34335,1
34336,1
34337,1
34338,1
34339,1
34340,1
34341,1
34342,1
34343,1
34344,1
34345,1
34346,1
34347,1
34348,1
34349,1
34350,1
34351,1
34352,1
34353,1
34354,1
34355,1
34356,1
34357,1
34358,1
34359,1
34360,1
34361,1
34362,1
34363,1
34364,1
34365,1
34366,1
34367,1
34368,1
34369,1
34370,1
34371,1
34372,1
34373,1
34374,1
34375,1
34376,1
34377,1
34378,1
34379,1
34380,1
34381,1
34382,1
34383,1
34384,1
34385,1
34386,1
34387,1
34388,1
34389,1
34390,1
34391,1
34392,1
34393,1
34394,1
34395,1
34396,1
34397,1
34398,1
34399,1
34400,1
34401,1
34402,1
34403,1
34404,1
34405,1
34406,1
34407,1
34408,1
34409,1
34410,1
34411,1
34412,1
34413,1
34414,1
34415,1
34416,1
34417,1
34418,1
34419,1
34420,1
34421,1
34422,1
34423,1
34424,1
34425,1
34426,1
34427,1
34428,1
34429,1
34430,1
34431,1
34432,1
34433,1
34434,1
34435,1
34436,1
34437,1
34438,1
34439,1
34440,1
34441,1
34442,1
34443,1
34444,1
34445,1
34446,1
34447,1
34448,1
34449,1
34450,1
34451,1
34452,1
34453,1
34454,1
34455,1
34456,1
34457,1
34458,1
34459,1
34460,1
34461,1
34462,1
34463,1
34464,1
34465,1
34466,1
34467,1
34468,1
34469,1
34470,1
34471,1
34472,1
34473,1
34474,1
34475,1
34476,1
34477,1
34478,1
34479,1
34480,1
34481,1
34482,1
34483,1
34484,1
34485,1
34486,1
34487,1
34488,1
34489,1
34490,1
34491,1
34492,1
34493,1
34494,1
34495,1
34496,1
34497,1
34498,1
34499,1
34500,1
34501,1
34502,1
34503,1
34504,1
34505,1
34506,1
34507,1
34508,1
34509,1
34510,1
34511,1
34512,1
34513,1
34514,1
34515,1
34516,1
34517,1
34518,1
34519,1
34520,1
34521,1
34522,1
34523,1
34524,1
34525,1
34526,1
34527,1
34528,1
34529,1
34530,1
34531,1
34532,1
34533,1
34534,1
34535,1
34536,1
34537,1
34538,1
34539,1
34540,1
34541,1
34542,1
34543,1
34544,1
34545,1
34546,1
34547,1
34548,1
34549,1
34550,1
34551,1
34552,1
34553,1
34554,1
34555,1
34556,1
34557,1
34558,1
34559,1
34560,1
34561,1
34562,1
34563,1
34564,1
34565,1
34566,1
34567,1
34568,1
34569,1
34570,1
34571,1
34572,1
34573,1
34574,1
34575,1
34576,1
34577,1
34578,1
34579,1
34580,1
34581,1
34582,1
34583,1
34584,1
34585,1
34586,1
34587,1
34588,1
34589,1
34590,1
34591,1
34592,1
34593,1
34594,1
34595,1
34596,1
34597,1
34598,1
34599,1
34600,1
34601,1
34602,1
34603,1
34604,1
34605,1
34606,1
34607,1
34608,1
34609,1
34610,1
34611,1
34612,1
34613,1
34614,1
34615,1
34616,1
34617,1
34618,1
34619,1
34620,1
34621,1
34622,1
34623,1
34624,1
34625,1
34626,1
34627,1
34628,1
34629,1
34630,1
34631,1
34632,1
34633,1
34634,1
34635,1
34636,1
34637,1
34638,1
34639,1
34640,1
34641,1
34642,1
34643,1
34644,1
34645,1
34646,1
34647,1
34648,1
34649,1
34650,1
34651,1
34652,1
34653,1
34654,1
34655,1
34656,1
34657,1
34658,1
34659,1
34660,1
34661,1
34662,1
34663,1
34664,1
34665,1
34666,1
34667,1
34668,1
34669,1
34670,1
34671,1
34672,1
34673,1
34674,1
34675,1
34676,1
34677,1
34678,1
34679,1
34680,1
34681,1
34682,1
34683,1
34684,1
34685,1
34686,1
34687,1
34688,1
34689,1
34690,1
34691,1
34692,1
34693,1
34694,1
34695,1
34696,1
34697,1
34698,1
34699,1
34700,1
34701,1
34702,1
34703,1
34704,1
34705,1
34706,1
34707,1
34708,1
34709,1
34710,1
34711,1
34712,1
34713,1
34714,1
34715,1
34716,1
34717,1
34718,1
34719,1
34720,1
34721,1
34722,1
34723,1
34724,1
34725,1
34726,1
34727,1
34728,1
34729,1
34730,1
34731,1
34732,1
34733,1
34734,1
34735,1
34736,1
34737,1
34738,1
34739,1
34740,1
34741,1
34742,1
34743,1
34744,1
34745,1
34746,1
34747,1
34748,1
34749,1
34750,1
34751,1
34752,1
34753,1
34754,1
34755,1
34756,1
34757,1
34758,1
34759,1
34760,1
34761,1
34762,1
34763,1
34764,1
34765,1
34766,1
34767,1
34768,1
34769,1
34770,1
34771,1
34772,1
34773,1
34774,1
34775,1
34776,1
34777,1
34778,1
34779,1
34780,1
34781,1
34782,1
34783,1
34784,1
34785,1
34786,1
34787,1
34788,1
34789,1
34790,1
34791,1
34792,1
34793,1
34794,1
34795,1
34796,1
34797,1
34798,1
34799,1
34800,1
34801,1
34802,1
34803,1
34804,1
34805,1
34806,1
34807,1
34808,1
34809,1
34810,1
34811,1
34812,1
34813,1
34814,1
34815,1
34816,1
34817,1
34818,1
34819,1
34820,1
34821,1
34822,1
34823,1
34824,1
34825,1
34826,1
34827,1
34828,1
34829,1
34830,1
34831,1
34832,1
34833,1
34834,1
34835,1
34836,1
34837,1
34838,1
34839,1
34840,1
34841,1
34842,1
34843,1
34844,1
34845,1
34846,1
34847,1
34848,1
34849,1
34850,1
34851,1
34852,1
34853,1
34854,1
34855,1
34856,1
34857,1
34858,1
34859,1
34860,1
34861,1
34862,1
34863,1
34864,1
34865,1
34866,1
34867,1
34868,1
34869,1
34870,1
34871,1
34872,1
34873,1
34874,1
34875,1
34876,1
34877,1
34878,1
34879,1
34880,1
34881,1
34882,1
34883,1
34884,1
34885,1
34886,1
34887,1
34888,1
34889,1
34890,1
34891,1
34892,1
34893,1
34894,1
34895,1
34896,1
34897,1
34898,1
34899,1
34900,1
34901,1
34902,1
34903,1
34904,1
34905,1
34906,1
34907,1
34908,1
34909,1
34910,1
34911,1
34912,1
34913,1
34914,1
34915,1
34916,1
34917,1
34918,1
34919,1
34920,1
34921,1
34922,1
34923,1
34924,1
34925,1
34926,1
34927,1
34928,1
34929,1
34930,1
34931,1
34932,1
34933,1
34934,1
34935,1
34936,1
34937,1
34938,1
34939,1
34940,1
34941,1
34942,1
34943,1
34944,1
34945,1
34946,1
34947,1
34948,1
34949,1
34950,1
34951,1
34952,1
34953,1
34954,1
34955,1
34956,1
34957,1
34958,1
34959,1
34960,1
34961,1
34962,1
34963,1
34964,1
34965,1
34966,1
34967,1
34968,1
34969,1
34970,1
34971,1
34972,1
34973,1
34974,1
34975,1
34976,1
34977,1
34978,1
34979,1
34980,1
34981,1
34982,1
34983,1
34984,1
34985,1
34986,1
34987,1
34988,1
34989,1
34990,1
34991,1
34992,1
34993,1
34994,1
34995,1
34996,1
34997,1
34998,1
34999,1
35000,1
35001,1
35002,1
35003,1
35004,1
35005,1
35006,1
35007,1
35008,1
35009,1
35010,1
35011,1
35012,1
35013,1
35014,1
35015,1
35016,1
35017,1
35018,1
35019,1
35020,1
35021,1
35022,1
35023,1
35024,1
35025,1
35026,1
35027,1
35028,1
35029,1
35030,1
35031,1
35032,1
35033,1
35034,1
35035,1
35036,1
35037,1
35038,1
35039,1
35040,1
35041,1
35042,1
35043,1
35044,1
35045,1
35046,1
35047,1
35048,1
35049,1
35050,1
35051,1
35052,1
35053,1
35054,1
35055,1
35056,1
35057,1
35058,1
35059,1
35060,1
35061,1
35062,1
35063,1
35064,1
35065,1
35066,1
35067,1
35068,1
35069,1
35070,1
35071,1
35072,1
35073,1
35074,1
35075,1
35076,1
35077,1
35078,1
35079,1
35080,1
35081,1
35082,1
35083,1
35084,1
35085,1
35086,1
35087,1
35088,1
35089,1
35090,1
35091,1
35092,1
35093,1
35094,1
35095,1
35096,1
35097,1
35098,1
35099,1
35100,1
35101,1
35102,1
35103,1
35104,1
35105,1
35106,1
35107,1
35108,1
35109,1
35110,1
35111,1
35112,1
35113,1
35114,1
35115,1
35116,1
35117,1
35118,1
35119,1
35120,1
35121,1
35122,1
35123,1
35124,1
35125,1
35126,1
35127,1
35128,1
35129,1
35130,1
35131,1
35132,1
35133,1
35134,1
35135,1
35136,1
35137,1
35138,1
35139,1
35140,1
35141,1
35142,1
35143,1
35144,1
35145,1
35146,1
35147,1
35148,1
35149,1
35150,1
35151,1
35152,1
35153,1
35154,1
35155,1
35156,1
35157,1
35158,1
35159,1
35160,1
35161,1
35162,1
35163,1
35164,1
35165,1
35166,1
35167,1
35168,1
35169,1
35170,1
35171,1
35172,1
35173,1
35174,1
35175,1
35176,1
35177,1
35178,1
35179,1
35180,1
35181,1
35182,1
35183,1
35184,1
35185,1
35186,1
35187,1
35188,1
35189,1
35190,1
35191,1
35192,1
35193,1
35194,1
35195,1
35196,1
35197,1
35198,1
35199,1
35200,1
35201,1
35202,1
35203,1
35204,1
35205,1
35206,1
35207,1
35208,1
35209,1
35210,1
35211,1
35212,1
35213,1
35214,1
35215,1
35216,1
35217,1
35218,1
35219,1
35220,1
35221,1
35222,1
35223,1
35224,1
35225,1
35226,1
35227,1
35228,1
35229,1
35230,1
35231,1
35232,1
35233,1
35234,1
35235,1
35236,1
35237,1
35238,1
35239,1
35240,1
35241,1
35242,1
35243,1
35244,1
35245,1
35246,1
35247,1
35248,1
35249,1
35250,1
35251,1
35252,1
35253,1
35254,1
35255,1
35256,1
35257,1
35258,1
35259,1
35260,1
35261,1
35262,1
35263,1
35264,1
35265,1
35266,1
35267,1
35268,1
35269,1
35270,1
35271,1
35272,1
35273,1
35274,1
35275,1
35276,1
35277,1
35278,1
35279,1
35280,1
35281,1
35282,1
35283,1
35284,1
35285,1
35286,1
35287,1
35288,1
35289,1
35290,1
35291,1
35292,1
35293,1
35294,1
35295,1
35296,1
35297,1
35298,1
35299,1
35300,1
35301,1
35302,1
35303,1
35304,1
35305,1
35306,1
35307,1
35308,1
35309,1
35310,1
35311,1
35312,1
35313,1
35314,1
35315,1
35316,1
35317,1
35318,1
35319,1
35320,1
35321,1
35322,1
35323,1
35324,1
35325,1
35326,1
35327,1
35328,1
35329,1
35330,1
35331,1
35332,1
35333,1
35334,1
35335,1
35336,1
35337,1
35338,1
35339,1
35340,1
35341,1
35342,1
35343,1
35344,1
35345,1
35346,1
35347,1
35348,1
35349,1
35350,1
35351,1
35352,1
35353,1
35354,1
35355,1
35356,1
35357,1
35358,1
35359,1
35360,1
35361,1
35362,1
35363,1
35364,1
35365,1
35366,1
35367,1
35368,1
35369,1
35370,1
35371,1
35372,1
35373,1
35374,1
35375,1
35376,1
35377,1
35378,1
35379,1
35380,1
35381,1
35382,1
35383,1
35384,1
35385,1
35386,1
35387,1
35388,1
35389,1
35390,1
35391,1
35392,1
35393,1
35394,1
35395,1
35396,1
35397,1
35398,1
35399,1
35400,1
35401,1
35402,1
35403,1
35404,1
35405,1
35406,1
35407,1
35408,1
35409,1
35410,1
35411,1
35412,1
35413,1
35414,1
35415,1
35416,1
35417,1
35418,1
35419,1
35420,1
35421,1
35422,1
35423,1
35424,1
35425,1
35426,1
35427,1
35428,1
35429,1
35430,1
35431,1
35432,1
35433,1
35434,1
35435,1
35436,1
35437,1
35438,1
35439,1
35440,1
35441,1
35442,1
35443,1
35444,1
35445,1
35446,1
35447,1
35448,1
35449,1
35450,1
35451,1
35452,1
35453,1
35454,1
35455,1
35456,1
35457,1
35458,1
35459,1
35460,1
35461,1
35462,1
35463,1
35464,1
35465,1
35466,1
35467,1
35468,1
35469,1
35470,1
35471,1
35472,1
35473,1
35474,1
35475,1
35476,1
35477,1
35478,1
35479,1
35480,1
35481,1
35482,1
35483,1
35484,1
35485,1
35486,1
35487,1
35488,1
35489,1
35490,1
35491,1
35492,1
35493,1
35494,1
35495,1
35496,1
35497,1
35498,1
35499,1
35500,1
35501,1
35502,1
35503,1
35504,1
35505,1
35506,1
35507,1
35508,1
35509,1
35510,1
35511,1
35512,1
35513,1
35514,1
35515,1
35516,1
35517,1
35518,1
35519,1
35520,1
35521,1
35522,1
35523,1
35524,1
35525,1
35526,1
35527,1
35528,1
35529,1
35530,1
35531,1
35532,1
35533,1
35534,1
35535,1
35536,1
35537,1
35538,1
35539,1
35540,1
35541,1
35542,1
35543,1
35544,1
35545,1
35546,1
35547,1
35548,1
35549,1
35550,1
35551,1
35552,1
35553,1
35554,1
35555,1
35556,1
35557,1
35558,1
35559,1
35560,1
35561,1
35562,1
35563,1
35564,1
35565,1
35566,1
35567,1
35568,1
35569,1
35570,1
35571,1
35572,1
35573,1
35574,1
35575,1
35576,1
35577,1
35578,1
35579,1
35580,1
35581,1
35582,1
35583,1
35584,1
35585,1
35586,1
35587,1
35588,1
35589,1
35590,1
35591,1
35592,1
35593,1
35594,1
35595,1
35596,1
35597,1
35598,1
35599,1
35600,1
35601,1
35602,1
35603,1
35604,1
35605,1
35606,1
35607,1
35608,1
35609,1
35610,1
35611,1
35612,1
35613,1
35614,1
35615,1
35616,1
35617,1
35618,1
35619,1
35620,1
35621,1
35622,1
35623,1
35624,1
35625,1
35626,1
35627,1
35628,1
35629,1
35630,1
35631,1
35632,1
35633,1
35634,1
35635,1
35636,1
35637,1
35638,1
35639,1
35640,1
35641,1
35642,1
35643,1
35644,1
35645,1
35646,1
35647,1
35648,1
35649,1
35650,1
35651,1
35652,1
35653,1
35654,1
35655,1
35656,1
35657,1
35658,1
35659,1
35660,1
35661,1
35662,1
35663,1
35664,1
35665,1
35666,1
35667,1
35668,1
35669,1
35670,1
35671,1
35672,1
35673,1
35674,1
35675,1
35676,1
35677,1
35678,1
35679,1
35680,1
35681,1
35682,1
35683,1
35684,1
35685,1
35686,1
35687,1
35688,1
35689,1
35690,1
35691,1
35692,1
35693,1
35694,1
35695,1
35696,1
35697,1
35698,1
35699,1
35700,1
35701,1
35702,1
35703,1
35704,1
35705,1
35706,1
35707,1
35708,1
35709,1
35710,1
35711,1
35712,1
35713,1
35714,1
35715,1
35716,1
35717,1
35718,1
35719,1
35720,1
35721,1
35722,1
35723,1
35724,1
35725,1
35726,1
35727,1
35728,1
35729,1
35730,1
35731,1
35732,1
35733,1
35734,1
35735,1
35736,1
35737,1
35738,1
35739,1
35740,1
35741,1
35742,1
35743,1
35744,1
35745,1
35746,1
35747,1
35748,1
35749,1
35750,1
35751,1
35752,1
35753,1
35754,1
35755,1
35756,1
35757,1
35758,1
35759,1
35760,1
35761,1
35762,1
35763,1
35764,1
35765,1
35766,1
35767,1
35768,1
35769,1
35770,1
35771,1
35772,1
35773,1
35774,1
35775,1
35776,1
35777,1
35778,1
35779,1
35780,1
35781,1
35782,1
35783,1
35784,1
35785,1
35786,1
35787,1
35788,1
35789,1
35790,1
35791,1
35792,1
35793,1
35794,1
35795,1
35796,1
35797,1
35798,1
35799,1
35800,1
35801,1
35802,1
35803,1
35804,1
35805,1
35806,1
35807,1
35808,1
35809,1
35810,1
35811,1
35812,1
35813,1
35814,1
35815,1
35816,1
35817,1
35818,1
35819,1
35820,1
35821,1
35822,1
35823,1
35824,1
35825,1
35826,1
35827,1
35828,1
35829,1
35830,1
35831,1
35832,1
35833,1
35834,1
35835,1
35836,1
35837,1
35838,1
35839,1
35840,1
35841,1
35842,1
35843,1
35844,1
35845,1
35846,1
35847,1
35848,1
35849,1
35850,1
35851,1
35852,1
35853,1
35854,1
35855,1
35856,1
35857,1
35858,1
35859,1
35860,1
35861,1
35862,1
35863,1
35864,1
35865,1
35866,1
35867,1
35868,1
35869,1
35870,1
35871,1
35872,1
35873,1
35874,1
35875,1
35876,1
35877,1
35878,1
35879,1
35880,1
35881,1
35882,1
35883,1
35884,1
35885,1
35886,1
35887,1
35888,1
35889,1
35890,1
35891,1
35892,1
35893,1
35894,1
35895,1
35896,1
35897,1
35898,1
35899,1
35900,1
35901,1
35902,1
35903,1
35904,1
35905,1
35906,1
35907,1
35908,1
35909,1
35910,1
35911,1
35912,1
35913,1
35914,1
35915,1
35916,1
35917,1
35918,1
35919,1
35920,1
35921,1
35922,1
35923,1
35924,1
35925,1
35926,1
35927,1
35928,1
35929,1
35930,1
35931,1
35932,1
35933,1
35934,1
35935,1
35936,1
35937,1
35938,1
35939,1
35940,1
35941,1
35942,1
35943,1
35944,1
35945,1
35946,1
35947,1
35948,1
35949,1
35950,1
35951,1
35952,1
35953,1
35954,1
35955,1
35956,1
35957,1
35958,1
35959,1
35960,1
35961,1
35962,1
35963,1
35964,1
35965,1
35966,1
35967,1
35968,1
35969,1
35970,1
35971,1
35972,1
35973,1
35974,1
35975,1
35976,1
35977,1
35978,1
35979,1
35980,1
35981,1
35982,1
35983,1
35984,1
35985,1
35986,1
35987,1
35988,1
35989,1
35990,1
35991,1
35992,1
35993,1
35994,1
35995,1
35996,1
35997,1
35998,1
35999,1
36000,1
