frame,num_unique_clusters
0,5
1,5
2,5
3,5
4,5
5,5
6,5
7,5
8,5
9,5
10,5
11,5
12,5
13,5
14,5
15,5
16,5
17,5
18,5
19,5
20,5
21,5
22,5
23,5
24,5
25,5
26,5
27,5
28,5
29,5
30,5
31,5
32,5
33,5
34,5
35,5
36,5
37,5
38,5
39,5
40,5
41,5
42,5
43,5
44,5
45,5
46,5
47,5
48,5
49,5
50,5
51,5
52,5
53,5
54,5
55,5
56,5
57,5
58,5
59,5
60,5
61,5
62,5
63,5
64,5
65,5
66,5
67,5
68,5
69,5
70,5
71,5
72,5
73,5
74,5
75,5
76,5
77,5
78,5
79,5
80,5
81,5
82,5
83,5
84,5
85,5
86,5
87,5
88,5
89,5
90,5
91,5
92,5
93,5
94,5
95,5
96,5
97,5
98,5
99,5
100,5
101,5
102,5
103,5
104,5
105,5
106,5
107,5
108,5
109,5
110,5
111,5
112,5
113,5
114,5
115,5
116,5
117,5
118,5
119,5
120,5
121,5
122,5
123,5
124,5
125,5
126,5
127,5
128,5
129,5
130,5
131,5
132,5
133,5
134,5
135,5
136,5
137,5
138,5
139,5
140,5
141,5
142,5
143,5
144,5
145,5
146,5
147,5
148,5
149,5
150,5
151,5
152,5
153,5
154,5
155,5
156,5
157,5
158,5
159,5
160,5
161,5
162,5
163,5
164,5
165,5
166,5
167,5
168,5
169,5
170,5
171,5
172,5
173,5
174,5
175,5
176,5
177,5
178,5
179,5
180,5
181,5
182,5
183,5
184,5
185,5
186,5
187,5
188,5
189,5
190,5
191,5
192,5
193,5
194,5
195,5
196,5
197,5
198,5
199,5
200,5
201,5
202,5
203,5
204,5
205,5
206,5
207,5
208,5
209,5
210,5
211,5
212,5
213,5
214,5
215,5
216,5
217,5
218,5
219,5
220,5
221,5
222,5
223,5
224,5
225,5
226,5
227,5
228,5
229,5
230,5
231,5
232,5
233,5
234,5
235,5
236,5
237,5
238,5
239,5
240,5
241,5
242,5
243,5
244,5
245,5
246,5
247,5
248,5
249,5
250,5
251,5
252,5
253,5
254,5
255,5
256,5
257,5
258,5
259,5
260,5
261,5
262,5
263,5
264,5
265,5
266,5
267,5
268,5
269,5
270,5
271,5
272,5
273,5
274,5
275,5
276,5
277,5
278,5
279,5
280,5
281,5
282,5
283,5
284,5
285,5
286,5
287,5
288,5
289,5
290,5
291,5
292,5
293,5
294,5
295,5
296,5
297,5
298,5
299,5
300,5
301,5
302,5
303,5
304,5
305,5
306,5
307,5
308,5
309,5
310,5
311,5
312,5
313,5
314,5
315,5
316,5
317,5
318,5
319,5
320,5
321,5
322,5
323,5
324,5
325,5
326,5
327,5
328,5
329,5
330,5
331,5
332,5
333,5
334,5
335,5
336,5
337,5
338,5
339,5
340,5
341,5
342,5
343,5
344,5
345,5
346,5
347,5
348,5
349,5
350,5
351,5
352,5
353,5
354,5
355,5
356,5
357,5
358,5
359,5
360,5
361,5
362,5
363,5
364,5
365,5
366,5
367,5
368,5
369,5
370,5
371,5
372,5
373,5
374,5
375,5
376,5
377,5
378,5
379,5
380,5
381,5
382,5
383,5
384,5
385,5
386,5
387,5
388,5
389,5
390,5
391,5
392,5
393,5
394,5
395,5
396,5
397,5
398,5
399,5
400,5
401,5
402,5
403,5
404,5
405,5
406,5
407,5
408,5
409,5
410,5
411,5
412,5
413,5
414,5
415,5
416,5
417,5
418,5
419,5
420,5
421,5
422,5
423,5
424,5
425,5
426,5
427,5
428,4
429,4
430,4
431,4
432,4
433,4
434,4
435,4
436,4
437,4
438,4
439,4
440,4
441,4
442,4
443,4
444,4
445,4
446,4
447,4
448,4
449,4
450,4
451,4
452,4
453,4
454,4
455,4
456,4
457,4
458,4
459,4
460,4
461,4
462,4
463,4
464,4
465,4
466,4
467,4
468,4
469,4
470,4
471,4
472,4
473,4
474,4
475,4
476,4
477,4
478,4
479,4
480,4
481,4
482,4
483,4
484,4
485,4
486,4
487,4
488,4
489,4
490,4
491,4
492,4
493,4
494,4
495,4
496,4
497,4
498,4
499,4
500,4
501,4
502,4
503,4
504,4
505,4
506,4
507,4
508,4
509,4
510,4
511,4
512,4
513,4
514,4
515,4
516,4
517,4
518,4
519,4
520,4
521,4
522,4
523,4
524,4
525,4
526,4
527,4
528,4
529,4
530,4
531,4
532,4
533,4
534,4
535,4
536,4
537,4
538,4
539,4
540,4
541,4
542,4
543,4
544,4
545,4
546,4
547,4
548,4
549,4
550,4
551,4
552,4
553,4
554,4
555,4
556,4
557,4
558,4
559,4
560,4
561,4
562,4
563,4
564,4
565,4
566,4
567,4
568,4
569,4
570,4
571,4
572,4
573,4
574,4
575,4
576,4
577,4
578,4
579,4
580,4
581,4
582,4
583,4
584,4
585,4
586,4
587,4
588,4
589,4
590,4
591,4
592,4
593,4
594,4
595,4
596,4
597,4
598,4
599,4
600,4
601,4
602,4
603,4
604,4
605,4
606,4
607,4
608,4
609,4
610,4
611,4
612,4
613,4
614,4
615,4
616,4
617,4
618,4
619,4
620,4
621,4
622,4
623,4
624,4
625,4
626,4
627,4
628,4
629,4
630,4
631,4
632,4
633,4
634,4
635,4
636,4
637,4
638,4
639,4
640,4
641,4
642,4
643,4
644,4
645,4
646,4
647,4
648,4
649,4
650,4
651,4
652,4
653,4
654,4
655,4
656,4
657,4
658,4
659,4
660,4
661,4
662,4
663,4
664,4
665,4
666,4
667,4
668,4
669,4
670,4
671,4
672,4
673,4
674,4
675,4
676,4
677,4
678,4
679,4
680,4
681,4
682,4
683,4
684,4
685,4
686,4
687,4
688,4
689,4
690,4
691,4
692,4
693,4
694,4
695,4
696,4
697,4
698,4
699,4
700,4
701,4
702,4
703,4
704,4
705,4
706,4
707,4
708,4
709,4
710,4
711,4
712,4
713,4
714,4
715,4
716,4
717,4
718,4
719,4
720,4
721,4
722,4
723,4
724,4
725,4
726,4
727,4
728,4
729,4
730,4
731,4
732,4
733,4
734,4
735,4
736,4
737,4
738,4
739,4
740,4
741,4
742,4
743,4
744,4
745,4
746,4
747,4
748,4
749,4
750,4
751,4
752,4
753,4
754,4
755,4
756,4
757,4
758,4
759,4
760,4
761,4
762,4
763,4
764,4
765,4
766,4
767,4
768,4
769,4
770,4
771,4
772,4
773,4
774,4
775,4
776,4
777,4
778,4
779,4
780,4
781,4
782,4
783,4
784,4
785,4
786,4
787,4
788,4
789,4
790,4
791,4
792,4
793,4
794,4
795,4
796,4
797,4
798,4
799,4
800,4
801,4
802,4
803,4
804,4
805,4
806,4
807,4
808,4
809,4
810,4
811,4
812,4
813,4
814,4
815,4
816,4
817,4
818,4
819,4
820,4
821,4
822,4
823,4
824,4
825,4
826,4
827,4
828,4
829,4
830,4
831,4
832,4
833,4
834,4
835,4
836,4
837,4
838,4
839,4
840,4
841,4
842,4
843,4
844,4
845,4
846,4
847,4
848,4
849,4
850,4
851,4
852,4
853,4
854,4
855,4
856,4
857,4
858,4
859,4
860,4
861,4
862,4
863,4
864,4
865,4
866,4
867,4
868,4
869,4
870,4
871,4
872,4
873,4
874,4
875,4
876,4
877,4
878,4
879,4
880,4
881,4
882,4
883,4
884,4
885,4
886,4
887,4
888,4
889,4
890,4
891,4
892,4
893,4
894,4
895,4
896,4
897,4
898,4
899,4
900,4
901,4
902,4
903,4
904,4
905,4
906,4
907,4
908,4
909,4
910,4
911,4
912,4
913,4
914,4
915,4
916,4
917,4
918,4
919,4
920,4
921,4
922,4
923,4
924,4
925,4
926,4
927,4
928,4
929,4
930,4
931,4
932,4
933,4
934,4
935,4
936,4
937,4
938,4
939,4
940,4
941,4
942,4
943,4
944,4
945,4
946,4
947,4
948,4
949,4
950,4
951,4
952,4
953,4
954,4
955,4
956,4
957,4
958,4
959,4
960,4
961,4
962,4
963,4
964,4
965,4
966,4
967,4
968,4
969,4
970,4
971,4
972,4
973,4
974,4
975,4
976,4
977,4
978,4
979,4
980,4
981,4
982,4
983,4
984,4
985,4
986,4
987,4
988,4
989,4
990,4
991,4
992,4
993,4
994,4
995,4
996,4
997,4
998,4
999,4
1000,4
1001,4
1002,4
1003,4
1004,4
1005,4
1006,4
1007,4
1008,4
1009,4
1010,4
1011,4
1012,4
1013,4
1014,4
1015,4
1016,4
1017,4
1018,4
1019,4
1020,4
1021,4
1022,4
1023,4
1024,4
1025,4
1026,4
1027,4
1028,4
1029,4
1030,4
1031,4
1032,4
1033,4
1034,4
1035,4
1036,4
1037,4
1038,4
1039,4
1040,4
1041,4
1042,4
1043,4
1044,4
1045,4
1046,4
1047,4
1048,4
1049,4
1050,4
1051,4
1052,4
1053,4
1054,4
1055,4
1056,4
1057,4
1058,4
1059,4
1060,4
1061,4
1062,4
1063,4
1064,4
1065,4
1066,4
1067,4
1068,4
1069,4
1070,4
1071,4
1072,4
1073,4
1074,4
1075,4
1076,4
1077,4
1078,4
1079,4
1080,4
1081,4
1082,4
1083,4
1084,4
1085,4
1086,4
1087,4
1088,4
1089,4
1090,4
1091,4
1092,4
1093,4
1094,4
1095,4
1096,4
1097,4
1098,4
1099,4
1100,4
1101,4
1102,4
1103,4
1104,4
1105,4
1106,4
1107,4
1108,4
1109,4
1110,4
1111,4
1112,4
1113,4
1114,4
1115,4
1116,4
1117,4
1118,4
1119,4
1120,4
1121,4
1122,4
1123,4
1124,4
1125,4
1126,4
1127,4
1128,4
1129,4
1130,4
1131,4
1132,4
1133,4
1134,4
1135,4
1136,4
1137,4
1138,4
1139,4
1140,4
1141,4
1142,4
1143,4
1144,4
1145,4
1146,4
1147,4
1148,4
1149,4
1150,4
1151,4
1152,4
1153,4
1154,4
1155,4
1156,4
1157,4
1158,4
1159,4
1160,4
1161,4
1162,4
1163,4
1164,4
1165,4
1166,4
1167,4
1168,4
1169,4
1170,4
1171,4
1172,4
1173,4
1174,4
1175,4
1176,4
1177,4
1178,4
1179,4
1180,4
1181,4
1182,4
1183,4
1184,4
1185,4
1186,4
1187,4
1188,4
1189,4
1190,4
1191,4
1192,4
1193,4
1194,4
1195,4
1196,4
1197,4
1198,4
1199,4
1200,4
1201,4
1202,4
1203,4
1204,4
1205,4
1206,4
1207,4
1208,4
1209,4
1210,4
1211,4
1212,4
1213,4
1214,4
1215,4
1216,4
1217,4
1218,4
1219,4
1220,4
1221,4
1222,4
1223,4
1224,4
1225,4
1226,4
1227,4
1228,4
1229,4
1230,4
1231,4
1232,4
1233,4
1234,4
1235,4
1236,4
1237,4
1238,4
1239,4
1240,4
1241,4
1242,4
1243,4
1244,4
1245,4
1246,4
1247,4
1248,4
1249,4
1250,4
1251,4
1252,4
1253,4
1254,4
1255,4
1256,4
1257,4
1258,4
1259,4
1260,4
1261,4
1262,4
1263,4
1264,4
1265,4
1266,4
1267,4
1268,4
1269,4
1270,4
1271,4
1272,4
1273,4
1274,4
1275,4
1276,4
1277,4
1278,4
1279,4
1280,4
1281,4
1282,4
1283,4
1284,4
1285,4
1286,4
1287,4
1288,4
1289,4
1290,4
1291,4
1292,4
1293,4
1294,4
1295,4
1296,4
1297,4
1298,4
1299,4
1300,4
1301,4
1302,4
1303,4
1304,4
1305,4
1306,4
1307,4
1308,4
1309,4
1310,4
1311,4
1312,4
1313,4
1314,4
1315,4
1316,4
1317,4
1318,4
1319,4
1320,4
1321,4
1322,4
1323,4
1324,4
1325,4
1326,4
1327,4
1328,4
1329,4
1330,4
1331,4
1332,4
1333,4
1334,4
1335,4
1336,4
1337,4
1338,4
1339,4
1340,4
1341,4
1342,4
1343,4
1344,4
1345,4
1346,4
1347,3
1348,3
1349,3
1350,3
1351,3
1352,3
1353,3
1354,3
1355,3
1356,3
1357,3
1358,3
1359,3
1360,3
1361,3
1362,3
1363,3
1364,3
1365,3
1366,3
1367,3
1368,3
1369,3
1370,3
1371,3
1372,3
1373,3
1374,3
1375,3
1376,3
1377,3
1378,3
1379,3
1380,3
1381,3
1382,3
1383,3
1384,3
1385,3
1386,3
1387,3
1388,3
1389,3
1390,3
1391,3
1392,3
1393,3
1394,3
1395,3
1396,3
1397,3
1398,3
1399,3
1400,3
1401,3
1402,3
1403,3
1404,3
1405,3
1406,3
1407,3
1408,3
1409,3
1410,3
1411,3
1412,3
1413,3
1414,3
1415,3
1416,3
1417,3
1418,3
1419,3
1420,3
1421,3
1422,3
1423,3
1424,3
1425,3
1426,3
1427,3
1428,3
1429,3
1430,3
1431,3
1432,3
1433,3
1434,3
1435,3
1436,3
1437,3
1438,3
1439,3
1440,3
1441,3
1442,3
1443,3
1444,3
1445,3
1446,3
1447,3
1448,3
1449,3
1450,3
1451,3
1452,3
1453,3
1454,3
1455,3
1456,3
1457,3
1458,3
1459,3
1460,3
1461,3
1462,3
1463,3
1464,3
1465,3
1466,3
1467,3
1468,3
1469,3
1470,3
1471,3
1472,3
1473,3
1474,3
1475,3
1476,3
1477,3
1478,3
1479,3
1480,3
1481,3
1482,3
1483,3
1484,3
1485,3
1486,3
1487,3
1488,3
1489,3
1490,3
1491,3
1492,3
1493,3
1494,3
1495,3
1496,3
1497,3
1498,3
1499,3
1500,3
1501,3
1502,3
1503,3
1504,3
1505,3
1506,3
1507,3
1508,3
1509,3
1510,3
1511,3
1512,3
1513,3
1514,3
1515,3
1516,3
1517,3
1518,3
1519,3
1520,3
1521,3
1522,3
1523,3
1524,3
1525,3
1526,3
1527,3
1528,3
1529,3
1530,3
1531,3
1532,3
1533,3
1534,3
1535,3
1536,3
1537,3
1538,3
1539,3
1540,3
1541,3
1542,3
1543,3
1544,3
1545,3
1546,3
1547,3
1548,3
1549,3
1550,3
1551,3
1552,3
1553,3
1554,3
1555,3
1556,3
1557,3
1558,3
1559,3
1560,3
1561,3
1562,3
1563,3
1564,3
1565,3
1566,3
1567,3
1568,3
1569,3
1570,3
1571,3
1572,3
1573,3
1574,3
1575,3
1576,3
1577,3
1578,3
1579,3
1580,3
1581,3
1582,3
1583,3
1584,3
1585,3
1586,3
1587,3
1588,3
1589,3
1590,3
1591,3
1592,3
1593,3
1594,3
1595,3
1596,3
1597,3
1598,3
1599,3
1600,3
1601,3
1602,3
1603,3
1604,3
1605,3
1606,3
1607,3
1608,3
1609,3
1610,3
1611,3
1612,3
1613,3
1614,3
1615,3
1616,3
1617,3
1618,3
1619,3
1620,3
1621,3
1622,3
1623,3
1624,3
1625,3
1626,3
1627,3
1628,3
1629,3
1630,3
1631,3
1632,3
1633,3
1634,3
1635,3
1636,3
1637,3
1638,3
1639,3
1640,3
1641,3
1642,3
1643,3
1644,3
1645,3
1646,3
1647,3
1648,3
1649,3
1650,3
1651,3
1652,3
1653,3
1654,3
1655,3
1656,3
1657,3
1658,3
1659,3
1660,3
1661,3
1662,3
1663,3
1664,3
1665,3
1666,3
1667,3
1668,3
1669,3
1670,3
1671,3
1672,3
1673,3
1674,3
1675,3
1676,3
1677,3
1678,3
1679,3
1680,3
1681,3
1682,3
1683,3
1684,3
1685,3
1686,3
1687,3
1688,3
1689,3
1690,3
1691,3
1692,3
1693,3
1694,3
1695,3
1696,3
1697,3
1698,3
1699,3
1700,3
1701,3
1702,3
1703,3
1704,3
1705,3
1706,3
1707,3
1708,3
1709,3
1710,3
1711,3
1712,3
1713,3
1714,3
1715,3
1716,3
1717,3
1718,3
1719,3
1720,3
1721,3
1722,3
1723,3
1724,3
1725,3
1726,3
1727,3
1728,3
1729,3
1730,3
1731,3
1732,3
1733,3
1734,3
1735,3
1736,3
1737,3
1738,3
1739,3
1740,3
1741,3
1742,3
1743,3
1744,3
1745,3
1746,3
1747,3
1748,3
1749,3
1750,3
1751,3
1752,3
1753,3
1754,3
1755,3
1756,3
1757,3
1758,3
1759,3
1760,3
1761,3
1762,3
1763,3
1764,3
1765,3
1766,3
1767,3
1768,3
1769,3
1770,3
1771,3
1772,3
1773,3
1774,3
1775,3
1776,3
1777,3
1778,3
1779,3
1780,3
1781,3
1782,3
1783,3
1784,3
1785,3
1786,3
1787,3
1788,3
1789,3
1790,3
1791,3
1792,3
1793,3
1794,3
1795,3
1796,3
1797,3
1798,3
1799,3
1800,3
1801,3
1802,3
1803,3
1804,3
1805,3
1806,3
1807,3
1808,3
1809,3
1810,3
1811,3
1812,3
1813,3
1814,3
1815,3
1816,3
1817,3
1818,3
1819,3
1820,3
1821,3
1822,3
1823,3
1824,3
1825,3
1826,3
1827,3
1828,3
1829,3
1830,3
1831,3
1832,3
1833,3
1834,3
1835,3
1836,3
1837,3
1838,3
1839,3
1840,3
1841,3
1842,3
1843,3
1844,3
1845,3
1846,3
1847,3
1848,3
1849,3
1850,3
1851,3
1852,3
1853,3
1854,3
1855,3
1856,3
1857,3
1858,3
1859,3
1860,3
1861,3
1862,3
1863,3
1864,3
1865,3
1866,3
1867,3
1868,3
1869,3
1870,3
1871,3
1872,3
1873,3
1874,3
1875,3
1876,3
1877,3
1878,3
1879,3
1880,3
1881,3
1882,3
1883,3
1884,3
1885,3
1886,3
1887,3
1888,3
1889,3
1890,3
1891,3
1892,3
1893,3
1894,3
1895,3
1896,3
1897,3
1898,3
1899,3
1900,3
1901,3
1902,3
1903,3
1904,3
1905,3
1906,3
1907,3
1908,3
1909,3
1910,3
1911,3
1912,3
1913,3
1914,3
1915,3
1916,3
1917,3
1918,3
1919,3
1920,3
1921,3
1922,3
1923,3
1924,3
1925,3
1926,3
1927,3
1928,3
1929,3
1930,3
1931,3
1932,3
1933,3
1934,3
1935,3
1936,3
1937,3
1938,3
1939,3
1940,3
1941,3
1942,3
1943,3
1944,3
1945,3
1946,3
1947,3
1948,3
1949,3
1950,3
1951,3
1952,3
1953,3
1954,3
1955,3
1956,3
1957,3
1958,3
1959,3
1960,3
1961,3
1962,3
1963,3
1964,3
1965,3
1966,3
1967,3
1968,3
1969,3
1970,3
1971,3
1972,3
1973,3
1974,3
1975,3
1976,3
1977,3
1978,3
1979,3
1980,3
1981,3
1982,3
1983,3
1984,3
1985,3
1986,3
1987,3
1988,3
1989,3
1990,3
1991,3
1992,3
1993,3
1994,3
1995,3
1996,3
1997,3
1998,3
1999,3
2000,3
2001,3
2002,3
2003,3
2004,3
2005,3
2006,3
2007,3
2008,3
2009,3
2010,3
2011,3
2012,3
2013,3
2014,3
2015,3
2016,3
2017,3
2018,3
2019,3
2020,3
2021,3
2022,3
2023,3
2024,3
2025,3
2026,3
2027,3
2028,3
2029,3
2030,3
2031,3
2032,3
2033,3
2034,3
2035,3
2036,3
2037,3
2038,3
2039,3
2040,3
2041,3
2042,3
2043,3
2044,3
2045,3
2046,3
2047,3
2048,3
2049,3
2050,3
2051,3
2052,3
2053,3
2054,3
2055,3
2056,3
2057,3
2058,3
2059,3
2060,3
2061,3
2062,3
2063,3
2064,3
2065,3
2066,3
2067,3
2068,3
2069,3
2070,3
2071,3
2072,3
2073,3
2074,3
2075,3
2076,3
2077,3
2078,3
2079,3
2080,3
2081,3
2082,3
2083,3
2084,3
2085,3
2086,3
2087,3
2088,3
2089,3
2090,3
2091,3
2092,3
2093,3
2094,3
2095,3
2096,3
2097,3
2098,3
2099,3
2100,3
2101,3
2102,3
2103,3
2104,3
2105,3
2106,3
2107,3
2108,3
2109,3
2110,3
2111,3
2112,3
2113,3
2114,3
2115,3
2116,3
2117,3
2118,3
2119,3
2120,3
2121,3
2122,3
2123,3
2124,3
2125,3
2126,3
2127,3
2128,3
2129,3
2130,3
2131,3
2132,3
2133,3
2134,3
2135,3
2136,3
2137,3
2138,3
2139,3
2140,3
2141,3
2142,3
2143,3
2144,3
2145,3
2146,3
2147,3
2148,3
2149,3
2150,3
2151,3
2152,3
2153,3
2154,3
2155,3
2156,3
2157,3
2158,3
2159,3
2160,3
2161,3
2162,3
2163,3
2164,3
2165,3
2166,3
2167,3
2168,3
2169,3
2170,3
2171,3
2172,3
2173,3
2174,3
2175,3
2176,3
2177,3
2178,3
2179,3
2180,3
2181,3
2182,3
2183,3
2184,3
2185,3
2186,3
2187,3
2188,3
2189,3
2190,3
2191,3
2192,3
2193,3
2194,3
2195,3
2196,3
2197,3
2198,3
2199,3
2200,3
2201,3
2202,3
2203,3
2204,3
2205,3
2206,3
2207,3
2208,3
2209,3
2210,3
2211,3
2212,3
2213,3
2214,3
2215,3
2216,3
2217,3
2218,3
2219,3
2220,3
2221,3
2222,3
2223,3
2224,3
2225,3
2226,3
2227,3
2228,3
2229,3
2230,3
2231,3
2232,3
2233,3
2234,3
2235,3
2236,3
2237,3
2238,3
2239,3
2240,3
2241,3
2242,3
2243,3
2244,3
2245,3
2246,3
2247,3
2248,3
2249,3
2250,3
2251,3
2252,3
2253,3
2254,3
2255,3
2256,3
2257,3
2258,3
2259,3
2260,3
2261,3
2262,3
2263,3
2264,3
2265,3
2266,3
2267,3
2268,3
2269,3
2270,3
2271,3
2272,3
2273,3
2274,3
2275,3
2276,3
2277,3
2278,3
2279,3
2280,3
2281,3
2282,3
2283,3
2284,3
2285,3
2286,3
2287,3
2288,3
2289,3
2290,3
2291,3
2292,3
2293,3
2294,3
2295,3
2296,3
2297,3
2298,3
2299,3
2300,3
2301,3
2302,3
2303,3
2304,3
2305,3
2306,3
2307,3
2308,3
2309,3
2310,3
2311,3
2312,3
2313,3
2314,3
2315,3
2316,3
2317,3
2318,3
2319,3
2320,3
2321,3
2322,3
2323,3
2324,3
2325,3
2326,3
2327,3
2328,3
2329,2
2330,2
2331,2
2332,2
2333,2
2334,2
2335,2
2336,2
2337,2
2338,2
2339,2
2340,2
2341,2
2342,2
2343,2
2344,2
2345,2
2346,2
2347,2
2348,2
2349,2
2350,2
2351,2
2352,2
2353,2
2354,2
2355,2
2356,2
2357,2
2358,2
2359,2
2360,2
2361,2
2362,2
2363,2
2364,2
2365,2
2366,2
2367,2
2368,2
2369,2
2370,2
2371,2
2372,2
2373,2
2374,2
2375,2
2376,2
2377,2
2378,2
2379,2
2380,2
2381,2
2382,2
2383,2
2384,2
2385,2
2386,2
2387,2
2388,2
2389,2
2390,2
2391,2
2392,2
2393,2
2394,2
2395,2
2396,2
2397,2
2398,2
2399,2
2400,2
2401,2
2402,2
2403,2
2404,2
2405,2
2406,2
2407,2
2408,2
2409,2
2410,2
2411,2
2412,2
2413,2
2414,2
2415,2
2416,2
2417,2
2418,2
2419,2
2420,2
2421,2
2422,2
2423,2
2424,2
2425,2
2426,2
2427,2
2428,2
2429,2
2430,2
2431,2
2432,2
2433,2
2434,2
2435,2
2436,2
2437,2
2438,2
2439,2
2440,2
2441,2
2442,2
2443,2
2444,2
2445,2
2446,2
2447,2
2448,2
2449,2
2450,2
2451,2
2452,2
2453,2
2454,2
2455,2
2456,2
2457,2
2458,2
2459,2
2460,2
2461,2
2462,2
2463,2
2464,2
2465,2
2466,2
2467,2
2468,2
2469,2
2470,2
2471,2
2472,2
2473,2
2474,2
2475,2
2476,2
2477,2
2478,2
2479,2
2480,2
2481,2
2482,2
2483,2
2484,2
2485,2
2486,2
2487,2
2488,2
2489,2
2490,2
2491,2
2492,2
2493,2
2494,2
2495,2
2496,2
2497,2
2498,2
2499,2
2500,2
2501,2
2502,2
2503,2
2504,2
2505,2
2506,2
2507,2
2508,2
2509,2
2510,2
2511,2
2512,2
2513,2
2514,2
2515,2
2516,2
2517,2
2518,2
2519,2
2520,2
2521,2
2522,2
2523,2
2524,2
2525,2
2526,2
2527,2
2528,2
2529,2
2530,2
2531,2
2532,2
2533,2
2534,2
2535,2
2536,2
2537,2
2538,2
2539,2
2540,2
2541,2
2542,2
2543,2
2544,2
2545,2
2546,2
2547,2
2548,2
2549,2
2550,2
2551,2
2552,2
2553,2
2554,2
2555,2
2556,2
2557,2
2558,2
2559,2
2560,2
2561,2
2562,2
2563,2
2564,2
2565,2
2566,2
2567,2
2568,2
2569,2
2570,2
2571,2
2572,2
2573,2
2574,2
2575,2
2576,2
2577,2
2578,2
2579,2
2580,2
2581,2
2582,2
2583,2
2584,2
2585,2
2586,2
2587,2
2588,2
2589,2
2590,2
2591,2
2592,2
2593,2
2594,2
2595,2
2596,2
2597,2
2598,2
2599,2
2600,2
2601,2
2602,2
2603,2
2604,2
2605,2
2606,2
2607,2
2608,2
2609,2
2610,2
2611,2
2612,2
2613,2
2614,2
2615,2
2616,2
2617,2
2618,2
2619,2
2620,2
2621,2
2622,2
2623,2
2624,2
2625,2
2626,2
2627,2
2628,2
2629,2
2630,2
2631,2
2632,2
2633,2
2634,2
2635,2
2636,2
2637,2
2638,2
2639,2
2640,2
2641,2
2642,2
2643,2
2644,2
2645,2
2646,2
2647,2
2648,2
2649,2
2650,2
2651,2
2652,2
2653,2
2654,2
2655,2
2656,2
2657,2
2658,2
2659,2
2660,2
2661,2
2662,2
2663,2
2664,2
2665,2
2666,2
2667,2
2668,2
2669,2
2670,2
2671,2
2672,2
2673,2
2674,2
2675,2
2676,2
2677,2
2678,2
2679,2
2680,2
2681,2
2682,2
2683,2
2684,2
2685,2
2686,2
2687,2
2688,2
2689,2
2690,2
2691,2
2692,2
2693,2
2694,2
2695,2
2696,2
2697,2
2698,2
2699,2
2700,2
2701,2
2702,2
2703,2
2704,2
2705,2
2706,2
2707,2
2708,2
2709,2
2710,2
2711,2
2712,2
2713,2
2714,2
2715,2
2716,2
2717,2
2718,2
2719,2
2720,2
2721,2
2722,2
2723,2
2724,2
2725,2
2726,2
2727,2
2728,2
2729,2
2730,2
2731,2
2732,2
2733,2
2734,2
2735,2
2736,2
2737,2
2738,2
2739,2
2740,2
2741,2
2742,2
2743,2
2744,2
2745,2
2746,2
2747,2
2748,2
2749,2
2750,2
2751,2
2752,2
2753,2
2754,2
2755,2
2756,2
2757,2
2758,2
2759,2
2760,2
2761,2
2762,2
2763,2
2764,2
2765,2
2766,2
2767,2
2768,2
2769,2
2770,2
2771,2
2772,2
2773,2
2774,2
2775,2
2776,2
2777,2
2778,2
2779,2
2780,2
2781,2
2782,2
2783,2
2784,2
2785,2
2786,2
2787,2
2788,2
2789,2
2790,2
2791,2
2792,2
2793,2
2794,2
2795,2
2796,2
2797,2
2798,2
2799,2
2800,2
2801,2
2802,2
2803,2
2804,2
2805,2
2806,2
2807,2
2808,2
2809,2
2810,2
2811,2
2812,2
2813,2
2814,2
2815,2
2816,2
2817,2
2818,2
2819,2
2820,2
2821,2
2822,2
2823,2
2824,2
2825,2
2826,2
2827,2
2828,2
2829,2
2830,2
2831,2
2832,2
2833,2
2834,2
2835,2
2836,2
2837,2
2838,2
2839,2
2840,2
2841,2
2842,2
2843,2
2844,2
2845,2
2846,2
2847,2
2848,2
2849,2
2850,2
2851,2
2852,2
2853,2
2854,2
2855,2
2856,2
2857,2
2858,2
2859,2
2860,2
2861,2
2862,2
2863,2
2864,2
2865,2
2866,2
2867,2
2868,2
2869,2
2870,2
2871,2
2872,2
2873,2
2874,2
2875,2
2876,2
2877,2
2878,2
2879,2
2880,2
2881,2
2882,2
2883,2
2884,2
2885,2
2886,2
2887,2
2888,2
2889,2
2890,2
2891,2
2892,2
2893,2
2894,2
2895,2
2896,2
2897,2
2898,2
2899,2
2900,2
2901,2
2902,2
2903,2
2904,2
2905,2
2906,2
2907,2
2908,2
2909,2
2910,2
2911,2
2912,2
2913,2
2914,2
2915,2
2916,2
2917,2
2918,2
2919,2
2920,2
2921,2
2922,2
2923,2
2924,2
2925,2
2926,2
2927,2
2928,2
2929,2
2930,2
2931,2
2932,2
2933,2
2934,2
2935,2
2936,2
2937,2
2938,2
2939,2
2940,2
2941,2
2942,2
2943,2
2944,2
2945,2
2946,2
2947,2
2948,2
2949,2
2950,2
2951,2
2952,2
2953,2
2954,2
2955,2
2956,2
2957,2
2958,2
2959,2
2960,2
2961,2
2962,2
2963,2
2964,2
2965,2
2966,2
2967,2
2968,2
2969,2
2970,2
2971,2
2972,2
2973,2
2974,2
2975,2
2976,2
2977,2
2978,2
2979,2
2980,2
2981,2
2982,2
2983,2
2984,2
2985,2
2986,2
2987,2
2988,2
2989,2
2990,2
2991,2
2992,2
2993,2
2994,2
2995,2
2996,2
2997,2
2998,2
2999,2
3000,2
3001,2
3002,2
3003,2
3004,2
3005,2
3006,2
3007,2
3008,2
3009,2
3010,2
3011,2
3012,2
3013,2
3014,2
3015,2
3016,2
3017,2
3018,2
3019,2
3020,2
3021,2
3022,2
3023,2
3024,2
3025,2
3026,2
3027,2
3028,2
3029,2
3030,2
3031,2
3032,2
3033,2
3034,2
3035,2
3036,2
3037,2
3038,2
3039,2
3040,2
3041,2
3042,2
3043,2
3044,2
3045,2
3046,2
3047,2
3048,2
3049,2
3050,2
3051,2
3052,2
3053,2
3054,2
3055,2
3056,2
3057,2
3058,2
3059,2
3060,2
3061,2
3062,2
3063,2
3064,2
3065,2
3066,2
3067,2
3068,2
3069,2
3070,2
3071,2
3072,2
3073,2
3074,2
3075,2
3076,2
3077,2
3078,2
3079,2
3080,2
3081,2
3082,2
3083,2
3084,2
3085,2
3086,2
3087,2
3088,2
3089,2
3090,2
3091,2
3092,2
3093,2
3094,2
3095,2
3096,2
3097,2
3098,2
3099,2
3100,2
3101,2
3102,2
3103,2
3104,2
3105,2
3106,2
3107,2
3108,2
3109,2
3110,2
3111,2
3112,2
3113,2
3114,2
3115,2
3116,2
3117,2
3118,2
3119,2
3120,2
3121,2
3122,2
3123,2
3124,2
3125,2
3126,2
3127,2
3128,2
3129,2
3130,2
3131,2
3132,2
3133,2
3134,2
3135,2
3136,2
3137,2
3138,2
3139,2
3140,2
3141,2
3142,2
3143,2
3144,2
3145,2
3146,2
3147,2
3148,2
3149,2
3150,2
3151,2
3152,2
3153,2
3154,2
3155,2
3156,2
3157,2
3158,2
3159,2
3160,2
3161,2
3162,2
3163,2
3164,2
3165,2
3166,2
3167,2
3168,2
3169,2
3170,2
3171,2
3172,2
3173,2
3174,2
3175,2
3176,2
3177,2
3178,2
3179,2
3180,2
3181,2
3182,2
3183,2
3184,2
3185,2
3186,2
3187,2
3188,2
3189,2
3190,2
3191,2
3192,2
3193,2
3194,2
3195,2
3196,2
3197,2
3198,2
3199,2
3200,2
3201,2
3202,2
3203,2
3204,2
3205,2
3206,2
3207,2
3208,2
3209,2
3210,2
3211,2
3212,2
3213,2
3214,2
3215,2
3216,2
3217,2
3218,2
3219,2
3220,2
3221,2
3222,2
3223,2
3224,2
3225,2
3226,2
3227,2
3228,2
3229,2
3230,2
3231,2
3232,2
3233,2
3234,2
3235,2
3236,2
3237,2
3238,2
3239,2
3240,2
3241,2
3242,2
3243,2
3244,2
3245,2
3246,2
3247,2
3248,2
3249,2
3250,2
3251,2
3252,2
3253,2
3254,2
3255,2
3256,2
3257,2
3258,2
3259,2
3260,2
3261,2
3262,2
3263,2
3264,2
3265,2
3266,2
3267,2
3268,2
3269,2
3270,2
3271,2
3272,2
3273,2
3274,2
3275,2
3276,2
3277,2
3278,2
3279,2
3280,2
3281,2
3282,2
3283,2
3284,2
3285,2
3286,2
3287,2
3288,2
3289,2
3290,2
3291,2
3292,2
3293,2
3294,2
3295,2
3296,2
3297,2
3298,2
3299,2
3300,2
3301,2
3302,2
3303,2
3304,2
3305,2
3306,2
3307,2
3308,2
3309,2
3310,2
3311,2
3312,2
3313,2
3314,2
3315,2
3316,2
3317,2
3318,2
3319,2
3320,2
3321,2
3322,2
3323,2
3324,2
3325,2
3326,2
3327,2
3328,2
3329,2
3330,2
3331,2
3332,2
3333,2
3334,2
3335,2
3336,2
3337,2
3338,2
3339,2
3340,2
3341,2
3342,2
3343,2
3344,2
3345,2
3346,2
3347,2
3348,2
3349,2
3350,2
3351,2
3352,2
3353,2
3354,2
3355,2
3356,2
3357,2
3358,2
3359,2
3360,2
3361,2
3362,2
3363,2
3364,2
3365,2
3366,2
3367,2
3368,2
3369,2
3370,2
3371,2
3372,2
3373,2
3374,2
3375,2
3376,2
3377,2
3378,2
3379,2
3380,2
3381,2
3382,2
3383,2
3384,2
3385,2
3386,2
3387,2
3388,2
3389,2
3390,2
3391,2
3392,2
3393,2
3394,2
3395,2
3396,2
3397,2
3398,2
3399,2
3400,2
3401,2
3402,2
3403,2
3404,2
3405,2
3406,2
3407,2
3408,2
3409,2
3410,2
3411,2
3412,2
3413,2
3414,2
3415,2
3416,2
3417,2
3418,2
3419,2
3420,2
3421,2
3422,2
3423,2
3424,2
3425,2
3426,2
3427,2
3428,2
3429,2
3430,2
3431,2
3432,2
3433,2
3434,2
3435,2
3436,2
3437,2
3438,2
3439,2
3440,2
3441,2
3442,2
3443,2
3444,2
3445,2
3446,2
3447,2
3448,2
3449,2
3450,2
3451,2
3452,2
3453,2
3454,2
3455,2
3456,2
3457,2
3458,2
3459,2
3460,2
3461,2
3462,2
3463,2
3464,2
3465,2
3466,2
3467,2
3468,2
3469,2
3470,2
3471,2
3472,2
3473,2
3474,2
3475,2
3476,2
3477,2
3478,2
3479,2
3480,2
3481,2
3482,2
3483,2
3484,2
3485,2
3486,2
3487,2
3488,2
3489,2
3490,2
3491,2
3492,2
3493,2
3494,2
3495,2
3496,2
3497,2
3498,2
3499,2
3500,2
3501,2
3502,2
3503,2
3504,2
3505,2
3506,2
3507,2
3508,2
3509,2
3510,2
3511,2
3512,2
3513,2
3514,2
3515,2
3516,2
3517,2
3518,2
3519,2
3520,2
3521,2
3522,2
3523,2
3524,2
3525,2
3526,2
3527,2
3528,2
3529,2
3530,2
3531,2
3532,2
3533,2
3534,2
3535,2
3536,2
3537,2
3538,2
3539,2
3540,2
3541,2
3542,2
3543,2
3544,2
3545,2
3546,2
3547,2
3548,2
3549,2
3550,2
3551,2
3552,2
3553,2
3554,2
3555,2
3556,2
3557,2
3558,2
3559,2
3560,2
3561,2
3562,2
3563,2
3564,2
3565,2
3566,2
3567,2
3568,2
3569,2
3570,2
3571,2
3572,2
3573,2
3574,2
3575,2
3576,2
3577,2
3578,2
3579,2
3580,2
3581,2
3582,2
3583,2
3584,2
3585,2
3586,2
3587,2
3588,2
3589,2
3590,2
3591,2
3592,2
3593,2
3594,2
3595,2
3596,2
3597,2
3598,2
3599,2
3600,2
3601,2
3602,2
3603,2
3604,2
3605,2
3606,2
3607,2
3608,2
3609,2
3610,2
3611,2
3612,2
3613,2
3614,2
3615,2
3616,2
3617,2
3618,2
3619,2
3620,2
3621,2
3622,2
3623,2
3624,2
3625,2
3626,2
3627,2
3628,2
3629,2
3630,2
3631,2
3632,2
3633,2
3634,2
3635,2
3636,2
3637,2
3638,2
3639,2
3640,2
3641,2
3642,2
3643,2
3644,2
3645,2
3646,2
3647,2
3648,2
3649,2
3650,2
3651,2
3652,2
3653,2
3654,2
3655,2
3656,2
3657,2
3658,2
3659,2
3660,2
3661,2
3662,2
3663,2
3664,2
3665,2
3666,2
3667,2
3668,2
3669,2
3670,2
3671,2
3672,2
3673,2
3674,2
3675,2
3676,2
3677,2
3678,2
3679,2
3680,2
3681,2
3682,2
3683,2
3684,2
3685,2
3686,2
3687,2
3688,2
3689,2
3690,2
3691,2
3692,2
3693,2
3694,2
3695,2
3696,2
3697,2
3698,2
3699,2
3700,2
3701,2
3702,2
3703,2
3704,2
3705,2
3706,2
3707,2
3708,2
3709,2
3710,2
3711,2
3712,2
3713,2
3714,2
3715,2
3716,2
3717,2
3718,2
3719,2
3720,2
3721,2
3722,2
3723,2
3724,2
3725,2
3726,2
3727,2
3728,2
3729,2
3730,2
3731,2
3732,2
3733,2
3734,2
3735,2
3736,2
3737,2
3738,2
3739,2
3740,2
3741,2
3742,2
3743,2
3744,2
3745,2
3746,2
3747,2
3748,2
3749,2
3750,2
3751,2
3752,2
3753,2
3754,2
3755,2
3756,2
3757,2
3758,2
3759,2
3760,2
3761,2
3762,2
3763,2
3764,2
3765,2
3766,2
3767,2
3768,2
3769,2
3770,2
3771,2
3772,2
3773,2
3774,2
3775,2
3776,2
3777,2
3778,2
3779,2
3780,2
3781,2
3782,2
3783,2
3784,2
3785,2
3786,2
3787,2
3788,2
3789,2
3790,2
3791,2
3792,2
3793,2
3794,2
3795,2
3796,2
3797,2
3798,2
3799,2
3800,2
3801,2
3802,2
3803,2
3804,2
3805,2
3806,2
3807,2
3808,2
3809,2
3810,2
3811,2
3812,2
3813,2
3814,2
3815,2
3816,2
3817,2
3818,2
3819,2
3820,2
3821,2
3822,2
3823,2
3824,2
3825,2
3826,2
3827,2
3828,2
3829,2
3830,2
3831,2
3832,2
3833,2
3834,2
3835,2
3836,2
3837,2
3838,2
3839,2
3840,2
3841,2
3842,2
3843,2
3844,2
3845,2
3846,2
3847,2
3848,2
3849,2
3850,2
3851,2
3852,2
3853,2
3854,2
3855,2
3856,2
3857,2
3858,2
3859,2
3860,2
3861,2
3862,2
3863,2
3864,2
3865,2
3866,2
3867,2
3868,2
3869,2
3870,2
3871,2
3872,2
3873,2
3874,2
3875,2
3876,2
3877,2
3878,2
3879,2
3880,2
3881,2
3882,2
3883,2
3884,2
3885,2
3886,2
3887,2
3888,2
3889,2
3890,2
3891,2
3892,2
3893,2
3894,2
3895,2
3896,2
3897,2
3898,2
3899,2
3900,2
3901,2
3902,2
3903,2
3904,2
3905,2
3906,2
3907,2
3908,2
3909,2
3910,2
3911,2
3912,2
3913,2
3914,2
3915,2
3916,2
3917,2
3918,2
3919,2
3920,2
3921,2
3922,2
3923,2
3924,2
3925,2
3926,2
3927,2
3928,2
3929,2
3930,2
3931,2
3932,2
3933,2
3934,2
3935,2
3936,2
3937,2
3938,2
3939,2
3940,2
3941,2
3942,2
3943,2
3944,2
3945,2
3946,2
3947,2
3948,2
3949,2
3950,2
3951,2
3952,2
3953,2
3954,2
3955,2
3956,2
3957,2
3958,2
3959,2
3960,2
3961,2
3962,2
3963,2
3964,2
3965,2
3966,2
3967,2
3968,2
3969,2
3970,2
3971,2
3972,2
3973,2
3974,2
3975,2
3976,2
3977,2
3978,2
3979,2
3980,2
3981,2
3982,2
3983,2
3984,2
3985,2
3986,2
3987,2
3988,2
3989,2
3990,2
3991,2
3992,2
3993,2
3994,2
3995,2
3996,2
3997,2
3998,2
3999,2
4000,2
4001,2
4002,2
4003,2
4004,2
4005,2
4006,2
4007,2
4008,2
4009,2
4010,2
4011,2
4012,2
4013,2
4014,2
4015,2
4016,2
4017,2
4018,2
4019,2
4020,2
4021,2
4022,2
4023,2
4024,2
4025,2
4026,2
4027,2
4028,2
4029,2
4030,2
4031,2
4032,2
4033,2
4034,2
4035,2
4036,2
4037,2
4038,2
4039,2
4040,2
4041,2
4042,2
4043,2
4044,2
4045,2
4046,2
4047,2
4048,2
4049,2
4050,2
4051,2
4052,2
4053,2
4054,2
4055,2
4056,2
4057,2
4058,2
4059,2
4060,2
4061,2
4062,2
4063,2
4064,2
4065,2
4066,2
4067,2
4068,2
4069,2
4070,2
4071,2
4072,2
4073,2
4074,2
4075,2
4076,2
4077,2
4078,2
4079,2
4080,2
4081,2
4082,2
4083,2
4084,2
4085,2
4086,2
4087,2
4088,2
4089,2
4090,2
4091,2
4092,2
4093,2
4094,2
4095,2
4096,2
4097,2
4098,2
4099,2
4100,2
4101,2
4102,2
4103,2
4104,2
4105,2
4106,2
4107,2
4108,2
4109,2
4110,2
4111,2
4112,2
4113,2
4114,2
4115,2
4116,2
4117,2
4118,2
4119,2
4120,2
4121,2
4122,2
4123,2
4124,2
4125,2
4126,2
4127,2
4128,2
4129,2
4130,2
4131,2
4132,2
4133,2
4134,2
4135,2
4136,2
4137,2
4138,2
4139,2
4140,2
4141,2
4142,2
4143,2
4144,2
4145,2
4146,2
4147,2
4148,2
4149,2
4150,2
4151,2
4152,2
4153,2
4154,2
4155,2
4156,2
4157,2
4158,2
4159,2
4160,2
4161,2
4162,2
4163,2
4164,2
4165,2
4166,2
4167,2
4168,2
4169,2
4170,2
4171,2
4172,2
4173,2
4174,2
4175,2
4176,2
4177,2
4178,2
4179,2
4180,2
4181,2
4182,2
4183,2
4184,2
4185,2
4186,2
4187,2
4188,2
4189,2
4190,2
4191,2
4192,2
4193,2
4194,2
4195,2
4196,2
4197,2
4198,2
4199,2
4200,2
4201,2
4202,2
4203,2
4204,2
4205,2
4206,2
4207,2
4208,2
4209,2
4210,2
4211,2
4212,2
4213,2
4214,2
4215,2
4216,2
4217,2
4218,2
4219,2
4220,2
4221,2
4222,2
4223,2
4224,2
4225,2
4226,2
4227,2
4228,2
4229,2
4230,2
4231,2
4232,2
4233,2
4234,2
4235,2
4236,2
4237,2
4238,2
4239,2
4240,2
4241,2
4242,2
4243,2
4244,2
4245,2
4246,2
4247,2
4248,2
4249,2
4250,2
4251,2
4252,2
4253,2
4254,2
4255,2
4256,2
4257,2
4258,2
4259,2
4260,2
4261,2
4262,2
4263,2
4264,2
4265,2
4266,2
4267,2
4268,2
4269,2
4270,2
4271,2
4272,2
4273,2
4274,2
4275,2
4276,2
4277,2
4278,2
4279,2
4280,2
4281,2
4282,2
4283,2
4284,2
4285,2
4286,2
4287,2
4288,2
4289,2
4290,2
4291,2
4292,2
4293,2
4294,2
4295,2
4296,2
4297,2
4298,2
4299,2
4300,2
4301,2
4302,2
4303,2
4304,2
4305,2
4306,2
4307,2
4308,2
4309,2
4310,2
4311,2
4312,2
4313,2
4314,2
4315,2
4316,2
4317,2
4318,2
4319,2
4320,2
4321,2
4322,2
4323,2
4324,2
4325,2
4326,2
4327,2
4328,2
4329,2
4330,2
4331,2
4332,2
4333,2
4334,2
4335,2
4336,2
4337,2
4338,2
4339,2
4340,2
4341,2
4342,2
4343,2
4344,2
4345,2
4346,2
4347,2
4348,2
4349,2
4350,2
4351,2
4352,2
4353,2
4354,2
4355,2
4356,2
4357,2
4358,2
4359,2
4360,2
4361,2
4362,2
4363,2
4364,2
4365,2
4366,2
4367,2
4368,2
4369,2
4370,2
4371,2
4372,2
4373,2
4374,2
4375,2
4376,2
4377,2
4378,2
4379,2
4380,2
4381,2
4382,2
4383,2
4384,2
4385,2
4386,2
4387,2
4388,2
4389,2
4390,2
4391,2
4392,2
4393,2
4394,2
4395,2
4396,2
4397,2
4398,2
4399,2
4400,2
4401,2
4402,2
4403,2
4404,2
4405,2
4406,2
4407,2
4408,2
4409,2
4410,2
4411,2
4412,2
4413,2
4414,2
4415,2
4416,2
4417,2
4418,2
4419,2
4420,2
4421,2
4422,2
4423,2
4424,2
4425,2
4426,2
4427,2
4428,2
4429,2
4430,2
4431,2
4432,2
4433,2
4434,2
4435,2
4436,2
4437,2
4438,2
4439,2
4440,2
4441,2
4442,2
4443,2
4444,2
4445,2
4446,2
4447,2
4448,2
4449,2
4450,2
4451,2
4452,2
4453,2
4454,2
4455,2
4456,2
4457,2
4458,2
4459,2
4460,2
4461,2
4462,2
4463,2
4464,2
4465,2
4466,2
4467,2
4468,2
4469,2
4470,2
4471,2
4472,2
4473,2
4474,2
4475,2
4476,2
4477,2
4478,2
4479,2
4480,2
4481,2
4482,2
4483,2
4484,2
4485,2
4486,2
4487,2
4488,2
4489,2
4490,2
4491,2
4492,2
4493,2
4494,2
4495,2
4496,2
4497,2
4498,2
4499,2
4500,2
4501,2
4502,2
4503,2
4504,2
4505,2
4506,2
4507,2
4508,2
4509,2
4510,2
4511,2
4512,2
4513,2
4514,2
4515,2
4516,2
4517,2
4518,2
4519,2
4520,2
4521,2
4522,2
4523,2
4524,2
4525,2
4526,2
4527,2
4528,2
4529,2
4530,2
4531,2
4532,2
4533,2
4534,2
4535,2
4536,2
4537,2
4538,2
4539,2
4540,2
4541,2
4542,2
4543,2
4544,2
4545,2
4546,2
4547,2
4548,2
4549,2
4550,2
4551,2
4552,2
4553,2
4554,2
4555,2
4556,2
4557,2
4558,2
4559,2
4560,2
4561,2
4562,2
4563,2
4564,2
4565,2
4566,2
4567,2
4568,2
4569,2
4570,2
4571,2
4572,2
4573,2
4574,2
4575,2
4576,2
4577,2
4578,2
4579,2
4580,2
4581,2
4582,2
4583,2
4584,2
4585,2
4586,2
4587,2
4588,2
4589,2
4590,2
4591,2
4592,2
4593,2
4594,2
4595,2
4596,2
4597,2
4598,2
4599,2
4600,2
4601,2
4602,2
4603,2
4604,2
4605,2
4606,2
4607,2
4608,2
4609,2
4610,2
4611,2
4612,2
4613,2
4614,2
4615,2
4616,2
4617,2
4618,2
4619,2
4620,2
4621,2
4622,2
4623,2
4624,2
4625,2
4626,2
4627,2
4628,2
4629,2
4630,2
4631,2
4632,2
4633,2
4634,2
4635,2
4636,2
4637,2
4638,2
4639,2
4640,2
4641,2
4642,2
4643,2
4644,2
4645,2
4646,2
4647,2
4648,2
4649,2
4650,2
4651,2
4652,2
4653,2
4654,2
4655,2
4656,2
4657,2
4658,2
4659,2
4660,2
4661,2
4662,2
4663,2
4664,2
4665,2
4666,2
4667,2
4668,2
4669,2
4670,2
4671,2
4672,2
4673,2
4674,2
4675,2
4676,2
4677,2
4678,2
4679,2
4680,2
4681,2
4682,2
4683,2
4684,2
4685,2
4686,2
4687,2
4688,2
4689,2
4690,2
4691,2
4692,2
4693,2
4694,2
4695,2
4696,2
4697,2
4698,2
4699,2
4700,2
4701,2
4702,2
4703,2
4704,2
4705,2
4706,2
4707,2
4708,2
4709,2
4710,2
4711,2
4712,2
4713,2
4714,2
4715,2
4716,2
4717,2
4718,2
4719,2
4720,2
4721,2
4722,2
4723,2
4724,2
4725,2
4726,2
4727,2
4728,2
4729,2
4730,2
4731,2
4732,2
4733,2
4734,2
4735,2
4736,2
4737,2
4738,2
4739,2
4740,2
4741,2
4742,2
4743,2
4744,2
4745,2
4746,2
4747,2
4748,2
4749,2
4750,2
4751,2
4752,2
4753,2
4754,2
4755,2
4756,2
4757,2
4758,2
4759,2
4760,2
4761,2
4762,2
4763,2
4764,2
4765,2
4766,2
4767,2
4768,2
4769,2
4770,2
4771,2
4772,2
4773,2
4774,2
4775,2
4776,2
4777,2
4778,2
4779,2
4780,2
4781,2
4782,2
4783,2
4784,2
4785,2
4786,2
4787,2
4788,2
4789,2
4790,2
4791,2
4792,2
4793,2
4794,2
4795,2
4796,2
4797,2
4798,2
4799,2
4800,2
4801,2
4802,2
4803,2
4804,2
4805,2
4806,2
4807,2
4808,2
4809,2
4810,2
4811,2
4812,2
4813,2
4814,2
4815,2
4816,2
4817,2
4818,2
4819,2
4820,2
4821,2
4822,2
4823,2
4824,2
4825,2
4826,2
4827,2
4828,2
4829,2
4830,2
4831,2
4832,2
4833,2
4834,2
4835,2
4836,2
4837,2
4838,2
4839,2
4840,2
4841,2
4842,2
4843,2
4844,2
4845,2
4846,2
4847,2
4848,2
4849,2
4850,2
4851,2
4852,2
4853,2
4854,2
4855,2
4856,2
4857,2
4858,2
4859,2
4860,2
4861,2
4862,2
4863,2
4864,2
4865,2
4866,2
4867,2
4868,2
4869,2
4870,2
4871,2
4872,2
4873,2
4874,2
4875,2
4876,2
4877,2
4878,2
4879,2
4880,2
4881,2
4882,2
4883,2
4884,2
4885,2
4886,2
4887,2
4888,2
4889,2
4890,2
4891,2
4892,2
4893,2
4894,2
4895,2
4896,2
4897,2
4898,2
4899,2
4900,2
4901,2
4902,2
4903,2
4904,2
4905,2
4906,2
4907,2
4908,2
4909,2
4910,2
4911,2
4912,2
4913,2
4914,2
4915,2
4916,2
4917,2
4918,2
4919,2
4920,2
4921,2
4922,2
4923,2
4924,2
4925,2
4926,2
4927,2
4928,2
4929,2
4930,2
4931,2
4932,2
4933,2
4934,2
4935,2
4936,2
4937,2
4938,2
4939,2
4940,2
4941,2
4942,2
4943,2
4944,2
4945,2
4946,2
4947,2
4948,2
4949,2
4950,2
4951,2
4952,2
4953,2
4954,2
4955,2
4956,2
4957,2
4958,2
4959,2
4960,2
4961,2
4962,2
4963,2
4964,2
4965,2
4966,2
4967,2
4968,2
4969,2
4970,2
4971,2
4972,2
4973,2
4974,2
4975,2
4976,2
4977,2
4978,2
4979,2
4980,2
4981,2
4982,2
4983,2
4984,2
4985,2
4986,2
4987,2
4988,2
4989,2
4990,2
4991,2
4992,2
4993,2
4994,2
4995,2
4996,2
4997,2
4998,2
4999,2
5000,2
5001,2
5002,2
5003,2
5004,2
5005,2
5006,2
5007,2
5008,2
5009,2
5010,2
5011,2
5012,2
5013,2
5014,2
5015,2
5016,2
5017,2
5018,2
5019,2
5020,2
5021,2
5022,2
5023,2
5024,2
5025,2
5026,2
5027,2
5028,2
5029,2
5030,2
5031,2
5032,2
5033,2
5034,2
5035,2
5036,2
5037,2
5038,2
5039,2
5040,2
5041,2
5042,2
5043,2
5044,2
5045,2
5046,2
5047,2
5048,2
5049,2
5050,2
5051,2
5052,2
5053,2
5054,2
5055,2
5056,2
5057,2
5058,2
5059,2
5060,2
5061,2
5062,2
5063,2
5064,2
5065,2
5066,2
5067,2
5068,2
5069,2
5070,2
5071,2
5072,2
5073,2
5074,2
5075,2
5076,2
5077,2
5078,2
5079,2
5080,2
5081,2
5082,2
5083,2
5084,2
5085,2
5086,2
5087,2
5088,2
5089,2
5090,2
5091,2
5092,2
5093,2
5094,2
5095,2
5096,2
5097,2
5098,2
5099,2
5100,2
5101,2
5102,2
5103,2
5104,2
5105,2
5106,2
5107,2
5108,2
5109,2
5110,2
5111,2
5112,2
5113,2
5114,2
5115,2
5116,2
5117,2
5118,2
5119,2
5120,2
5121,2
5122,2
5123,2
5124,2
5125,2
5126,2
5127,2
5128,2
5129,2
5130,2
5131,2
5132,2
5133,2
5134,2
5135,2
5136,2
5137,2
5138,2
5139,2
5140,2
5141,2
5142,2
5143,2
5144,2
5145,2
5146,2
5147,2
5148,2
5149,2
5150,2
5151,2
5152,2
5153,2
5154,2
5155,2
5156,2
5157,2
5158,2
5159,2
5160,2
5161,2
5162,2
5163,2
5164,2
5165,2
5166,2
5167,2
5168,2
5169,2
5170,2
5171,2
5172,2
5173,2
5174,2
5175,2
5176,2
5177,2
5178,2
5179,2
5180,2
5181,2
5182,2
5183,2
5184,2
5185,2
5186,2
5187,2
5188,2
5189,2
5190,2
5191,2
5192,2
5193,2
5194,2
5195,2
5196,2
5197,2
5198,2
5199,2
5200,2
5201,2
5202,2
5203,2
5204,2
5205,2
5206,2
5207,2
5208,2
5209,2
5210,2
5211,2
5212,2
5213,2
5214,2
5215,2
5216,2
5217,2
5218,2
5219,2
5220,2
5221,2
5222,2
5223,2
5224,2
5225,2
5226,2
5227,2
5228,2
5229,2
5230,2
5231,2
5232,2
5233,2
5234,2
5235,2
5236,2
5237,2
5238,2
5239,2
5240,2
5241,2
5242,2
5243,2
5244,2
5245,2
5246,2
5247,2
5248,2
5249,2
5250,2
5251,2
5252,2
5253,2
5254,2
5255,2
5256,2
5257,2
5258,2
5259,2
5260,2
5261,2
5262,2
5263,2
5264,2
5265,2
5266,2
5267,2
5268,2
5269,2
5270,2
5271,2
5272,2
5273,2
5274,2
5275,2
5276,2
5277,2
5278,2
5279,2
5280,2
5281,2
5282,2
5283,2
5284,2
5285,2
5286,2
5287,2
5288,2
5289,2
5290,2
5291,2
5292,2
5293,2
5294,2
5295,2
5296,2
5297,2
5298,2
5299,2
5300,2
5301,2
5302,2
5303,2
5304,2
5305,2
5306,2
5307,2
5308,2
5309,2
5310,2
5311,2
5312,2
5313,2
5314,2
5315,2
5316,2
5317,2
5318,2
5319,2
5320,2
5321,2
5322,2
5323,2
5324,2
5325,2
5326,2
5327,2
5328,2
5329,2
5330,2
5331,2
5332,2
5333,2
5334,2
5335,2
5336,2
5337,2
5338,2
5339,2
5340,2
5341,2
5342,2
5343,2
5344,2
5345,2
5346,2
5347,2
5348,2
5349,2
5350,2
5351,2
5352,2
5353,2
5354,2
5355,2
5356,2
5357,2
5358,2
5359,2
5360,2
5361,2
5362,2
5363,2
5364,2
5365,2
5366,2
5367,2
5368,2
5369,2
5370,2
5371,2
5372,2
5373,2
5374,2
5375,2
5376,2
5377,2
5378,2
5379,2
5380,2
5381,2
5382,2
5383,2
5384,2
5385,2
5386,2
5387,2
5388,2
5389,2
5390,2
5391,2
5392,2
5393,2
5394,2
5395,2
5396,2
5397,2
5398,2
5399,2
5400,2
5401,2
5402,2
5403,2
5404,2
5405,2
5406,2
5407,2
5408,2
5409,2
5410,2
5411,2
5412,2
5413,2
5414,2
5415,2
5416,2
5417,2
5418,2
5419,2
5420,2
5421,2
5422,2
5423,2
5424,2
5425,2
5426,2
5427,2
5428,2
5429,2
5430,2
5431,2
5432,2
5433,2
5434,2
5435,2
5436,2
5437,2
5438,2
5439,2
5440,2
5441,2
5442,2
5443,2
5444,2
5445,2
5446,2
5447,2
5448,2
5449,2
5450,2
5451,2
5452,2
5453,2
5454,2
5455,2
5456,2
5457,2
5458,2
5459,2
5460,2
5461,2
5462,2
5463,2
5464,2
5465,2
5466,2
5467,2
5468,2
5469,2
5470,2
5471,2
5472,2
5473,2
5474,2
5475,2
5476,2
5477,2
5478,2
5479,2
5480,2
5481,2
5482,2
5483,2
5484,2
5485,2
5486,2
5487,2
5488,2
5489,2
5490,2
5491,2
5492,2
5493,2
5494,2
5495,2
5496,2
5497,2
5498,2
5499,2
5500,2
5501,2
5502,2
5503,2
5504,2
5505,2
5506,2
5507,2
5508,2
5509,2
5510,2
5511,2
5512,2
5513,2
5514,2
5515,2
5516,2
5517,2
5518,2
5519,2
5520,2
5521,2
5522,2
5523,2
5524,2
5525,2
5526,2
5527,2
5528,2
5529,2
5530,2
5531,2
5532,2
5533,2
5534,2
5535,2
5536,2
5537,2
5538,2
5539,2
5540,2
5541,2
5542,2
5543,2
5544,2
5545,2
5546,2
5547,2
5548,2
5549,2
5550,2
5551,2
5552,2
5553,2
5554,2
5555,2
5556,2
5557,2
5558,2
5559,2
5560,2
5561,2
5562,2
5563,2
5564,2
5565,2
5566,2
5567,2
5568,2
5569,2
5570,2
5571,2
5572,2
5573,2
5574,2
5575,2
5576,2
5577,2
5578,2
5579,2
5580,2
5581,2
5582,2
5583,2
5584,2
5585,2
5586,2
5587,2
5588,2
5589,2
5590,2
5591,2
5592,2
5593,2
5594,2
5595,2
5596,2
5597,2
5598,2
5599,2
5600,2
5601,2
5602,2
5603,2
5604,2
5605,2
5606,2
5607,2
5608,2
5609,2
5610,2
5611,2
5612,2
5613,2
5614,2
5615,2
5616,2
5617,2
5618,2
5619,2
5620,2
5621,2
5622,2
5623,2
5624,2
5625,2
5626,2
5627,2
5628,2
5629,2
5630,2
5631,2
5632,2
5633,2
5634,2
5635,2
5636,2
5637,2
5638,2
5639,2
5640,2
5641,2
5642,2
5643,2
5644,2
5645,2
5646,2
5647,2
5648,2
5649,2
5650,2
5651,2
5652,2
5653,2
5654,2
5655,2
5656,2
5657,2
5658,2
5659,2
5660,2
5661,2
5662,2
5663,2
5664,2
5665,2
5666,2
5667,2
5668,2
5669,2
5670,2
5671,2
5672,2
5673,2
5674,2
5675,2
5676,2
5677,2
5678,2
5679,2
5680,2
5681,2
5682,2
5683,2
5684,2
5685,2
5686,2
5687,2
5688,2
5689,2
5690,2
5691,2
5692,2
5693,2
5694,2
5695,2
5696,2
5697,2
5698,2
5699,2
5700,2
5701,2
5702,2
5703,2
5704,2
5705,2
5706,2
5707,2
5708,2
5709,2
5710,2
5711,2
5712,2
5713,2
5714,2
5715,2
5716,2
5717,2
5718,2
5719,2
5720,2
5721,2
5722,2
5723,2
5724,2
5725,2
5726,2
5727,2
5728,2
5729,2
5730,2
5731,2
5732,2
5733,2
5734,2
5735,2
5736,2
5737,2
5738,2
5739,2
5740,2
5741,2
5742,2
5743,2
5744,2
5745,2
5746,2
5747,2
5748,2
5749,2
5750,2
5751,2
5752,2
5753,2
5754,2
5755,2
5756,2
5757,2
5758,2
5759,2
5760,2
5761,2
5762,2
5763,2
5764,2
5765,2
5766,2
5767,2
5768,2
5769,2
5770,2
5771,2
5772,2
5773,2
5774,2
5775,2
5776,2
5777,2
5778,2
5779,2
5780,2
5781,2
5782,2
5783,2
5784,2
5785,2
5786,2
5787,2
5788,2
5789,2
5790,2
5791,2
5792,2
5793,2
5794,2
5795,2
5796,2
5797,2
5798,2
5799,2
5800,2
5801,2
5802,2
5803,2
5804,2
5805,2
5806,2
5807,2
5808,2
5809,2
5810,2
5811,2
5812,2
5813,2
5814,2
5815,2
5816,2
5817,2
5818,2
5819,2
5820,2
5821,2
5822,2
5823,2
5824,2
5825,2
5826,2
5827,2
5828,2
5829,2
5830,2
5831,2
5832,2
5833,2
5834,2
5835,2
5836,2
5837,2
5838,2
5839,2
5840,2
5841,2
5842,2
5843,2
5844,2
5845,2
5846,2
5847,2
5848,2
5849,2
5850,2
5851,2
5852,2
5853,2
5854,2
5855,2
5856,2
5857,2
5858,2
5859,2
5860,2
5861,2
5862,2
5863,2
5864,2
5865,2
5866,2
5867,2
5868,2
5869,2
5870,2
5871,2
5872,2
5873,2
5874,2
5875,2
5876,2
5877,2
5878,2
5879,2
5880,2
5881,2
5882,2
5883,2
5884,2
5885,2
5886,2
5887,2
5888,2
5889,2
5890,2
5891,2
5892,2
5893,2
5894,2
5895,2
5896,2
5897,2
5898,2
5899,2
5900,2
5901,2
5902,2
5903,2
5904,2
5905,2
5906,2
5907,2
5908,2
5909,2
5910,2
5911,2
5912,2
5913,2
5914,2
5915,2
5916,2
5917,2
5918,2
5919,2
5920,2
5921,2
5922,2
5923,2
5924,2
5925,2
5926,2
5927,2
5928,2
5929,2
5930,2
5931,2
5932,2
5933,2
5934,2
5935,2
5936,2
5937,2
5938,2
5939,2
5940,2
5941,2
5942,2
5943,2
5944,2
5945,2
5946,2
5947,2
5948,2
5949,2
5950,2
5951,2
5952,2
5953,2
5954,2
5955,2
5956,2
5957,2
5958,2
5959,2
5960,2
5961,2
5962,2
5963,2
5964,2
5965,2
5966,2
5967,2
5968,2
5969,2
5970,2
5971,2
5972,2
5973,2
5974,2
5975,2
5976,2
5977,2
5978,2
5979,2
5980,2
5981,2
5982,2
5983,2
5984,2
5985,2
5986,2
5987,2
5988,2
5989,2
5990,2
5991,2
5992,2
5993,2
5994,2
5995,2
5996,2
5997,2
5998,2
5999,2
6000,2
6001,2
6002,2
6003,2
6004,2
6005,2
6006,2
6007,2
6008,2
6009,2
6010,2
6011,2
6012,2
6013,2
6014,2
6015,2
6016,2
6017,2
6018,2
6019,2
6020,2
6021,2
6022,2
6023,2
6024,2
6025,2
6026,2
6027,2
6028,2
6029,2
6030,2
6031,2
6032,2
6033,2
6034,2
6035,2
6036,2
6037,2
6038,2
6039,2
6040,2
6041,2
6042,2
6043,2
6044,2
6045,2
6046,2
6047,2
6048,2
6049,2
6050,2
6051,2
6052,2
6053,2
6054,2
6055,2
6056,2
6057,2
6058,2
6059,2
6060,2
6061,2
6062,2
6063,2
6064,2
6065,2
6066,2
6067,2
6068,2
6069,2
6070,2
6071,2
6072,2
6073,2
6074,2
6075,2
6076,2
6077,2
6078,2
6079,2
6080,2
6081,2
6082,2
6083,2
6084,2
6085,2
6086,2
6087,2
6088,2
6089,2
6090,2
6091,2
6092,2
6093,2
6094,2
6095,2
6096,2
6097,2
6098,2
6099,2
6100,2
6101,2
6102,2
6103,2
6104,2
6105,2
6106,2
6107,2
6108,2
6109,2
6110,2
6111,2
6112,2
6113,2
6114,2
6115,2
6116,2
6117,2
6118,2
6119,2
6120,2
6121,2
6122,2
6123,2
6124,2
6125,2
6126,2
6127,2
6128,2
6129,2
6130,2
6131,2
6132,2
6133,2
6134,2
6135,2
6136,2
6137,2
6138,2
6139,2
6140,2
6141,2
6142,2
6143,2
6144,2
6145,2
6146,2
6147,2
6148,2
6149,2
6150,2
6151,2
6152,2
6153,2
6154,2
6155,2
6156,2
6157,2
6158,2
6159,2
6160,2
6161,2
6162,2
6163,2
6164,2
6165,2
6166,2
6167,2
6168,2
6169,2
6170,2
6171,2
6172,2
6173,2
6174,2
6175,2
6176,2
6177,2
6178,2
6179,2
6180,2
6181,2
6182,2
6183,2
6184,2
6185,2
6186,2
6187,2
6188,2
6189,2
6190,2
6191,2
6192,2
6193,2
6194,2
6195,2
6196,2
6197,2
6198,2
6199,2
6200,2
6201,2
6202,2
6203,2
6204,2
6205,2
6206,2
6207,2
6208,2
6209,2
6210,2
6211,2
6212,2
6213,2
6214,2
6215,2
6216,2
6217,2
6218,2
6219,2
6220,2
6221,2
6222,2
6223,2
6224,2
6225,2
6226,2
6227,2
6228,2
6229,2
6230,2
6231,2
6232,2
6233,2
6234,2
6235,2
6236,2
6237,2
6238,2
6239,2
6240,2
6241,2
6242,2
6243,2
6244,2
6245,2
6246,2
6247,2
6248,2
6249,2
6250,2
6251,2
6252,2
6253,2
6254,2
6255,2
6256,2
6257,2
6258,2
6259,2
6260,2
6261,2
6262,2
6263,2
6264,2
6265,2
6266,2
6267,2
6268,2
6269,2
6270,2
6271,2
6272,2
6273,2
6274,2
6275,2
6276,2
6277,2
6278,2
6279,2
6280,2
6281,2
6282,2
6283,2
6284,2
6285,2
6286,2
6287,2
6288,2
6289,2
6290,2
6291,2
6292,2
6293,2
6294,2
6295,2
6296,2
6297,2
6298,2
6299,2
6300,2
6301,2
6302,2
6303,2
6304,2
6305,2
6306,2
6307,2
6308,2
6309,2
6310,2
6311,2
6312,2
6313,2
6314,2
6315,2
6316,2
6317,2
6318,2
6319,2
6320,2
6321,2
6322,2
6323,2
6324,2
6325,2
6326,2
6327,2
6328,2
6329,2
6330,2
6331,2
6332,2
6333,2
6334,2
6335,2
6336,2
6337,2
6338,2
6339,2
6340,2
6341,2
6342,2
6343,2
6344,2
6345,2
6346,2
6347,2
6348,2
6349,2
6350,2
6351,2
6352,2
6353,2
6354,2
6355,2
6356,2
6357,2
6358,2
6359,2
6360,2
6361,2
6362,2
6363,2
6364,2
6365,2
6366,2
6367,2
6368,2
6369,2
6370,2
6371,2
6372,2
6373,2
6374,2
6375,2
6376,2
6377,2
6378,2
6379,2
6380,2
6381,2
6382,2
6383,2
6384,2
6385,2
6386,2
6387,2
6388,2
6389,2
6390,2
6391,2
6392,2
6393,2
6394,2
6395,2
6396,2
6397,2
6398,2
6399,2
6400,2
6401,2
6402,2
6403,2
6404,2
6405,2
6406,2
6407,2
6408,2
6409,2
6410,2
6411,2
6412,2
6413,2
6414,2
6415,2
6416,2
6417,2
6418,2
6419,2
6420,2
6421,2
6422,2
6423,2
6424,2
6425,2
6426,2
6427,2
6428,2
6429,2
6430,2
6431,2
6432,2
6433,2
6434,2
6435,2
6436,2
6437,2
6438,2
6439,2
6440,2
6441,2
6442,2
6443,2
6444,2
6445,2
6446,2
6447,2
6448,2
6449,2
6450,2
6451,2
6452,2
6453,2
6454,2
6455,2
6456,2
6457,2
6458,2
6459,2
6460,2
6461,2
6462,2
6463,2
6464,2
6465,2
6466,2
6467,2
6468,2
6469,2
6470,2
6471,2
6472,2
6473,2
6474,2
6475,2
6476,2
6477,2
6478,2
6479,2
6480,2
6481,2
6482,2
6483,2
6484,2
6485,2
6486,2
6487,2
6488,2
6489,2
6490,2
6491,2
6492,2
6493,2
6494,2
6495,2
6496,2
6497,2
6498,2
6499,2
6500,2
6501,2
6502,2
6503,2
6504,2
6505,2
6506,2
6507,2
6508,2
6509,2
6510,2
6511,2
6512,2
6513,2
6514,2
6515,2
6516,2
6517,2
6518,2
6519,2
6520,2
6521,2
6522,2
6523,2
6524,2
6525,2
6526,2
6527,2
6528,2
6529,2
6530,2
6531,2
6532,2
6533,2
6534,2
6535,2
6536,2
6537,2
6538,2
6539,2
6540,2
6541,2
6542,2
6543,2
6544,2
6545,2
6546,2
6547,2
6548,2
6549,2
6550,2
6551,2
6552,2
6553,2
6554,2
6555,2
6556,2
6557,2
6558,2
6559,2
6560,2
6561,2
6562,2
6563,2
6564,2
6565,2
6566,2
6567,2
6568,2
6569,2
6570,2
6571,2
6572,2
6573,2
6574,2
6575,2
6576,2
6577,2
6578,2
6579,2
6580,2
6581,2
6582,2
6583,2
6584,2
6585,2
6586,2
6587,2
6588,2
6589,2
6590,2
6591,2
6592,2
6593,2
6594,2
6595,2
6596,2
6597,2
6598,2
6599,2
6600,2
6601,2
6602,2
6603,2
6604,2
6605,2
6606,2
6607,2
6608,2
6609,2
6610,2
6611,2
6612,2
6613,2
6614,2
6615,2
6616,2
6617,2
6618,2
6619,2
6620,2
6621,2
6622,2
6623,2
6624,2
6625,2
6626,2
6627,2
6628,2
6629,2
6630,2
6631,2
6632,2
6633,2
6634,2
6635,2
6636,2
6637,2
6638,2
6639,2
6640,2
6641,2
6642,2
6643,2
6644,2
6645,2
6646,2
6647,2
6648,2
6649,2
6650,2
6651,2
6652,2
6653,2
6654,2
6655,2
6656,2
6657,2
6658,2
6659,2
6660,2
6661,2
6662,2
6663,2
6664,2
6665,2
6666,2
6667,2
6668,2
6669,2
6670,2
6671,2
6672,2
6673,2
6674,2
6675,2
6676,2
6677,2
6678,2
6679,2
6680,2
6681,2
6682,2
6683,2
6684,2
6685,2
6686,2
6687,2
6688,2
6689,2
6690,2
6691,2
6692,2
6693,2
6694,2
6695,2
6696,2
6697,2
6698,2
6699,2
6700,2
6701,2
6702,2
6703,2
6704,2
6705,2
6706,2
6707,2
6708,2
6709,2
6710,2
6711,2
6712,2
6713,2
6714,2
6715,2
6716,2
6717,2
6718,2
6719,2
6720,2
6721,2
6722,2
6723,2
6724,2
6725,2
6726,2
6727,2
6728,2
6729,2
6730,2
6731,2
6732,2
6733,2
6734,2
6735,2
6736,2
6737,2
6738,2
6739,2
6740,2
6741,2
6742,2
6743,2
6744,2
6745,2
6746,2
6747,2
6748,2
6749,2
6750,2
6751,2
6752,2
6753,2
6754,2
6755,2
6756,2
6757,2
6758,2
6759,2
6760,2
6761,2
6762,2
6763,2
6764,2
6765,2
6766,2
6767,2
6768,2
6769,2
6770,2
6771,2
6772,2
6773,2
6774,2
6775,2
6776,2
6777,2
6778,2
6779,2
6780,2
6781,2
6782,2
6783,2
6784,2
6785,2
6786,2
6787,2
6788,2
6789,2
6790,2
6791,2
6792,2
6793,2
6794,2
6795,2
6796,2
6797,2
6798,2
6799,2
6800,2
6801,2
6802,2
6803,2
6804,2
6805,2
6806,2
6807,2
6808,2
6809,2
6810,2
6811,2
6812,2
6813,2
6814,2
6815,2
6816,2
6817,2
6818,2
6819,2
6820,2
6821,2
6822,2
6823,2
6824,2
6825,2
6826,2
6827,2
6828,2
6829,2
6830,2
6831,2
6832,2
6833,2
6834,2
6835,2
6836,2
6837,2
6838,2
6839,2
6840,2
6841,2
6842,2
6843,2
6844,2
6845,2
6846,2
6847,2
6848,2
6849,2
6850,2
6851,2
6852,2
6853,2
6854,2
6855,2
6856,2
6857,2
6858,2
6859,2
6860,2
6861,2
6862,2
6863,2
6864,2
6865,2
6866,2
6867,2
6868,2
6869,2
6870,2
6871,2
6872,2
6873,2
6874,2
6875,2
6876,2
6877,2
6878,2
6879,2
6880,2
6881,2
6882,2
6883,2
6884,2
6885,2
6886,2
6887,2
6888,2
6889,2
6890,2
6891,2
6892,2
6893,2
6894,2
6895,2
6896,2
6897,2
6898,2
6899,2
6900,2
6901,2
6902,2
6903,2
6904,2
6905,2
6906,2
6907,2
6908,2
6909,2
6910,2
6911,2
6912,2
6913,2
6914,2
6915,2
6916,2
6917,2
6918,2
6919,2
6920,2
6921,2
6922,2
6923,2
6924,2
6925,2
6926,2
6927,2
6928,2
6929,2
6930,2
6931,2
6932,2
6933,2
6934,2
6935,2
6936,2
6937,2
6938,2
6939,2
6940,2
6941,2
6942,2
6943,2
6944,2
6945,2
6946,2
6947,2
6948,2
6949,2
6950,2
6951,2
6952,2
6953,2
6954,2
6955,2
6956,2
6957,2
6958,2
6959,2
6960,2
6961,2
6962,2
6963,2
6964,2
6965,2
6966,2
6967,2
6968,2
6969,2
6970,2
6971,2
6972,2
6973,2
6974,2
6975,2
6976,2
6977,2
6978,2
6979,2
6980,2
6981,2
6982,2
6983,2
6984,2
6985,2
6986,2
6987,2
6988,2
6989,2
6990,2
6991,2
6992,2
6993,2
6994,2
6995,2
6996,2
6997,2
6998,2
6999,2
7000,2
7001,2
7002,2
7003,2
7004,2
7005,2
7006,2
7007,2
7008,2
7009,2
7010,2
7011,2
7012,2
7013,2
7014,2
7015,2
7016,2
7017,2
7018,2
7019,2
7020,2
7021,2
7022,2
7023,2
7024,2
7025,2
7026,2
7027,2
7028,2
7029,2
7030,2
7031,2
7032,2
7033,2
7034,2
7035,2
7036,2
7037,2
7038,2
7039,2
7040,2
7041,2
7042,2
7043,2
7044,2
7045,2
7046,2
7047,2
7048,2
7049,2
7050,2
7051,2
7052,2
7053,2
7054,2
7055,2
7056,2
7057,2
7058,2
7059,2
7060,2
7061,2
7062,2
7063,2
7064,2
7065,2
7066,2
7067,2
7068,2
7069,2
7070,2
7071,2
7072,2
7073,2
7074,2
7075,2
7076,2
7077,2
7078,2
7079,2
7080,2
7081,2
7082,2
7083,2
7084,2
7085,2
7086,2
7087,2
7088,2
7089,2
7090,2
7091,2
7092,2
7093,2
7094,2
7095,2
7096,2
7097,2
7098,2
7099,2
7100,2
7101,2
7102,2
7103,2
7104,2
7105,2
7106,2
7107,2
7108,2
7109,2
7110,2
7111,2
7112,2
7113,2
7114,2
7115,2
7116,2
7117,2
7118,2
7119,2
7120,2
7121,2
7122,2
7123,2
7124,2
7125,2
7126,2
7127,2
7128,2
7129,2
7130,2
7131,2
7132,2
7133,2
7134,2
7135,2
7136,2
7137,2
7138,2
7139,2
7140,2
7141,2
7142,2
7143,2
7144,2
7145,2
7146,2
7147,2
7148,2
7149,2
7150,2
7151,2
7152,2
7153,2
7154,2
7155,2
7156,2
7157,2
7158,2
7159,2
7160,2
7161,2
7162,2
7163,2
7164,2
7165,2
7166,2
7167,2
7168,2
7169,2
7170,2
7171,2
7172,2
7173,2
7174,2
7175,2
7176,2
7177,2
7178,2
7179,2
7180,2
7181,2
7182,2
7183,2
7184,2
7185,2
7186,2
7187,2
7188,2
7189,2
7190,2
7191,2
7192,2
7193,2
7194,2
7195,2
7196,2
7197,2
7198,2
7199,2
7200,2
7201,2
7202,2
7203,2
7204,2
7205,2
7206,2
7207,2
7208,2
7209,2
7210,2
7211,2
7212,2
7213,2
7214,2
7215,2
7216,2
7217,2
7218,2
7219,2
7220,2
7221,2
7222,2
7223,2
7224,2
7225,2
7226,2
7227,2
7228,2
7229,2
7230,2
7231,2
7232,2
7233,2
7234,2
7235,2
7236,2
7237,2
7238,2
7239,2
7240,2
7241,2
7242,2
7243,2
7244,2
7245,2
7246,2
7247,2
7248,2
7249,2
7250,2
7251,2
7252,2
7253,2
7254,2
7255,2
7256,2
7257,2
7258,2
7259,2
7260,2
7261,2
7262,2
7263,2
7264,2
7265,2
7266,2
7267,2
7268,2
7269,2
7270,2
7271,2
7272,2
7273,2
7274,2
7275,2
7276,2
7277,2
7278,2
7279,2
7280,2
7281,2
7282,2
7283,2
7284,2
7285,2
7286,2
7287,2
7288,2
7289,2
7290,2
7291,2
7292,2
7293,2
7294,2
7295,2
7296,2
7297,2
7298,2
7299,2
7300,2
7301,2
7302,2
7303,2
7304,2
7305,2
7306,2
7307,2
7308,2
7309,2
7310,2
7311,2
7312,2
7313,2
7314,2
7315,2
7316,2
7317,2
7318,2
7319,2
7320,2
7321,2
7322,2
7323,2
7324,2
7325,2
7326,2
7327,2
7328,2
7329,2
7330,2
7331,2
7332,2
7333,2
7334,2
7335,2
7336,2
7337,2
7338,2
7339,2
7340,2
7341,2
7342,2
7343,2
7344,2
7345,2
7346,2
7347,2
7348,2
7349,2
7350,2
7351,2
7352,2
7353,2
7354,2
7355,2
7356,2
7357,2
7358,2
7359,2
7360,2
7361,2
7362,2
7363,2
7364,2
7365,2
7366,2
7367,2
7368,2
7369,2
7370,2
7371,2
7372,2
7373,2
7374,2
7375,2
7376,2
7377,2
7378,2
7379,2
7380,2
7381,2
7382,2
7383,2
7384,2
7385,2
7386,2
7387,2
7388,2
7389,2
7390,2
7391,2
7392,2
7393,2
7394,2
7395,2
7396,2
7397,2
7398,2
7399,2
7400,2
7401,2
7402,2
7403,2
7404,2
7405,2
7406,2
7407,2
7408,2
7409,2
7410,2
7411,2
7412,2
7413,2
7414,2
7415,2
7416,2
7417,2
7418,2
7419,2
7420,2
7421,2
7422,2
7423,2
7424,2
7425,2
7426,2
7427,2
7428,2
7429,2
7430,2
7431,2
7432,2
7433,2
7434,2
7435,2
7436,2
7437,2
7438,2
7439,2
7440,2
7441,2
7442,2
7443,2
7444,2
7445,2
7446,2
7447,2
7448,2
7449,2
7450,2
7451,2
7452,2
7453,2
7454,2
7455,2
7456,2
7457,2
7458,2
7459,2
7460,2
7461,2
7462,2
7463,2
7464,2
7465,2
7466,2
7467,2
7468,2
7469,2
7470,2
7471,2
7472,2
7473,2
7474,2
7475,2
7476,2
7477,2
7478,2
7479,2
7480,2
7481,2
7482,2
7483,2
7484,2
7485,2
7486,2
7487,2
7488,2
7489,2
7490,2
7491,2
7492,2
7493,2
7494,2
7495,2
7496,2
7497,2
7498,2
7499,2
7500,2
7501,2
7502,2
7503,2
7504,2
7505,2
7506,2
7507,2
7508,2
7509,2
7510,2
7511,2
7512,2
7513,2
7514,2
7515,2
7516,2
7517,2
7518,2
7519,2
7520,2
7521,2
7522,2
7523,2
7524,2
7525,2
7526,2
7527,2
7528,2
7529,2
7530,2
7531,2
7532,2
7533,2
7534,2
7535,2
7536,2
7537,2
7538,2
7539,2
7540,2
7541,2
7542,2
7543,2
7544,2
7545,2
7546,2
7547,2
7548,2
7549,2
7550,2
7551,2
7552,2
7553,2
7554,2
7555,2
7556,2
7557,2
7558,2
7559,2
7560,2
7561,2
7562,2
7563,2
7564,2
7565,2
7566,2
7567,2
7568,2
7569,2
7570,2
7571,2
7572,2
7573,2
7574,2
7575,2
7576,2
7577,2
7578,2
7579,2
7580,2
7581,2
7582,2
7583,2
7584,2
7585,2
7586,2
7587,2
7588,2
7589,2
7590,2
7591,2
7592,2
7593,2
7594,2
7595,2
7596,2
7597,2
7598,2
7599,2
7600,2
7601,2
7602,2
7603,2
7604,2
7605,2
7606,2
7607,2
7608,2
7609,2
7610,2
7611,2
7612,2
7613,2
7614,2
7615,2
7616,2
7617,2
7618,2
7619,2
7620,2
7621,2
7622,2
7623,2
7624,2
7625,2
7626,2
7627,2
7628,2
7629,2
7630,2
7631,2
7632,2
7633,2
7634,2
7635,2
7636,2
7637,2
7638,2
7639,2
7640,2
7641,2
7642,2
7643,2
7644,2
7645,2
7646,2
7647,2
7648,2
7649,2
7650,2
7651,2
7652,2
7653,2
7654,2
7655,2
7656,2
7657,2
7658,2
7659,2
7660,2
7661,2
7662,2
7663,2
7664,2
7665,2
7666,2
7667,2
7668,2
7669,2
7670,2
7671,2
7672,2
7673,2
7674,2
7675,2
7676,2
7677,2
7678,2
7679,2
7680,2
7681,2
7682,2
7683,2
7684,2
7685,2
7686,2
7687,2
7688,2
7689,2
7690,2
7691,2
7692,2
7693,2
7694,2
7695,2
7696,2
7697,2
7698,2
7699,2
7700,2
7701,2
7702,2
7703,2
7704,2
7705,2
7706,2
7707,2
7708,2
7709,2
7710,2
7711,2
7712,2
7713,2
7714,2
7715,2
7716,2
7717,2
7718,2
7719,2
7720,2
7721,2
7722,2
7723,2
7724,2
7725,2
7726,2
7727,2
7728,2
7729,2
7730,2
7731,2
7732,2
7733,2
7734,2
7735,2
7736,2
7737,2
7738,2
7739,2
7740,2
7741,2
7742,2
7743,2
7744,2
7745,2
7746,2
7747,2
7748,2
7749,2
7750,2
7751,2
7752,2
7753,2
7754,2
7755,2
7756,2
7757,2
7758,2
7759,2
7760,2
7761,2
7762,2
7763,2
7764,2
7765,2
7766,2
7767,2
7768,2
7769,2
7770,2
7771,2
7772,2
7773,2
7774,2
7775,2
7776,2
7777,2
7778,2
7779,2
7780,2
7781,2
7782,2
7783,2
7784,2
7785,2
7786,2
7787,2
7788,2
7789,2
7790,2
7791,2
7792,2
7793,2
7794,2
7795,2
7796,2
7797,2
7798,2
7799,2
7800,2
7801,2
7802,2
7803,2
7804,2
7805,2
7806,2
7807,2
7808,2
7809,2
7810,2
7811,2
7812,2
7813,2
7814,2
7815,2
7816,2
7817,2
7818,2
7819,2
7820,2
7821,2
7822,2
7823,2
7824,2
7825,2
7826,2
7827,2
7828,2
7829,2
7830,2
7831,2
7832,2
7833,2
7834,2
7835,2
7836,2
7837,2
7838,2
7839,2
7840,2
7841,2
7842,2
7843,2
7844,2
7845,2
7846,2
7847,2
7848,2
7849,2
7850,2
7851,2
7852,2
7853,2
7854,2
7855,2
7856,2
7857,2
7858,2
7859,2
7860,2
7861,2
7862,2
7863,2
7864,2
7865,2
7866,2
7867,2
7868,2
7869,2
7870,2
7871,2
7872,2
7873,2
7874,2
7875,2
7876,2
7877,2
7878,2
7879,2
7880,2
7881,2
7882,2
7883,2
7884,2
7885,2
7886,2
7887,2
7888,2
7889,2
7890,2
7891,2
7892,2
7893,2
7894,2
7895,2
7896,2
7897,2
7898,2
7899,2
7900,2
7901,2
7902,2
7903,2
7904,2
7905,2
7906,2
7907,2
7908,2
7909,2
7910,2
7911,2
7912,2
7913,2
7914,2
7915,2
7916,2
7917,2
7918,2
7919,2
7920,2
7921,2
7922,2
7923,2
7924,2
7925,2
7926,2
7927,2
7928,2
7929,2
7930,2
7931,2
7932,2
7933,2
7934,2
7935,2
7936,2
7937,2
7938,2
7939,2
7940,2
7941,2
7942,2
7943,2
7944,2
7945,2
7946,2
7947,2
7948,2
7949,2
7950,2
7951,2
7952,2
7953,2
7954,2
7955,2
7956,2
7957,2
7958,2
7959,2
7960,2
7961,2
7962,2
7963,2
7964,2
7965,2
7966,2
7967,2
7968,2
7969,2
7970,2
7971,2
7972,2
7973,2
7974,2
7975,2
7976,2
7977,2
7978,2
7979,2
7980,2
7981,2
7982,2
7983,2
7984,2
7985,2
7986,2
7987,2
7988,2
7989,2
7990,2
7991,2
7992,2
7993,2
7994,2
7995,2
7996,2
7997,2
7998,2
7999,2
8000,2
8001,2
8002,2
8003,2
8004,2
8005,2
8006,2
8007,2
8008,2
8009,2
8010,2
8011,2
8012,2
8013,2
8014,2
8015,2
8016,2
8017,2
8018,2
8019,2
8020,2
8021,2
8022,2
8023,2
8024,2
8025,2
8026,2
8027,2
8028,2
8029,2
8030,2
8031,2
8032,2
8033,2
8034,2
8035,2
8036,2
8037,2
8038,2
8039,2
8040,2
8041,2
8042,2
8043,2
8044,2
8045,2
8046,2
8047,2
8048,2
8049,2
8050,2
8051,2
8052,2
8053,2
8054,2
8055,2
8056,2
8057,2
8058,2
8059,2
8060,2
8061,2
8062,2
8063,2
8064,2
8065,2
8066,2
8067,2
8068,2
8069,2
8070,2
8071,2
8072,2
8073,2
8074,2
8075,2
8076,2
8077,2
8078,2
8079,2
8080,2
8081,2
8082,2
8083,2
8084,2
8085,2
8086,2
8087,2
8088,2
8089,2
8090,2
8091,2
8092,2
8093,2
8094,2
8095,2
8096,2
8097,2
8098,2
8099,2
8100,2
8101,2
8102,2
8103,2
8104,2
8105,2
8106,2
8107,2
8108,2
8109,2
8110,2
8111,2
8112,2
8113,2
8114,2
8115,2
8116,2
8117,2
8118,2
8119,2
8120,2
8121,2
8122,2
8123,2
8124,2
8125,2
8126,2
8127,2
8128,2
8129,2
8130,2
8131,2
8132,2
8133,2
8134,2
8135,2
8136,2
8137,2
8138,2
8139,2
8140,2
8141,2
8142,2
8143,2
8144,2
8145,2
8146,2
8147,2
8148,2
8149,2
8150,2
8151,2
8152,2
8153,2
8154,2
8155,2
8156,2
8157,2
8158,2
8159,2
8160,2
8161,2
8162,2
8163,2
8164,2
8165,2
8166,2
8167,2
8168,2
8169,2
8170,2
8171,2
8172,2
8173,2
8174,2
8175,2
8176,2
8177,2
8178,2
8179,2
8180,2
8181,2
8182,2
8183,2
8184,2
8185,2
8186,2
8187,2
8188,2
8189,2
8190,2
8191,2
8192,2
8193,2
8194,2
8195,2
8196,2
8197,2
8198,2
8199,2
8200,2
8201,2
8202,2
8203,2
8204,2
8205,2
8206,2
8207,2
8208,2
8209,2
8210,2
8211,2
8212,2
8213,2
8214,2
8215,2
8216,2
8217,2
8218,2
8219,2
8220,2
8221,2
8222,2
8223,2
8224,2
8225,2
8226,2
8227,2
8228,2
8229,2
8230,2
8231,2
8232,2
8233,2
8234,2
8235,2
8236,2
8237,2
8238,2
8239,2
8240,2
8241,2
8242,2
8243,2
8244,2
8245,2
8246,2
8247,2
8248,2
8249,2
8250,2
8251,2
8252,2
8253,2
8254,2
8255,2
8256,2
8257,2
8258,2
8259,2
8260,2
8261,2
8262,2
8263,2
8264,2
8265,2
8266,2
8267,2
8268,2
8269,2
8270,2
8271,2
8272,2
8273,2
8274,2
8275,2
8276,2
8277,2
8278,2
8279,2
8280,2
8281,2
8282,2
8283,2
8284,2
8285,2
8286,2
8287,2
8288,2
8289,2
8290,2
8291,2
8292,2
8293,2
8294,2
8295,2
8296,2
8297,2
8298,2
8299,2
8300,2
8301,2
8302,2
8303,2
8304,2
8305,2
8306,2
8307,2
8308,2
8309,2
8310,2
8311,2
8312,2
8313,2
8314,2
8315,2
8316,2
8317,2
8318,2
8319,2
8320,2
8321,2
8322,2
8323,2
8324,2
8325,2
8326,2
8327,2
8328,2
8329,2
8330,2
8331,2
8332,2
8333,2
8334,2
8335,2
8336,2
8337,2
8338,2
8339,2
8340,2
8341,2
8342,2
8343,2
8344,2
8345,2
8346,2
8347,2
8348,2
8349,2
8350,2
8351,2
8352,2
8353,2
8354,2
8355,2
8356,2
8357,2
8358,2
8359,2
8360,2
8361,2
8362,2
8363,2
8364,2
8365,2
8366,2
8367,2
8368,2
8369,2
8370,2
8371,2
8372,2
8373,2
8374,2
8375,2
8376,2
8377,2
8378,2
8379,2
8380,2
8381,2
8382,2
8383,2
8384,2
8385,2
8386,2
8387,2
8388,2
8389,2
8390,2
8391,2
8392,2
8393,2
8394,2
8395,2
8396,2
8397,2
8398,2
8399,2
8400,2
8401,2
8402,2
8403,2
8404,2
8405,2
8406,2
8407,2
8408,2
8409,2
8410,2
8411,2
8412,2
8413,2
8414,2
8415,2
8416,2
8417,2
8418,2
8419,2
8420,2
8421,2
8422,2
8423,2
8424,2
8425,2
8426,2
8427,2
8428,2
8429,2
8430,2
8431,2
8432,2
8433,2
8434,2
8435,2
8436,2
8437,2
8438,2
8439,2
8440,2
8441,2
8442,2
8443,2
8444,2
8445,2
8446,2
8447,2
8448,2
8449,2
8450,2
8451,2
8452,2
8453,2
8454,2
8455,2
8456,2
8457,2
8458,2
8459,2
8460,2
8461,2
8462,2
8463,2
8464,2
8465,2
8466,2
8467,2
8468,2
8469,2
8470,2
8471,2
8472,2
8473,2
8474,2
8475,2
8476,2
8477,2
8478,2
8479,2
8480,2
8481,2
8482,2
8483,2
8484,2
8485,2
8486,2
8487,2
8488,2
8489,2
8490,2
8491,2
8492,2
8493,2
8494,2
8495,2
8496,2
8497,2
8498,2
8499,2
8500,2
8501,2
8502,2
8503,2
8504,2
8505,2
8506,2
8507,2
8508,2
8509,2
8510,2
8511,2
8512,2
8513,2
8514,2
8515,2
8516,2
8517,2
8518,2
8519,2
8520,2
8521,2
8522,2
8523,2
8524,2
8525,2
8526,2
8527,2
8528,2
8529,2
8530,2
8531,2
8532,2
8533,2
8534,2
8535,2
8536,2
8537,2
8538,2
8539,2
8540,2
8541,2
8542,2
8543,2
8544,2
8545,2
8546,2
8547,2
8548,2
8549,2
8550,2
8551,2
8552,2
8553,2
8554,2
8555,2
8556,2
8557,2
8558,2
8559,2
8560,2
8561,2
8562,2
8563,2
8564,2
8565,2
8566,2
8567,2
8568,2
8569,2
8570,2
8571,2
8572,2
8573,2
8574,2
8575,2
8576,2
8577,2
8578,2
8579,2
8580,2
8581,2
8582,2
8583,2
8584,2
8585,2
8586,2
8587,2
8588,2
8589,2
8590,2
8591,2
8592,2
8593,2
8594,2
8595,2
8596,2
8597,2
8598,2
8599,2
8600,2
8601,2
8602,2
8603,2
8604,2
8605,2
8606,2
8607,2
8608,2
8609,2
8610,2
8611,2
8612,2
8613,2
8614,2
8615,2
8616,2
8617,2
8618,2
8619,2
8620,2
8621,2
8622,2
8623,2
8624,2
8625,2
8626,2
8627,2
8628,2
8629,2
8630,2
8631,2
8632,2
8633,2
8634,2
8635,2
8636,2
8637,2
8638,2
8639,2
8640,2
8641,2
8642,2
8643,2
8644,2
8645,2
8646,2
8647,2
8648,2
8649,2
8650,2
8651,2
8652,2
8653,2
8654,2
8655,2
8656,2
8657,2
8658,2
8659,2
8660,2
8661,2
8662,2
8663,2
8664,2
8665,2
8666,2
8667,2
8668,2
8669,2
8670,2
8671,2
8672,2
8673,2
8674,2
8675,2
8676,2
8677,2
8678,2
8679,2
8680,2
8681,2
8682,2
8683,2
8684,2
8685,2
8686,2
8687,2
8688,2
8689,2
8690,2
8691,2
8692,2
8693,2
8694,2
8695,2
8696,2
8697,2
8698,2
8699,2
8700,2
8701,2
8702,2
8703,2
8704,2
8705,2
8706,2
8707,2
8708,2
8709,2
8710,2
8711,2
8712,2
8713,2
8714,2
8715,2
8716,2
8717,2
8718,2
8719,2
8720,2
8721,2
8722,2
8723,2
8724,2
8725,2
8726,2
8727,2
8728,2
8729,2
8730,2
8731,2
8732,2
8733,2
8734,2
8735,2
8736,2
8737,2
8738,2
8739,2
8740,2
8741,2
8742,2
8743,2
8744,2
8745,2
8746,2
8747,2
8748,2
8749,2
8750,2
8751,2
8752,2
8753,2
8754,2
8755,2
8756,2
8757,2
8758,2
8759,2
8760,2
8761,2
8762,2
8763,2
8764,2
8765,2
8766,2
8767,2
8768,2
8769,2
8770,2
8771,2
8772,2
8773,2
8774,2
8775,2
8776,2
8777,2
8778,2
8779,2
8780,2
8781,2
8782,2
8783,2
8784,2
8785,2
8786,2
8787,2
8788,2
8789,2
8790,2
8791,2
8792,2
8793,2
8794,2
8795,2
8796,2
8797,2
8798,2
8799,2
8800,2
8801,2
8802,2
8803,2
8804,2
8805,2
8806,2
8807,2
8808,2
8809,2
8810,2
8811,2
8812,2
8813,2
8814,2
8815,2
8816,2
8817,2
8818,2
8819,2
8820,2
8821,2
8822,2
8823,2
8824,2
8825,2
8826,2
8827,2
8828,2
8829,2
8830,2
8831,2
8832,2
8833,2
8834,2
8835,2
8836,2
8837,2
8838,2
8839,2
8840,2
8841,2
8842,2
8843,2
8844,2
8845,2
8846,2
8847,2
8848,2
8849,2
8850,2
8851,2
8852,2
8853,2
8854,2
8855,2
8856,2
8857,2
8858,2
8859,2
8860,2
8861,2
8862,2
8863,2
8864,2
8865,2
8866,2
8867,2
8868,2
8869,2
8870,2
8871,2
8872,2
8873,2
8874,2
8875,2
8876,2
8877,2
8878,2
8879,2
8880,2
8881,2
8882,2
8883,2
8884,2
8885,2
8886,2
8887,2
8888,2
8889,2
8890,2
8891,2
8892,2
8893,2
8894,2
8895,2
8896,2
8897,2
8898,2
8899,2
8900,2
8901,2
8902,2
8903,2
8904,2
8905,2
8906,2
8907,2
8908,2
8909,2
8910,2
8911,2
8912,2
8913,2
8914,2
8915,2
8916,2
8917,2
8918,2
8919,2
8920,2
8921,2
8922,2
8923,2
8924,2
8925,2
8926,2
8927,2
8928,2
8929,2
8930,2
8931,2
8932,2
8933,2
8934,2
8935,2
8936,2
8937,2
8938,2
8939,2
8940,2
8941,2
8942,2
8943,2
8944,2
8945,2
8946,2
8947,2
8948,2
8949,2
8950,2
8951,2
8952,2
8953,2
8954,2
8955,2
8956,2
8957,2
8958,2
8959,2
8960,2
8961,2
8962,2
8963,2
8964,2
8965,2
8966,2
8967,2
8968,2
8969,2
8970,2
8971,2
8972,2
8973,2
8974,2
8975,2
8976,2
8977,2
8978,2
8979,2
8980,2
8981,2
8982,2
8983,2
8984,2
8985,2
8986,2
8987,2
8988,2
8989,2
8990,2
8991,2
8992,2
8993,2
8994,2
8995,2
8996,2
8997,2
8998,2
8999,2
9000,2
9001,2
9002,2
9003,2
9004,2
9005,2
9006,2
9007,2
9008,2
9009,2
9010,2
9011,2
9012,2
9013,2
9014,2
9015,2
9016,2
9017,2
9018,2
9019,2
9020,2
9021,2
9022,2
9023,2
9024,2
9025,2
9026,2
9027,2
9028,2
9029,2
9030,2
9031,2
9032,2
9033,2
9034,2
9035,2
9036,2
9037,2
9038,2
9039,2
9040,2
9041,2
9042,2
9043,2
9044,2
9045,2
9046,2
9047,2
9048,2
9049,2
9050,2
9051,2
9052,2
9053,2
9054,2
9055,2
9056,2
9057,2
9058,2
9059,2
9060,2
9061,2
9062,2
9063,2
9064,2
9065,2
9066,2
9067,2
9068,2
9069,2
9070,2
9071,2
9072,2
9073,2
9074,2
9075,2
9076,2
9077,2
9078,2
9079,2
9080,2
9081,2
9082,2
9083,2
9084,2
9085,2
9086,2
9087,2
9088,2
9089,2
9090,2
9091,2
9092,2
9093,2
9094,2
9095,2
9096,2
9097,2
9098,2
9099,2
9100,2
9101,2
9102,2
9103,2
9104,2
9105,2
9106,2
9107,2
9108,2
9109,2
9110,2
9111,2
9112,2
9113,2
9114,2
9115,2
9116,2
9117,2
9118,2
9119,2
9120,2
9121,2
9122,2
9123,2
9124,2
9125,2
9126,2
9127,2
9128,2
9129,2
9130,2
9131,2
9132,2
9133,2
9134,2
9135,2
9136,2
9137,2
9138,2
9139,2
9140,2
9141,2
9142,2
9143,2
9144,2
9145,2
9146,2
9147,2
9148,2
9149,2
9150,2
9151,2
9152,2
9153,2
9154,2
9155,2
9156,2
9157,2
9158,2
9159,2
9160,2
9161,2
9162,2
9163,2
9164,2
9165,2
9166,2
9167,2
9168,2
9169,2
9170,2
9171,2
9172,2
9173,2
9174,2
9175,2
9176,2
9177,2
9178,2
9179,2
9180,2
9181,2
9182,2
9183,2
9184,2
9185,2
9186,2
9187,2
9188,2
9189,2
9190,2
9191,2
9192,2
9193,2
9194,2
9195,2
9196,2
9197,2
9198,2
9199,2
9200,2
9201,2
9202,2
9203,2
9204,2
9205,2
9206,2
9207,2
9208,2
9209,2
9210,2
9211,2
9212,2
9213,2
9214,2
9215,2
9216,2
9217,2
9218,2
9219,2
9220,2
9221,2
9222,2
9223,2
9224,2
9225,2
9226,2
9227,2
9228,2
9229,2
9230,2
9231,2
9232,2
9233,2
9234,2
9235,2
9236,2
9237,2
9238,2
9239,2
9240,2
9241,2
9242,2
9243,2
9244,2
9245,2
9246,2
9247,2
9248,2
9249,2
9250,2
9251,2
9252,2
9253,2
9254,2
9255,2
9256,2
9257,2
9258,2
9259,2
9260,2
9261,2
9262,2
9263,2
9264,2
9265,2
9266,2
9267,2
9268,2
9269,2
9270,2
9271,2
9272,2
9273,2
9274,2
9275,2
9276,2
9277,2
9278,2
9279,2
9280,2
9281,2
9282,2
9283,2
9284,2
9285,2
9286,2
9287,2
9288,2
9289,2
9290,2
9291,2
9292,2
9293,2
9294,2
9295,2
9296,2
9297,2
9298,2
9299,2
9300,2
9301,2
9302,2
9303,2
9304,2
9305,2
9306,2
9307,2
9308,2
9309,2
9310,2
9311,2
9312,2
9313,2
9314,2
9315,2
9316,2
9317,2
9318,2
9319,2
9320,2
9321,2
9322,2
9323,2
9324,2
9325,2
9326,2
9327,2
9328,2
9329,2
9330,2
9331,2
9332,2
9333,2
9334,2
9335,2
9336,2
9337,2
9338,2
9339,2
9340,2
9341,2
9342,2
9343,2
9344,2
9345,2
9346,2
9347,2
9348,2
9349,2
9350,2
9351,2
9352,2
9353,2
9354,2
9355,2
9356,2
9357,2
9358,2
9359,2
9360,2
9361,2
9362,2
9363,2
9364,2
9365,2
9366,2
9367,2
9368,2
9369,2
9370,2
9371,2
9372,2
9373,2
9374,2
9375,2
9376,2
9377,2
9378,2
9379,2
9380,2
9381,2
9382,2
9383,2
9384,2
9385,2
9386,2
9387,2
9388,2
9389,2
9390,2
9391,2
9392,2
9393,2
9394,2
9395,2
9396,2
9397,2
9398,2
9399,2
9400,2
9401,2
9402,2
9403,2
9404,2
9405,2
9406,2
9407,2
9408,2
9409,2
9410,2
9411,2
9412,2
9413,2
9414,2
9415,2
9416,2
9417,2
9418,2
9419,2
9420,2
9421,2
9422,2
9423,2
9424,2
9425,2
9426,2
9427,2
9428,2
9429,2
9430,2
9431,2
9432,2
9433,2
9434,2
9435,2
9436,2
9437,2
9438,2
9439,2
9440,2
9441,2
9442,2
9443,2
9444,2
9445,2
9446,2
9447,2
9448,2
9449,2
9450,2
9451,2
9452,2
9453,2
9454,2
9455,2
9456,2
9457,2
9458,2
9459,2
9460,2
9461,2
9462,2
9463,2
9464,2
9465,2
9466,2
9467,2
9468,2
9469,2
9470,2
9471,2
9472,2
9473,2
9474,2
9475,2
9476,2
9477,2
9478,2
9479,2
9480,2
9481,2
9482,2
9483,2
9484,2
9485,2
9486,2
9487,2
9488,2
9489,2
9490,2
9491,2
9492,2
9493,2
9494,2
9495,2
9496,2
9497,2
9498,2
9499,2
9500,2
9501,2
9502,2
9503,2
9504,2
9505,2
9506,2
9507,2
9508,2
9509,2
9510,2
9511,2
9512,2
9513,2
9514,2
9515,2
9516,2
9517,2
9518,2
9519,2
9520,2
9521,2
9522,2
9523,2
9524,2
9525,2
9526,2
9527,2
9528,2
9529,2
9530,2
9531,2
9532,2
9533,2
9534,2
9535,2
9536,2
9537,2
9538,2
9539,2
9540,2
9541,2
9542,2
9543,2
9544,2
9545,2
9546,2
9547,2
9548,2
9549,2
9550,2
9551,2
9552,2
9553,2
9554,2
9555,2
9556,2
9557,2
9558,2
9559,2
9560,2
9561,2
9562,2
9563,2
9564,2
9565,2
9566,2
9567,2
9568,2
9569,2
9570,2
9571,2
9572,2
9573,2
9574,2
9575,2
9576,2
9577,2
9578,2
9579,2
9580,2
9581,2
9582,2
9583,2
9584,2
9585,2
9586,2
9587,2
9588,2
9589,2
9590,2
9591,2
9592,2
9593,2
9594,2
9595,2
9596,2
9597,2
9598,2
9599,2
9600,2
9601,2
9602,2
9603,2
9604,2
9605,2
9606,2
9607,2
9608,2
9609,2
9610,2
9611,2
9612,2
9613,2
9614,2
9615,2
9616,2
9617,2
9618,2
9619,2
9620,2
9621,2
9622,2
9623,2
9624,2
9625,2
9626,2
9627,2
9628,2
9629,2
9630,2
9631,2
9632,2
9633,2
9634,2
9635,2
9636,2
9637,2
9638,2
9639,2
9640,2
9641,2
9642,2
9643,2
9644,2
9645,2
9646,2
9647,2
9648,2
9649,2
9650,2
9651,2
9652,2
9653,2
9654,2
9655,2
9656,2
9657,2
9658,2
9659,2
9660,2
9661,2
9662,2
9663,2
9664,2
9665,2
9666,2
9667,2
9668,2
9669,2
9670,2
9671,2
9672,2
9673,2
9674,2
9675,2
9676,2
9677,2
9678,2
9679,2
9680,2
9681,2
9682,2
9683,2
9684,2
9685,2
9686,2
9687,2
9688,2
9689,2
9690,2
9691,2
9692,2
9693,2
9694,2
9695,2
9696,2
9697,2
9698,2
9699,2
9700,2
9701,2
9702,2
9703,2
9704,2
9705,2
9706,2
9707,2
9708,2
9709,2
9710,2
9711,2
9712,2
9713,2
9714,2
9715,2
9716,2
9717,2
9718,2
9719,2
9720,2
9721,2
9722,2
9723,2
9724,2
9725,2
9726,2
9727,2
9728,2
9729,2
9730,2
9731,2
9732,2
9733,2
9734,2
9735,2
9736,2
9737,2
9738,2
9739,2
9740,2
9741,2
9742,2
9743,2
9744,2
9745,2
9746,2
9747,2
9748,2
9749,2
9750,2
9751,2
9752,2
9753,2
9754,2
9755,2
9756,2
9757,2
9758,2
9759,2
9760,2
9761,2
9762,2
9763,2
9764,2
9765,2
9766,2
9767,2
9768,2
9769,2
9770,2
9771,2
9772,2
9773,2
9774,2
9775,2
9776,2
9777,2
9778,2
9779,2
9780,2
9781,2
9782,2
9783,2
9784,2
9785,2
9786,2
9787,2
9788,2
9789,2
9790,2
9791,2
9792,2
9793,2
9794,2
9795,2
9796,2
9797,2
9798,2
9799,2
9800,2
9801,2
9802,2
9803,2
9804,2
9805,2
9806,2
9807,2
9808,2
9809,2
9810,2
9811,2
9812,2
9813,2
9814,2
9815,2
9816,2
9817,2
9818,2
9819,2
9820,2
9821,2
9822,2
9823,2
9824,2
9825,2
9826,2
9827,2
9828,2
9829,2
9830,2
9831,2
9832,2
9833,2
9834,2
9835,2
9836,2
9837,2
9838,2
9839,2
9840,2
9841,2
9842,2
9843,2
9844,2
9845,2
9846,2
9847,2
9848,2
9849,2
9850,2
9851,2
9852,2
9853,2
9854,2
9855,2
9856,2
9857,2
9858,2
9859,2
9860,2
9861,2
9862,2
9863,2
9864,2
9865,2
9866,2
9867,2
9868,2
9869,2
9870,2
9871,2
9872,2
9873,2
9874,2
9875,2
9876,2
9877,2
9878,2
9879,2
9880,2
9881,2
9882,2
9883,2
9884,2
9885,2
9886,2
9887,2
9888,2
9889,2
9890,2
9891,2
9892,2
9893,2
9894,2
9895,2
9896,2
9897,2
9898,2
9899,2
9900,2
9901,2
9902,2
9903,2
9904,2
9905,2
9906,2
9907,2
9908,2
9909,2
9910,2
9911,2
9912,2
9913,2
9914,2
9915,2
9916,2
9917,2
9918,2
9919,2
9920,2
9921,2
9922,2
9923,2
9924,2
9925,2
9926,2
9927,2
9928,2
9929,2
9930,2
9931,2
9932,2
9933,2
9934,2
9935,2
9936,2
9937,2
9938,2
9939,2
9940,2
9941,2
9942,2
9943,2
9944,2
9945,2
9946,2
9947,2
9948,2
9949,2
9950,2
9951,2
9952,2
9953,2
9954,2
9955,2
9956,2
9957,2
9958,2
9959,2
9960,2
9961,2
9962,2
9963,2
9964,2
9965,2
9966,2
9967,2
9968,2
9969,2
9970,2
9971,2
9972,2
9973,2
9974,2
9975,2
9976,2
9977,2
9978,2
9979,2
9980,2
9981,2
9982,2
9983,2
9984,2
9985,2
9986,2
9987,2
9988,2
9989,2
9990,2
9991,2
9992,2
9993,2
9994,2
9995,2
9996,2
9997,2
9998,2
9999,2
10000,2
10001,2
10002,2
10003,2
10004,2
10005,2
10006,2
10007,2
10008,2
10009,2
10010,2
10011,2
10012,2
10013,2
10014,2
10015,2
10016,2
10017,2
10018,2
10019,2
10020,2
10021,2
10022,2
10023,2
10024,2
10025,2
10026,2
10027,2
10028,2
10029,2
10030,2
10031,2
10032,2
10033,2
10034,2
10035,2
10036,2
10037,2
10038,2
10039,2
10040,2
10041,2
10042,2
10043,2
10044,2
10045,2
10046,2
10047,2
10048,2
10049,2
10050,2
10051,2
10052,2
10053,2
10054,2
10055,2
10056,2
10057,2
10058,2
10059,2
10060,2
10061,2
10062,2
10063,2
10064,2
10065,2
10066,2
10067,2
10068,2
10069,2
10070,2
10071,2
10072,2
10073,2
10074,2
10075,2
10076,2
10077,2
10078,2
10079,2
10080,2
10081,2
10082,2
10083,2
10084,2
10085,2
10086,2
10087,2
10088,2
10089,2
10090,2
10091,2
10092,2
10093,2
10094,2
10095,2
10096,2
10097,2
10098,2
10099,2
10100,2
10101,2
10102,2
10103,2
10104,2
10105,2
10106,2
10107,2
10108,2
10109,2
10110,2
10111,2
10112,2
10113,2
10114,2
10115,2
10116,2
10117,2
10118,2
10119,2
10120,2
10121,2
10122,2
10123,2
10124,2
10125,2
10126,2
10127,2
10128,2
10129,2
10130,2
10131,2
10132,2
10133,2
10134,2
10135,2
10136,2
10137,2
10138,2
10139,2
10140,2
10141,2
10142,2
10143,2
10144,2
10145,2
10146,2
10147,2
10148,2
10149,2
10150,2
10151,2
10152,2
10153,2
10154,2
10155,2
10156,2
10157,2
10158,2
10159,2
10160,2
10161,2
10162,2
10163,2
10164,2
10165,2
10166,2
10167,2
10168,2
10169,2
10170,2
10171,2
10172,2
10173,2
10174,2
10175,2
10176,2
10177,2
10178,2
10179,2
10180,2
10181,2
10182,2
10183,2
10184,2
10185,2
10186,2
10187,2
10188,2
10189,2
10190,2
10191,2
10192,2
10193,2
10194,2
10195,2
10196,2
10197,2
10198,2
10199,2
10200,2
10201,2
10202,2
10203,2
10204,2
10205,2
10206,2
10207,2
10208,2
10209,2
10210,2
10211,2
10212,2
10213,2
10214,2
10215,2
10216,2
10217,2
10218,2
10219,2
10220,2
10221,2
10222,2
10223,2
10224,2
10225,2
10226,2
10227,2
10228,2
10229,2
10230,2
10231,2
10232,2
10233,2
10234,2
10235,2
10236,2
10237,2
10238,2
10239,2
10240,2
10241,2
10242,2
10243,2
10244,2
10245,2
10246,2
10247,2
10248,2
10249,2
10250,2
10251,2
10252,2
10253,2
10254,2
10255,2
10256,2
10257,2
10258,2
10259,2
10260,2
10261,2
10262,2
10263,2
10264,2
10265,2
10266,2
10267,2
10268,2
10269,2
10270,2
10271,2
10272,2
10273,2
10274,2
10275,2
10276,2
10277,2
10278,2
10279,2
10280,2
10281,2
10282,2
10283,2
10284,2
10285,2
10286,2
10287,2
10288,2
10289,2
10290,2
10291,2
10292,2
10293,2
10294,2
10295,2
10296,2
10297,2
10298,2
10299,2
10300,2
10301,2
10302,2
10303,2
10304,2
10305,2
10306,2
10307,2
10308,2
10309,2
10310,2
10311,2
10312,2
10313,2
10314,2
10315,2
10316,2
10317,2
10318,2
10319,2
10320,2
10321,2
10322,2
10323,2
10324,2
10325,2
10326,2
10327,2
10328,2
10329,2
10330,2
10331,2
10332,2
10333,2
10334,2
10335,2
10336,2
10337,2
10338,2
10339,2
10340,2
10341,2
10342,2
10343,2
10344,2
10345,2
10346,2
10347,2
10348,2
10349,2
10350,2
10351,2
10352,2
10353,2
10354,2
10355,2
10356,2
10357,2
10358,2
10359,2
10360,2
10361,2
10362,2
10363,2
10364,2
10365,2
10366,2
10367,2
10368,2
10369,2
10370,2
10371,2
10372,2
10373,2
10374,2
10375,2
10376,2
10377,2
10378,2
10379,2
10380,2
10381,2
10382,2
10383,2
10384,2
10385,2
10386,2
10387,2
10388,2
10389,2
10390,2
10391,2
10392,2
10393,2
10394,2
10395,2
10396,2
10397,2
10398,2
10399,2
10400,2
10401,2
10402,2
10403,2
10404,2
10405,2
10406,2
10407,2
10408,2
10409,2
10410,2
10411,2
10412,2
10413,2
10414,2
10415,2
10416,2
10417,2
10418,2
10419,2
10420,2
10421,2
10422,2
10423,2
10424,2
10425,2
10426,2
10427,2
10428,2
10429,2
10430,2
10431,2
10432,2
10433,2
10434,2
10435,2
10436,2
10437,2
10438,2
10439,2
10440,2
10441,2
10442,2
10443,2
10444,2
10445,2
10446,2
10447,2
10448,2
10449,2
10450,2
10451,2
10452,2
10453,2
10454,2
10455,2
10456,2
10457,2
10458,2
10459,2
10460,2
10461,2
10462,2
10463,2
10464,2
10465,2
10466,2
10467,2
10468,2
10469,2
10470,2
10471,2
10472,2
10473,2
10474,2
10475,2
10476,2
10477,2
10478,2
10479,2
10480,2
10481,2
10482,2
10483,2
10484,2
10485,2
10486,2
10487,2
10488,2
10489,2
10490,2
10491,2
10492,2
10493,2
10494,2
10495,2
10496,2
10497,2
10498,2
10499,2
10500,2
10501,2
10502,2
10503,2
10504,2
10505,2
10506,2
10507,2
10508,2
10509,2
10510,2
10511,2
10512,2
10513,2
10514,2
10515,2
10516,2
10517,2
10518,2
10519,2
10520,2
10521,2
10522,2
10523,2
10524,2
10525,2
10526,2
10527,2
10528,2
10529,2
10530,2
10531,2
10532,2
10533,2
10534,2
10535,2
10536,2
10537,2
10538,2
10539,2
10540,2
10541,2
10542,2
10543,2
10544,2
10545,2
10546,2
10547,2
10548,2
10549,2
10550,2
10551,2
10552,2
10553,2
10554,2
10555,2
10556,2
10557,2
10558,2
10559,2
10560,2
10561,2
10562,2
10563,2
10564,2
10565,2
10566,2
10567,2
10568,2
10569,2
10570,2
10571,2
10572,2
10573,2
10574,2
10575,2
10576,2
10577,2
10578,2
10579,2
10580,2
10581,2
10582,2
10583,2
10584,2
10585,2
10586,2
10587,2
10588,2
10589,2
10590,2
10591,2
10592,2
10593,2
10594,2
10595,2
10596,2
10597,2
10598,2
10599,2
10600,2
10601,2
10602,2
10603,2
10604,2
10605,2
10606,2
10607,2
10608,2
10609,2
10610,2
10611,2
10612,2
10613,2
10614,2
10615,2
10616,2
10617,2
10618,2
10619,2
10620,2
10621,2
10622,2
10623,2
10624,2
10625,2
10626,2
10627,2
10628,2
10629,2
10630,2
10631,2
10632,2
10633,2
10634,2
10635,2
10636,2
10637,2
10638,2
10639,2
10640,2
10641,2
10642,2
10643,2
10644,2
10645,2
10646,2
10647,2
10648,2
10649,2
10650,2
10651,2
10652,2
10653,2
10654,2
10655,2
10656,2
10657,2
10658,2
10659,2
10660,2
10661,2
10662,2
10663,2
10664,2
10665,2
10666,2
10667,2
10668,2
10669,2
10670,2
10671,2
10672,2
10673,2
10674,2
10675,2
10676,2
10677,2
10678,2
10679,2
10680,2
10681,2
10682,2
10683,2
10684,2
10685,2
10686,2
10687,2
10688,2
10689,2
10690,2
10691,2
10692,2
10693,2
10694,2
10695,2
10696,2
10697,2
10698,2
10699,2
10700,2
10701,2
10702,2
10703,2
10704,2
10705,2
10706,2
10707,2
10708,2
10709,2
10710,2
10711,2
10712,2
10713,2
10714,2
10715,2
10716,2
10717,2
10718,2
10719,2
10720,2
10721,2
10722,2
10723,2
10724,2
10725,2
10726,2
10727,2
10728,2
10729,2
10730,2
10731,2
10732,2
10733,2
10734,2
10735,2
10736,2
10737,2
10738,2
10739,2
10740,2
10741,2
10742,2
10743,2
10744,2
10745,2
10746,2
10747,2
10748,2
10749,2
10750,2
10751,2
10752,2
10753,2
10754,2
10755,2
10756,2
10757,2
10758,2
10759,2
10760,2
10761,2
10762,2
10763,2
10764,2
10765,2
10766,2
10767,2
10768,2
10769,2
10770,2
10771,2
10772,2
10773,2
10774,2
10775,2
10776,2
10777,2
10778,2
10779,2
10780,2
10781,2
10782,2
10783,2
10784,2
10785,2
10786,2
10787,2
10788,2
10789,2
10790,2
10791,2
10792,2
10793,2
10794,2
10795,2
10796,2
10797,2
10798,2
10799,2
10800,2
10801,2
10802,2
10803,2
10804,2
10805,2
10806,2
10807,2
10808,2
10809,2
10810,2
10811,2
10812,2
10813,2
10814,2
10815,2
10816,2
10817,2
10818,2
10819,2
10820,2
10821,2
10822,2
10823,2
10824,2
10825,2
10826,2
10827,2
10828,2
10829,2
10830,2
10831,2
10832,2
10833,2
10834,2
10835,2
10836,2
10837,2
10838,2
10839,2
10840,2
10841,2
10842,2
10843,2
10844,2
10845,2
10846,2
10847,2
10848,2
10849,2
10850,2
10851,2
10852,2
10853,2
10854,2
10855,2
10856,2
10857,2
10858,2
10859,2
10860,2
10861,2
10862,2
10863,2
10864,2
10865,2
10866,2
10867,2
10868,2
10869,2
10870,2
10871,2
10872,2
10873,2
10874,2
10875,2
10876,2
10877,2
10878,2
10879,2
10880,2
10881,2
10882,2
10883,2
10884,2
10885,2
10886,2
10887,2
10888,2
10889,2
10890,2
10891,2
10892,2
10893,2
10894,2
10895,2
10896,2
10897,2
10898,2
10899,2
10900,2
10901,2
10902,2
10903,2
10904,2
10905,2
10906,2
10907,2
10908,2
10909,2
10910,2
10911,2
10912,2
10913,2
10914,2
10915,2
10916,2
10917,2
10918,2
10919,2
10920,2
10921,2
10922,2
10923,2
10924,2
10925,2
10926,2
10927,2
10928,2
10929,2
10930,2
10931,2
10932,2
10933,2
10934,2
10935,2
10936,2
10937,2
10938,2
10939,2
10940,2
10941,2
10942,2
10943,2
10944,2
10945,2
10946,2
10947,2
10948,2
10949,2
10950,2
10951,2
10952,2
10953,2
10954,2
10955,2
10956,2
10957,2
10958,2
10959,2
10960,2
10961,2
10962,2
10963,2
10964,2
10965,2
10966,2
10967,2
10968,2
10969,2
10970,2
10971,2
10972,2
10973,2
10974,2
10975,2
10976,2
10977,2
10978,2
10979,2
10980,2
10981,2
10982,2
10983,2
10984,2
10985,2
10986,2
10987,2
10988,2
10989,2
10990,2
10991,2
10992,2
10993,2
10994,2
10995,2
10996,2
10997,2
10998,2
10999,2
11000,2
11001,2
11002,2
11003,2
11004,2
11005,2
11006,2
11007,2
11008,2
11009,2
11010,2
11011,2
11012,2
11013,2
11014,2
11015,2
11016,2
11017,2
11018,2
11019,2
11020,2
11021,2
11022,2
11023,2
11024,2
11025,2
11026,2
11027,2
11028,2
11029,2
11030,2
11031,2
11032,2
11033,2
11034,2
11035,2
11036,2
11037,2
11038,2
11039,2
11040,2
11041,2
11042,2
11043,2
11044,2
11045,2
11046,2
11047,2
11048,2
11049,2
11050,2
11051,2
11052,2
11053,2
11054,2
11055,2
11056,2
11057,2
11058,2
11059,2
11060,2
11061,2
11062,2
11063,2
11064,2
11065,2
11066,2
11067,2
11068,2
11069,2
11070,2
11071,2
11072,2
11073,2
11074,2
11075,2
11076,2
11077,2
11078,2
11079,2
11080,2
11081,2
11082,2
11083,2
11084,2
11085,2
11086,2
11087,2
11088,2
11089,2
11090,2
11091,2
11092,2
11093,2
11094,2
11095,2
11096,2
11097,2
11098,2
11099,2
11100,2
11101,2
11102,2
11103,2
11104,2
11105,2
11106,2
11107,2
11108,2
11109,2
11110,2
11111,2
11112,2
11113,2
11114,2
11115,2
11116,2
11117,2
11118,2
11119,2
11120,2
11121,2
11122,2
11123,2
11124,2
11125,2
11126,2
11127,2
11128,2
11129,2
11130,2
11131,2
11132,2
11133,2
11134,2
11135,2
11136,2
11137,2
11138,2
11139,2
11140,2
11141,2
11142,2
11143,2
11144,2
11145,2
11146,2
11147,2
11148,2
11149,2
11150,2
11151,2
11152,2
11153,2
11154,2
11155,2
11156,2
11157,2
11158,2
11159,2
11160,2
11161,2
11162,2
11163,2
11164,2
11165,2
11166,2
11167,2
11168,2
11169,2
11170,2
11171,2
11172,2
11173,2
11174,2
11175,2
11176,2
11177,2
11178,2
11179,2
11180,2
11181,2
11182,2
11183,2
11184,2
11185,2
11186,2
11187,2
11188,2
11189,2
11190,2
11191,2
11192,2
11193,2
11194,2
11195,2
11196,2
11197,2
11198,2
11199,2
11200,2
11201,2
11202,2
11203,2
11204,2
11205,2
11206,2
11207,2
11208,2
11209,2
11210,2
11211,2
11212,2
11213,2
11214,2
11215,2
11216,2
11217,2
11218,2
11219,2
11220,2
11221,2
11222,2
11223,2
11224,2
11225,2
11226,2
11227,2
11228,2
11229,2
11230,2
11231,2
11232,2
11233,2
11234,2
11235,2
11236,2
11237,2
11238,2
11239,2
11240,2
11241,2
11242,2
11243,2
11244,2
11245,2
11246,2
11247,2
11248,2
11249,2
11250,2
11251,2
11252,2
11253,2
11254,2
11255,2
11256,2
11257,2
11258,2
11259,2
11260,2
11261,2
11262,2
11263,2
11264,2
11265,2
11266,2
11267,2
11268,2
11269,2
11270,2
11271,2
11272,2
11273,2
11274,2
11275,2
11276,2
11277,2
11278,2
11279,2
11280,2
11281,2
11282,2
11283,2
11284,2
11285,2
11286,2
11287,2
11288,2
11289,2
11290,2
11291,2
11292,2
11293,2
11294,2
11295,2
11296,2
11297,2
11298,2
11299,2
11300,2
11301,2
11302,2
11303,2
11304,2
11305,2
11306,2
11307,2
11308,2
11309,2
11310,2
11311,2
11312,2
11313,2
11314,2
11315,2
11316,2
11317,2
11318,2
11319,2
11320,2
11321,2
11322,2
11323,2
11324,2
11325,2
11326,2
11327,2
11328,2
11329,2
11330,2
11331,2
11332,2
11333,2
11334,2
11335,2
11336,2
11337,2
11338,2
11339,2
11340,2
11341,2
11342,2
11343,2
11344,2
11345,2
11346,2
11347,2
11348,2
11349,2
11350,2
11351,2
11352,2
11353,2
11354,2
11355,2
11356,2
11357,2
11358,2
11359,2
11360,2
11361,2
11362,2
11363,2
11364,2
11365,2
11366,2
11367,2
11368,2
11369,2
11370,2
11371,2
11372,2
11373,2
11374,2
11375,2
11376,2
11377,2
11378,2
11379,2
11380,2
11381,2
11382,2
11383,2
11384,2
11385,2
11386,2
11387,2
11388,2
11389,2
11390,2
11391,2
11392,2
11393,2
11394,2
11395,2
11396,2
11397,2
11398,2
11399,2
11400,2
11401,2
11402,2
11403,2
11404,2
11405,2
11406,2
11407,2
11408,2
11409,2
11410,2
11411,2
11412,2
11413,2
11414,2
11415,2
11416,2
11417,2
11418,2
11419,2
11420,2
11421,2
11422,2
11423,2
11424,2
11425,2
11426,2
11427,2
11428,2
11429,2
11430,2
11431,2
11432,2
11433,2
11434,2
11435,2
11436,2
11437,2
11438,2
11439,2
11440,2
11441,2
11442,2
11443,2
11444,2
11445,2
11446,2
11447,2
11448,2
11449,2
11450,2
11451,2
11452,2
11453,2
11454,2
11455,2
11456,2
11457,2
11458,2
11459,2
11460,2
11461,2
11462,2
11463,2
11464,2
11465,2
11466,2
11467,2
11468,2
11469,2
11470,2
11471,2
11472,2
11473,2
11474,2
11475,2
11476,2
11477,2
11478,2
11479,2
11480,2
11481,2
11482,2
11483,2
11484,2
11485,2
11486,2
11487,2
11488,2
11489,2
11490,2
11491,2
11492,2
11493,2
11494,2
11495,2
11496,2
11497,2
11498,2
11499,2
11500,2
11501,2
11502,2
11503,2
11504,2
11505,2
11506,2
11507,2
11508,2
11509,2
11510,2
11511,2
11512,2
11513,2
11514,2
11515,2
11516,2
11517,2
11518,2
11519,2
11520,2
11521,2
11522,2
11523,2
11524,2
11525,2
11526,2
11527,2
11528,2
11529,2
11530,2
11531,2
11532,2
11533,2
11534,2
11535,2
11536,2
11537,2
11538,2
11539,2
11540,2
11541,2
11542,2
11543,2
11544,2
11545,2
11546,2
11547,2
11548,2
11549,2
11550,2
11551,2
11552,2
11553,2
11554,2
11555,2
11556,2
11557,2
11558,2
11559,2
11560,2
11561,2
11562,2
11563,2
11564,2
11565,2
11566,2
11567,2
11568,2
11569,2
11570,2
11571,2
11572,2
11573,2
11574,2
11575,2
11576,2
11577,2
11578,2
11579,2
11580,2
11581,2
11582,2
11583,2
11584,2
11585,2
11586,2
11587,2
11588,2
11589,2
11590,2
11591,2
11592,2
11593,2
11594,2
11595,2
11596,2
11597,2
11598,2
11599,2
11600,2
11601,2
11602,2
11603,2
11604,2
11605,2
11606,2
11607,2
11608,2
11609,2
11610,2
11611,2
11612,2
11613,2
11614,2
11615,2
11616,2
11617,2
11618,2
11619,2
11620,2
11621,2
11622,2
11623,2
11624,2
11625,2
11626,2
11627,2
11628,2
11629,2
11630,2
11631,2
11632,2
11633,2
11634,2
11635,2
11636,2
11637,2
11638,2
11639,2
11640,2
11641,2
11642,2
11643,2
11644,2
11645,2
11646,2
11647,2
11648,2
11649,2
11650,2
11651,2
11652,2
11653,2
11654,2
11655,2
11656,2
11657,2
11658,2
11659,2
11660,2
11661,2
11662,2
11663,2
11664,2
11665,2
11666,2
11667,2
11668,2
11669,2
11670,2
11671,2
11672,2
11673,2
11674,2
11675,2
11676,2
11677,2
11678,2
11679,2
11680,2
11681,2
11682,2
11683,2
11684,2
11685,2
11686,2
11687,2
11688,2
11689,2
11690,2
11691,2
11692,2
11693,2
11694,2
11695,2
11696,2
11697,2
11698,2
11699,2
11700,2
11701,2
11702,2
11703,2
11704,2
11705,2
11706,2
11707,2
11708,2
11709,2
11710,2
11711,2
11712,2
11713,2
11714,2
11715,2
11716,2
11717,2
11718,2
11719,2
11720,2
11721,2
11722,2
11723,2
11724,2
11725,2
11726,2
11727,2
11728,2
11729,2
11730,2
11731,2
11732,2
11733,2
11734,2
11735,2
11736,2
11737,2
11738,2
11739,2
11740,2
11741,2
11742,2
11743,2
11744,2
11745,2
11746,2
11747,2
11748,2
11749,2
11750,2
11751,2
11752,2
11753,2
11754,2
11755,2
11756,2
11757,2
11758,2
11759,2
11760,2
11761,2
11762,2
11763,2
11764,2
11765,2
11766,2
11767,2
11768,2
11769,2
11770,2
11771,2
11772,2
11773,2
11774,2
11775,2
11776,2
11777,2
11778,2
11779,2
11780,2
11781,2
11782,2
11783,2
11784,2
11785,2
11786,2
11787,2
11788,2
11789,2
11790,2
11791,2
11792,2
11793,2
11794,2
11795,2
11796,2
11797,2
11798,2
11799,2
11800,2
11801,2
11802,2
11803,2
11804,2
11805,2
11806,2
11807,2
11808,2
11809,2
11810,2
11811,2
11812,2
11813,2
11814,2
11815,2
11816,2
11817,2
11818,2
11819,2
11820,2
11821,2
11822,2
11823,2
11824,2
11825,2
11826,2
11827,2
11828,2
11829,2
11830,2
11831,2
11832,2
11833,2
11834,2
11835,2
11836,2
11837,2
11838,2
11839,2
11840,2
11841,2
11842,2
11843,2
11844,2
11845,2
11846,2
11847,2
11848,2
11849,2
11850,2
11851,2
11852,2
11853,2
11854,2
11855,2
11856,2
11857,2
11858,2
11859,2
11860,2
11861,2
11862,2
11863,2
11864,2
11865,2
11866,2
11867,2
11868,2
11869,2
11870,2
11871,2
11872,2
11873,2
11874,2
11875,2
11876,2
11877,2
11878,2
11879,2
11880,2
11881,2
11882,2
11883,2
11884,2
11885,2
11886,2
11887,2
11888,2
11889,2
11890,2
11891,2
11892,2
11893,2
11894,2
11895,2
11896,2
11897,2
11898,2
11899,2
11900,2
11901,2
11902,2
11903,2
11904,2
11905,2
11906,2
11907,2
11908,2
11909,2
11910,2
11911,2
11912,2
11913,2
11914,2
11915,2
11916,2
11917,2
11918,2
11919,2
11920,2
11921,2
11922,2
11923,2
11924,2
11925,2
11926,2
11927,2
11928,2
11929,2
11930,2
11931,2
11932,2
11933,2
11934,2
11935,2
11936,2
11937,2
11938,2
11939,2
11940,2
11941,2
11942,2
11943,2
11944,2
11945,2
11946,2
11947,2
11948,2
11949,2
11950,2
11951,2
11952,2
11953,2
11954,2
11955,2
11956,2
11957,2
11958,2
11959,2
11960,2
11961,2
11962,2
11963,2
11964,2
11965,2
11966,2
11967,2
11968,2
11969,2
11970,2
11971,2
11972,2
11973,2
11974,2
11975,2
11976,2
11977,2
11978,2
11979,2
11980,2
11981,2
11982,2
11983,2
11984,2
11985,2
11986,2
11987,2
11988,2
11989,2
11990,2
11991,2
11992,2
11993,2
11994,2
11995,2
11996,2
11997,2
11998,2
11999,2
12000,2
12001,2
12002,2
12003,2
12004,2
12005,2
12006,2
12007,2
12008,2
12009,2
12010,2
12011,2
12012,2
12013,2
12014,2
12015,2
12016,2
12017,2
12018,2
12019,2
12020,2
12021,2
12022,2
12023,2
12024,2
12025,2
12026,2
12027,2
12028,2
12029,2
12030,2
12031,2
12032,2
12033,2
12034,2
12035,2
12036,2
12037,2
12038,2
12039,2
12040,2
12041,2
12042,2
12043,2
12044,2
12045,2
12046,2
12047,2
12048,2
12049,2
12050,2
12051,2
12052,2
12053,2
12054,2
12055,2
12056,2
12057,2
12058,2
12059,2
12060,2
12061,2
12062,2
12063,2
12064,2
12065,2
12066,2
12067,2
12068,2
12069,2
12070,2
12071,2
12072,2
12073,2
12074,2
12075,2
12076,2
12077,2
12078,2
12079,2
12080,2
12081,2
12082,2
12083,2
12084,2
12085,2
12086,2
12087,2
12088,2
12089,2
12090,2
12091,2
12092,2
12093,2
12094,2
12095,2
12096,2
12097,2
12098,2
12099,2
12100,2
12101,2
12102,2
12103,2
12104,2
12105,2
12106,2
12107,2
12108,2
12109,2
12110,2
12111,2
12112,2
12113,2
12114,2
12115,2
12116,2
12117,2
12118,2
12119,2
12120,2
12121,2
12122,2
12123,2
12124,2
12125,2
12126,2
12127,2
12128,2
12129,2
12130,2
12131,2
12132,2
12133,2
12134,2
12135,2
12136,2
12137,2
12138,2
12139,2
12140,2
12141,2
12142,2
12143,2
12144,2
12145,2
12146,2
12147,2
12148,2
12149,2
12150,2
12151,2
12152,2
12153,2
12154,2
12155,2
12156,2
12157,2
12158,2
12159,2
12160,2
12161,2
12162,2
12163,2
12164,2
12165,2
12166,2
12167,2
12168,2
12169,2
12170,2
12171,2
12172,2
12173,2
12174,2
12175,2
12176,2
12177,2
12178,2
12179,2
12180,2
12181,2
12182,2
12183,2
12184,2
12185,2
12186,2
12187,2
12188,2
12189,2
12190,2
12191,2
12192,2
12193,2
12194,2
12195,2
12196,2
12197,2
12198,2
12199,2
12200,2
12201,2
12202,2
12203,2
12204,2
12205,2
12206,2
12207,2
12208,2
12209,2
12210,2
12211,2
12212,2
12213,2
12214,2
12215,2
12216,2
12217,2
12218,2
12219,2
12220,2
12221,2
12222,2
12223,2
12224,2
12225,2
12226,2
12227,2
12228,2
12229,2
12230,2
12231,2
12232,2
12233,2
12234,2
12235,2
12236,2
12237,2
12238,2
12239,2
12240,2
12241,2
12242,2
12243,2
12244,2
12245,2
12246,2
12247,2
12248,2
12249,2
12250,2
12251,2
12252,2
12253,2
12254,2
12255,2
12256,2
12257,2
12258,2
12259,2
12260,2
12261,2
12262,2
12263,2
12264,2
12265,2
12266,2
12267,2
12268,2
12269,2
12270,2
12271,2
12272,2
12273,2
12274,2
12275,2
12276,2
12277,2
12278,2
12279,2
12280,2
12281,2
12282,2
12283,2
12284,2
12285,2
12286,2
12287,2
12288,2
12289,2
12290,2
12291,2
12292,2
12293,2
12294,2
12295,2
12296,2
12297,2
12298,2
12299,2
12300,2
12301,2
12302,2
12303,2
12304,2
12305,2
12306,2
12307,2
12308,2
12309,2
12310,2
12311,2
12312,2
12313,2
12314,2
12315,2
12316,2
12317,2
12318,2
12319,2
12320,2
12321,2
12322,2
12323,2
12324,2
12325,2
12326,2
12327,2
12328,2
12329,2
12330,2
12331,2
12332,2
12333,2
12334,2
12335,2
12336,2
12337,2
12338,2
12339,2
12340,2
12341,2
12342,2
12343,2
12344,2
12345,2
12346,2
12347,2
12348,2
12349,2
12350,2
12351,2
12352,2
12353,2
12354,2
12355,2
12356,2
12357,2
12358,2
12359,2
12360,2
12361,2
12362,2
12363,2
12364,2
12365,2
12366,2
12367,2
12368,2
12369,2
12370,2
12371,2
12372,2
12373,2
12374,2
12375,2
12376,2
12377,2
12378,2
12379,2
12380,2
12381,2
12382,2
12383,2
12384,2
12385,2
12386,2
12387,2
12388,2
12389,2
12390,2
12391,2
12392,2
12393,2
12394,2
12395,2
12396,2
12397,2
12398,2
12399,2
12400,2
12401,2
12402,2
12403,2
12404,2
12405,2
12406,2
12407,2
12408,2
12409,2
12410,2
12411,2
12412,2
12413,2
12414,2
12415,2
12416,2
12417,2
12418,2
12419,2
12420,2
12421,2
12422,2
12423,2
12424,2
12425,2
12426,2
12427,2
12428,2
12429,2
12430,2
12431,2
12432,2
12433,2
12434,2
12435,2
12436,2
12437,2
12438,2
12439,2
12440,2
12441,2
12442,2
12443,2
12444,2
12445,2
12446,2
12447,2
12448,2
12449,2
12450,2
12451,2
12452,2
12453,2
12454,2
12455,2
12456,2
12457,2
12458,2
12459,2
12460,2
12461,2
12462,2
12463,2
12464,2
12465,2
12466,2
12467,2
12468,2
12469,2
12470,2
12471,2
12472,2
12473,2
12474,2
12475,2
12476,2
12477,2
12478,2
12479,2
12480,2
12481,2
12482,2
12483,2
12484,2
12485,2
12486,2
12487,2
12488,2
12489,2
12490,2
12491,2
12492,2
12493,2
12494,2
12495,2
12496,2
12497,2
12498,2
12499,2
12500,2
12501,2
12502,2
12503,2
12504,2
12505,2
12506,2
12507,2
12508,2
12509,2
12510,2
12511,2
12512,2
12513,2
12514,2
12515,2
12516,2
12517,2
12518,2
12519,2
12520,2
12521,2
12522,2
12523,2
12524,2
12525,2
12526,2
12527,2
12528,2
12529,2
12530,2
12531,2
12532,2
12533,2
12534,2
12535,2
12536,2
12537,2
12538,2
12539,2
12540,2
12541,2
12542,2
12543,2
12544,2
12545,2
12546,2
12547,2
12548,2
12549,2
12550,2
12551,2
12552,2
12553,2
12554,2
12555,2
12556,2
12557,2
12558,2
12559,2
12560,2
12561,2
12562,2
12563,2
12564,2
12565,2
12566,2
12567,2
12568,2
12569,2
12570,2
12571,2
12572,2
12573,2
12574,2
12575,2
12576,2
12577,2
12578,2
12579,2
12580,2
12581,2
12582,2
12583,2
12584,2
12585,2
12586,2
12587,2
12588,2
12589,2
12590,2
12591,2
12592,2
12593,2
12594,2
12595,2
12596,2
12597,2
12598,2
12599,2
12600,2
12601,2
12602,2
12603,2
12604,2
12605,2
12606,2
12607,2
12608,2
12609,2
12610,2
12611,2
12612,2
12613,2
12614,2
12615,2
12616,2
12617,2
12618,2
12619,2
12620,2
12621,2
12622,2
12623,2
12624,2
12625,2
12626,2
12627,2
12628,2
12629,2
12630,2
12631,2
12632,2
12633,2
12634,2
12635,2
12636,2
12637,2
12638,2
12639,2
12640,2
12641,2
12642,2
12643,2
12644,2
12645,2
12646,2
12647,2
12648,2
12649,2
12650,2
12651,2
12652,2
12653,2
12654,2
12655,2
12656,2
12657,2
12658,2
12659,2
12660,2
12661,2
12662,2
12663,2
12664,2
12665,2
12666,2
12667,2
12668,2
12669,2
12670,2
12671,2
12672,2
12673,2
12674,2
12675,2
12676,2
12677,2
12678,2
12679,2
12680,2
12681,2
12682,2
12683,2
12684,2
12685,2
12686,2
12687,2
12688,2
12689,2
12690,2
12691,2
12692,2
12693,2
12694,2
12695,2
12696,2
12697,2
12698,2
12699,2
12700,2
12701,2
12702,2
12703,2
12704,2
12705,2
12706,2
12707,2
12708,2
12709,2
12710,2
12711,2
12712,2
12713,2
12714,2
12715,2
12716,2
12717,2
12718,2
12719,2
12720,2
12721,2
12722,2
12723,2
12724,2
12725,2
12726,2
12727,2
12728,2
12729,2
12730,2
12731,2
12732,2
12733,2
12734,2
12735,2
12736,2
12737,2
12738,2
12739,2
12740,2
12741,2
12742,2
12743,2
12744,2
12745,2
12746,2
12747,2
12748,2
12749,2
12750,2
12751,2
12752,2
12753,2
12754,2
12755,2
12756,2
12757,2
12758,2
12759,2
12760,2
12761,2
12762,2
12763,2
12764,2
12765,2
12766,2
12767,2
12768,2
12769,2
12770,2
12771,2
12772,2
12773,2
12774,2
12775,2
12776,2
12777,2
12778,2
12779,2
12780,2
12781,2
12782,2
12783,2
12784,2
12785,2
12786,2
12787,2
12788,2
12789,2
12790,2
12791,2
12792,2
12793,2
12794,2
12795,2
12796,2
12797,2
12798,2
12799,2
12800,2
12801,2
12802,2
12803,2
12804,2
12805,2
12806,2
12807,2
12808,2
12809,2
12810,2
12811,2
12812,2
12813,2
12814,2
12815,2
12816,2
12817,2
12818,2
12819,2
12820,2
12821,2
12822,2
12823,2
12824,2
12825,2
12826,2
12827,2
12828,2
12829,2
12830,2
12831,2
12832,2
12833,2
12834,2
12835,2
12836,2
12837,2
12838,2
12839,2
12840,2
12841,2
12842,2
12843,2
12844,2
12845,2
12846,2
12847,2
12848,2
12849,2
12850,2
12851,2
12852,2
12853,2
12854,2
12855,2
12856,2
12857,2
12858,2
12859,2
12860,2
12861,2
12862,2
12863,2
12864,2
12865,2
12866,2
12867,2
12868,2
12869,2
12870,2
12871,2
12872,2
12873,2
12874,2
12875,2
12876,2
12877,2
12878,2
12879,2
12880,2
12881,2
12882,2
12883,2
12884,2
12885,2
12886,2
12887,2
12888,2
12889,2
12890,2
12891,2
12892,2
12893,2
12894,2
12895,2
12896,2
12897,2
12898,2
12899,2
12900,2
12901,2
12902,2
12903,2
12904,2
12905,2
12906,2
12907,2
12908,2
12909,2
12910,2
12911,2
12912,2
12913,2
12914,2
12915,2
12916,2
12917,2
12918,2
12919,2
12920,2
12921,2
12922,2
12923,2
12924,2
12925,2
12926,2
12927,2
12928,2
12929,2
12930,2
12931,2
12932,2
12933,2
12934,2
12935,2
12936,2
12937,2
12938,2
12939,2
12940,2
12941,2
12942,2
12943,2
12944,2
12945,2
12946,2
12947,2
12948,2
12949,2
12950,2
12951,2
12952,2
12953,2
12954,2
12955,2
12956,2
12957,2
12958,2
12959,2
12960,2
12961,2
12962,2
12963,2
12964,2
12965,2
12966,2
12967,2
12968,2
12969,2
12970,2
12971,2
12972,2
12973,2
12974,2
12975,2
12976,2
12977,2
12978,2
12979,2
12980,2
12981,2
12982,2
12983,2
12984,2
12985,2
12986,2
12987,2
12988,2
12989,2
12990,2
12991,2
12992,2
12993,2
12994,2
12995,2
12996,2
12997,2
12998,2
12999,2
13000,2
13001,2
13002,2
13003,2
13004,2
13005,2
13006,2
13007,2
13008,2
13009,2
13010,2
13011,2
13012,2
13013,2
13014,2
13015,2
13016,2
13017,2
13018,2
13019,2
13020,2
13021,2
13022,2
13023,2
13024,2
13025,2
13026,2
13027,2
13028,2
13029,2
13030,2
13031,2
13032,2
13033,2
13034,2
13035,2
13036,2
13037,2
13038,2
13039,2
13040,2
13041,2
13042,2
13043,2
13044,2
13045,2
13046,2
13047,2
13048,2
13049,2
13050,2
13051,2
13052,2
13053,2
13054,2
13055,2
13056,2
13057,2
13058,2
13059,2
13060,2
13061,2
13062,2
13063,2
13064,2
13065,2
13066,2
13067,2
13068,2
13069,2
13070,2
13071,2
13072,2
13073,2
13074,2
13075,2
13076,2
13077,2
13078,2
13079,2
13080,2
13081,2
13082,2
13083,2
13084,2
13085,2
13086,2
13087,2
13088,2
13089,2
13090,2
13091,2
13092,2
13093,2
13094,2
13095,2
13096,2
13097,2
13098,2
13099,2
13100,2
13101,2
13102,2
13103,2
13104,2
13105,2
13106,2
13107,2
13108,2
13109,2
13110,2
13111,2
13112,2
13113,2
13114,2
13115,2
13116,2
13117,2
13118,2
13119,2
13120,2
13121,2
13122,2
13123,2
13124,2
13125,2
13126,2
13127,2
13128,2
13129,2
13130,2
13131,2
13132,2
13133,2
13134,2
13135,2
13136,2
13137,2
13138,2
13139,2
13140,2
13141,2
13142,2
13143,2
13144,2
13145,2
13146,2
13147,2
13148,2
13149,2
13150,2
13151,2
13152,2
13153,2
13154,2
13155,2
13156,2
13157,2
13158,2
13159,2
13160,2
13161,2
13162,2
13163,2
13164,2
13165,2
13166,2
13167,2
13168,2
13169,2
13170,2
13171,2
13172,2
13173,2
13174,2
13175,2
13176,2
13177,2
13178,2
13179,2
13180,2
13181,2
13182,2
13183,2
13184,2
13185,2
13186,2
13187,2
13188,2
13189,2
13190,2
13191,2
13192,2
13193,2
13194,2
13195,2
13196,2
13197,2
13198,2
13199,2
13200,2
13201,2
13202,2
13203,2
13204,2
13205,2
13206,2
13207,2
13208,2
13209,2
13210,2
13211,2
13212,2
13213,2
13214,2
13215,2
13216,2
13217,2
13218,2
13219,2
13220,2
13221,2
13222,2
13223,2
13224,2
13225,2
13226,2
13227,2
13228,2
13229,2
13230,2
13231,2
13232,2
13233,2
13234,2
13235,2
13236,2
13237,2
13238,2
13239,2
13240,2
13241,2
13242,2
13243,2
13244,2
13245,2
13246,2
13247,2
13248,2
13249,2
13250,2
13251,2
13252,2
13253,2
13254,2
13255,2
13256,2
13257,2
13258,2
13259,2
13260,2
13261,2
13262,2
13263,2
13264,2
13265,2
13266,2
13267,2
13268,2
13269,2
13270,2
13271,2
13272,2
13273,2
13274,2
13275,2
13276,2
13277,2
13278,2
13279,2
13280,2
13281,2
13282,2
13283,2
13284,2
13285,2
13286,2
13287,2
13288,2
13289,2
13290,2
13291,2
13292,2
13293,2
13294,2
13295,2
13296,2
13297,2
13298,2
13299,2
13300,2
13301,2
13302,2
13303,2
13304,2
13305,2
13306,2
13307,2
13308,2
13309,2
13310,2
13311,2
13312,2
13313,2
13314,2
13315,2
13316,2
13317,2
13318,2
13319,2
13320,2
13321,2
13322,2
13323,2
13324,2
13325,2
13326,2
13327,2
13328,2
13329,2
13330,2
13331,2
13332,2
13333,2
13334,2
13335,2
13336,2
13337,2
13338,2
13339,2
13340,2
13341,2
13342,2
13343,2
13344,2
13345,2
13346,2
13347,2
13348,2
13349,2
13350,2
13351,2
13352,2
13353,2
13354,2
13355,2
13356,2
13357,2
13358,2
13359,2
13360,2
13361,2
13362,2
13363,2
13364,2
13365,2
13366,2
13367,2
13368,2
13369,2
13370,2
13371,2
13372,2
13373,2
13374,2
13375,2
13376,2
13377,2
13378,2
13379,2
13380,2
13381,2
13382,2
13383,2
13384,2
13385,2
13386,2
13387,2
13388,2
13389,2
13390,2
13391,2
13392,2
13393,2
13394,2
13395,2
13396,2
13397,2
13398,2
13399,2
13400,2
13401,2
13402,2
13403,2
13404,2
13405,2
13406,2
13407,2
13408,2
13409,2
13410,2
13411,2
13412,2
13413,2
13414,2
13415,2
13416,2
13417,2
13418,2
13419,2
13420,2
13421,2
13422,2
13423,2
13424,2
13425,2
13426,2
13427,2
13428,2
13429,2
13430,2
13431,2
13432,2
13433,2
13434,2
13435,2
13436,2
13437,2
13438,2
13439,2
13440,2
13441,2
13442,2
13443,2
13444,2
13445,2
13446,2
13447,2
13448,2
13449,2
13450,2
13451,2
13452,2
13453,2
13454,2
13455,2
13456,2
13457,2
13458,2
13459,2
13460,2
13461,2
13462,2
13463,2
13464,2
13465,2
13466,2
13467,2
13468,2
13469,2
13470,2
13471,2
13472,2
13473,2
13474,2
13475,2
13476,2
13477,2
13478,2
13479,2
13480,2
13481,2
13482,2
13483,2
13484,2
13485,2
13486,2
13487,2
13488,2
13489,2
13490,2
13491,2
13492,2
13493,2
13494,2
13495,2
13496,2
13497,2
13498,2
13499,2
13500,2
13501,2
13502,2
13503,2
13504,2
13505,2
13506,2
13507,2
13508,2
13509,2
13510,2
13511,2
13512,2
13513,2
13514,2
13515,2
13516,2
13517,2
13518,2
13519,2
13520,2
13521,2
13522,2
13523,2
13524,2
13525,2
13526,2
13527,2
13528,2
13529,2
13530,2
13531,2
13532,2
13533,2
13534,2
13535,2
13536,2
13537,2
13538,2
13539,2
13540,2
13541,2
13542,2
13543,2
13544,2
13545,2
13546,2
13547,2
13548,2
13549,2
13550,2
13551,2
13552,2
13553,2
13554,2
13555,2
13556,2
13557,2
13558,2
13559,2
13560,2
13561,2
13562,2
13563,2
13564,2
13565,2
13566,2
13567,2
13568,2
13569,2
13570,2
13571,2
13572,2
13573,2
13574,2
13575,2
13576,2
13577,2
13578,2
13579,2
13580,2
13581,2
13582,2
13583,2
13584,2
13585,2
13586,2
13587,2
13588,2
13589,2
13590,2
13591,2
13592,2
13593,2
13594,2
13595,2
13596,2
13597,2
13598,2
13599,2
13600,2
13601,2
13602,2
13603,2
13604,2
13605,2
13606,2
13607,2
13608,2
13609,2
13610,2
13611,2
13612,2
13613,2
13614,2
13615,2
13616,2
13617,2
13618,2
13619,2
13620,2
13621,2
13622,2
13623,2
13624,2
13625,2
13626,2
13627,2
13628,2
13629,2
13630,2
13631,2
13632,2
13633,2
13634,2
13635,2
13636,2
13637,2
13638,2
13639,2
13640,2
13641,2
13642,2
13643,2
13644,2
13645,2
13646,2
13647,2
13648,2
13649,2
13650,2
13651,2
13652,2
13653,2
13654,2
13655,2
13656,2
13657,2
13658,2
13659,2
13660,2
13661,2
13662,2
13663,2
13664,2
13665,2
13666,2
13667,2
13668,2
13669,2
13670,2
13671,2
13672,2
13673,2
13674,2
13675,2
13676,2
13677,2
13678,2
13679,2
13680,2
13681,2
13682,2
13683,2
13684,2
13685,2
13686,2
13687,2
13688,2
13689,2
13690,2
13691,2
13692,2
13693,2
13694,2
13695,2
13696,2
13697,2
13698,2
13699,2
13700,2
13701,2
13702,2
13703,2
13704,2
13705,2
13706,2
13707,2
13708,2
13709,2
13710,2
13711,2
13712,2
13713,2
13714,2
13715,2
13716,2
13717,2
13718,2
13719,2
13720,2
13721,2
13722,2
13723,2
13724,2
13725,2
13726,2
13727,2
13728,2
13729,2
13730,2
13731,2
13732,2
13733,2
13734,2
13735,2
13736,2
13737,2
13738,2
13739,2
13740,2
13741,2
13742,2
13743,2
13744,2
13745,2
13746,2
13747,2
13748,2
13749,2
13750,2
13751,2
13752,2
13753,2
13754,2
13755,2
13756,2
13757,2
13758,2
13759,2
13760,2
13761,2
13762,2
13763,2
13764,2
13765,2
13766,2
13767,2
13768,2
13769,2
13770,2
13771,2
13772,2
13773,2
13774,2
13775,2
13776,2
13777,2
13778,2
13779,2
13780,2
13781,2
13782,2
13783,2
13784,2
13785,2
13786,2
13787,2
13788,2
13789,2
13790,2
13791,2
13792,2
13793,2
13794,2
13795,2
13796,2
13797,2
13798,2
13799,2
13800,2
13801,2
13802,2
13803,2
13804,2
13805,2
13806,2
13807,2
13808,2
13809,2
13810,2
13811,2
13812,2
13813,2
13814,2
13815,2
13816,2
13817,2
13818,2
13819,2
13820,2
13821,2
13822,2
13823,2
13824,2
13825,2
13826,2
13827,2
13828,2
13829,2
13830,2
13831,2
13832,2
13833,2
13834,2
13835,2
13836,2
13837,2
13838,2
13839,2
13840,2
13841,2
13842,2
13843,2
13844,2
13845,2
13846,2
13847,2
13848,2
13849,2
13850,2
13851,2
13852,2
13853,2
13854,2
13855,2
13856,2
13857,2
13858,2
13859,2
13860,2
13861,2
13862,2
13863,2
13864,2
13865,2
13866,2
13867,2
13868,2
13869,2
13870,2
13871,2
13872,2
13873,2
13874,2
13875,2
13876,2
13877,2
13878,2
13879,2
13880,2
13881,2
13882,2
13883,2
13884,2
13885,2
13886,2
13887,2
13888,2
13889,2
13890,2
13891,2
13892,2
13893,2
13894,2
13895,2
13896,2
13897,2
13898,2
13899,2
13900,2
13901,2
13902,2
13903,2
13904,2
13905,2
13906,2
13907,2
13908,2
13909,2
13910,2
13911,2
13912,2
13913,2
13914,2
13915,2
13916,2
13917,2
13918,2
13919,2
13920,2
13921,2
13922,2
13923,2
13924,2
13925,2
13926,2
13927,2
13928,2
13929,2
13930,2
13931,2
13932,2
13933,2
13934,2
13935,2
13936,2
13937,2
13938,2
13939,2
13940,2
13941,2
13942,2
13943,2
13944,2
13945,2
13946,2
13947,2
13948,2
13949,2
13950,2
13951,2
13952,2
13953,2
13954,2
13955,2
13956,2
13957,2
13958,2
13959,2
13960,2
13961,2
13962,2
13963,2
13964,2
13965,2
13966,2
13967,2
13968,2
13969,2
13970,2
13971,2
13972,2
13973,2
13974,2
13975,2
13976,2
13977,2
13978,2
13979,2
13980,2
13981,2
13982,2
13983,2
13984,2
13985,2
13986,2
13987,2
13988,2
13989,2
13990,2
13991,2
13992,2
13993,2
13994,2
13995,2
13996,2
13997,2
13998,2
13999,2
14000,2
14001,2
14002,2
14003,2
14004,2
14005,2
14006,2
14007,2
14008,2
14009,2
14010,2
14011,2
14012,2
14013,2
14014,2
14015,2
14016,2
14017,2
14018,2
14019,2
14020,2
14021,2
14022,2
14023,2
14024,2
14025,2
14026,2
14027,2
14028,2
14029,2
14030,2
14031,2
14032,2
14033,2
14034,2
14035,2
14036,2
14037,2
14038,2
14039,2
14040,2
14041,2
14042,2
14043,2
14044,2
14045,2
14046,2
14047,2
14048,2
14049,2
14050,2
14051,2
14052,2
14053,2
14054,2
14055,2
14056,2
14057,2
14058,2
14059,2
14060,2
14061,2
14062,2
14063,2
14064,2
14065,2
14066,2
14067,2
14068,2
14069,2
14070,2
14071,2
14072,2
14073,2
14074,2
14075,2
14076,2
14077,2
14078,2
14079,2
14080,2
14081,2
14082,2
14083,2
14084,2
14085,2
14086,2
14087,2
14088,2
14089,2
14090,2
14091,2
14092,2
14093,2
14094,2
14095,2
14096,2
14097,2
14098,2
14099,2
14100,2
14101,2
14102,2
14103,2
14104,2
14105,2
14106,2
14107,2
14108,2
14109,2
14110,2
14111,2
14112,2
14113,2
14114,2
14115,2
14116,2
14117,2
14118,2
14119,2
14120,2
14121,2
14122,2
14123,2
14124,2
14125,2
14126,2
14127,2
14128,2
14129,2
14130,2
14131,2
14132,2
14133,2
14134,2
14135,2
14136,2
14137,2
14138,2
14139,2
14140,2
14141,2
14142,2
14143,2
14144,2
14145,2
14146,2
14147,2
14148,2
14149,2
14150,2
14151,2
14152,2
14153,2
14154,2
14155,2
14156,2
14157,2
14158,2
14159,2
14160,2
14161,2
14162,2
14163,2
14164,2
14165,2
14166,2
14167,2
14168,2
14169,2
14170,2
14171,2
14172,2
14173,2
14174,2
14175,2
14176,2
14177,2
14178,2
14179,2
14180,2
14181,2
14182,2
14183,2
14184,2
14185,2
14186,2
14187,2
14188,2
14189,2
14190,2
14191,2
14192,2
14193,2
14194,2
14195,2
14196,2
14197,2
14198,2
14199,2
14200,2
14201,2
14202,2
14203,2
14204,2
14205,2
14206,2
14207,2
14208,2
14209,2
14210,2
14211,2
14212,2
14213,2
14214,2
14215,2
14216,2
14217,2
14218,2
14219,2
14220,2
14221,2
14222,2
14223,2
14224,2
14225,2
14226,2
14227,2
14228,2
14229,2
14230,2
14231,2
14232,2
14233,2
14234,2
14235,2
14236,2
14237,2
14238,2
14239,2
14240,2
14241,2
14242,2
14243,2
14244,2
14245,2
14246,2
14247,2
14248,2
14249,2
14250,2
14251,2
14252,2
14253,2
14254,2
14255,2
14256,2
14257,2
14258,2
14259,2
14260,2
14261,2
14262,2
14263,2
14264,2
14265,2
14266,2
14267,2
14268,2
14269,2
14270,2
14271,2
14272,2
14273,2
14274,2
14275,2
14276,2
14277,2
14278,2
14279,2
14280,2
14281,2
14282,2
14283,2
14284,2
14285,2
14286,2
14287,2
14288,2
14289,2
14290,2
14291,2
14292,2
14293,2
14294,2
14295,2
14296,2
14297,2
14298,2
14299,2
14300,2
14301,2
14302,2
14303,2
14304,2
14305,2
14306,2
14307,2
14308,2
14309,2
14310,2
14311,2
14312,2
14313,2
14314,2
14315,2
14316,2
14317,2
14318,2
14319,2
14320,2
14321,2
14322,2
14323,2
14324,2
14325,2
14326,2
14327,2
14328,2
14329,2
14330,2
14331,2
14332,2
14333,2
14334,2
14335,2
14336,2
14337,2
14338,2
14339,2
14340,2
14341,2
14342,2
14343,2
14344,2
14345,2
14346,2
14347,2
14348,2
14349,2
14350,2
14351,2
14352,2
14353,2
14354,2
14355,2
14356,2
14357,2
14358,2
14359,2
14360,2
14361,2
14362,2
14363,2
14364,2
14365,2
14366,2
14367,2
14368,2
14369,2
14370,2
14371,2
14372,2
14373,2
14374,2
14375,2
14376,2
14377,2
14378,2
14379,2
14380,2
14381,2
14382,2
14383,2
14384,2
14385,2
14386,2
14387,2
14388,2
14389,2
14390,2
14391,2
14392,2
14393,2
14394,2
14395,2
14396,2
14397,2
14398,2
14399,2
14400,2
14401,2
14402,2
14403,2
14404,2
14405,2
14406,2
14407,2
14408,2
14409,2
14410,2
14411,2
14412,2
14413,2
14414,2
14415,2
14416,2
14417,2
14418,2
14419,2
14420,2
14421,2
14422,2
14423,2
14424,2
14425,2
14426,2
14427,2
14428,2
14429,2
14430,2
14431,2
14432,2
14433,2
14434,2
14435,2
14436,2
14437,2
14438,2
14439,2
14440,2
14441,2
14442,2
14443,2
14444,2
14445,2
14446,2
14447,2
14448,2
14449,2
14450,2
14451,2
14452,2
14453,2
14454,2
14455,2
14456,2
14457,2
14458,2
14459,2
14460,2
14461,2
14462,2
14463,2
14464,2
14465,2
14466,2
14467,2
14468,2
14469,2
14470,2
14471,2
14472,2
14473,2
14474,2
14475,2
14476,2
14477,2
14478,2
14479,2
14480,2
14481,2
14482,2
14483,2
14484,2
14485,2
14486,2
14487,2
14488,2
14489,2
14490,2
14491,2
14492,2
14493,2
14494,2
14495,2
14496,2
14497,2
14498,2
14499,2
14500,2
14501,2
14502,2
14503,2
14504,2
14505,2
14506,2
14507,2
14508,2
14509,2
14510,2
14511,2
14512,2
14513,2
14514,2
14515,2
14516,2
14517,2
14518,2
14519,2
14520,2
14521,2
14522,2
14523,2
14524,2
14525,2
14526,2
14527,2
14528,2
14529,2
14530,2
14531,2
14532,2
14533,2
14534,2
14535,2
14536,2
14537,2
14538,2
14539,2
14540,2
14541,2
14542,2
14543,2
14544,2
14545,2
14546,2
14547,2
14548,2
14549,2
14550,2
14551,2
14552,2
14553,2
14554,2
14555,2
14556,2
14557,2
14558,2
14559,2
14560,2
14561,2
14562,2
14563,2
14564,2
14565,2
14566,2
14567,2
14568,2
14569,2
14570,2
14571,2
14572,2
14573,2
14574,2
14575,2
14576,2
14577,2
14578,2
14579,2
14580,2
14581,2
14582,2
14583,2
14584,2
14585,2
14586,2
14587,2
14588,2
14589,2
14590,2
14591,2
14592,2
14593,2
14594,2
14595,2
14596,2
14597,2
14598,2
14599,2
14600,2
14601,2
14602,2
14603,2
14604,2
14605,2
14606,2
14607,2
14608,2
14609,2
14610,2
14611,2
14612,2
14613,2
14614,2
14615,2
14616,2
14617,2
14618,2
14619,2
14620,2
14621,2
14622,2
14623,2
14624,2
14625,2
14626,2
14627,2
14628,2
14629,2
14630,2
14631,2
14632,2
14633,2
14634,2
14635,2
14636,2
14637,2
14638,2
14639,2
14640,2
14641,2
14642,2
14643,2
14644,2
14645,2
14646,2
14647,2
14648,2
14649,2
14650,2
14651,2
14652,2
14653,2
14654,2
14655,2
14656,2
14657,2
14658,2
14659,2
14660,2
14661,2
14662,2
14663,2
14664,2
14665,2
14666,2
14667,2
14668,2
14669,2
14670,2
14671,2
14672,2
14673,2
14674,2
14675,2
14676,2
14677,2
14678,2
14679,2
14680,2
14681,2
14682,2
14683,2
14684,2
14685,2
14686,2
14687,2
14688,2
14689,2
14690,2
14691,2
14692,2
14693,2
14694,2
14695,2
14696,2
14697,2
14698,2
14699,2
14700,2
14701,2
14702,2
14703,2
14704,2
14705,2
14706,2
14707,2
14708,2
14709,2
14710,2
14711,2
14712,2
14713,2
14714,2
14715,2
14716,2
14717,2
14718,2
14719,2
14720,2
14721,2
14722,2
14723,2
14724,2
14725,2
14726,2
14727,2
14728,2
14729,2
14730,2
14731,2
14732,2
14733,2
14734,2
14735,2
14736,2
14737,2
14738,2
14739,2
14740,2
14741,2
14742,2
14743,2
14744,2
14745,2
14746,2
14747,2
14748,2
14749,2
14750,2
14751,2
14752,2
14753,2
14754,2
14755,2
14756,2
14757,2
14758,2
14759,2
14760,2
14761,2
14762,2
14763,2
14764,2
14765,2
14766,2
14767,2
14768,2
14769,2
14770,2
14771,2
14772,2
14773,2
14774,2
14775,2
14776,2
14777,2
14778,2
14779,2
14780,2
14781,2
14782,2
14783,2
14784,2
14785,2
14786,2
14787,2
14788,2
14789,2
14790,2
14791,2
14792,2
14793,2
14794,2
14795,2
14796,2
14797,2
14798,2
14799,2
14800,2
14801,2
14802,2
14803,2
14804,2
14805,2
14806,2
14807,2
14808,2
14809,2
14810,2
14811,2
14812,2
14813,2
14814,2
14815,2
14816,2
14817,2
14818,2
14819,2
14820,2
14821,2
14822,2
14823,2
14824,2
14825,2
14826,2
14827,2
14828,2
14829,2
14830,2
14831,2
14832,2
14833,2
14834,2
14835,2
14836,2
14837,2
14838,2
14839,2
14840,2
14841,2
14842,2
14843,2
14844,2
14845,2
14846,2
14847,2
14848,2
14849,2
14850,2
14851,2
14852,2
14853,2
14854,2
14855,2
14856,2
14857,2
14858,2
14859,2
14860,2
14861,2
14862,2
14863,2
14864,2
14865,2
14866,2
14867,2
14868,2
14869,2
14870,2
14871,2
14872,2
14873,2
14874,2
14875,2
14876,2
14877,2
14878,2
14879,2
14880,2
14881,2
14882,2
14883,2
14884,2
14885,2
14886,2
14887,2
14888,2
14889,2
14890,2
14891,2
14892,2
14893,2
14894,2
14895,2
14896,2
14897,2
14898,2
14899,2
14900,2
14901,2
14902,2
14903,2
14904,2
14905,2
14906,2
14907,2
14908,2
14909,2
14910,2
14911,2
14912,2
14913,2
14914,2
14915,2
14916,2
14917,2
14918,2
14919,2
14920,2
14921,2
14922,2
14923,2
14924,2
14925,2
14926,2
14927,2
14928,2
14929,2
14930,2
14931,2
14932,2
14933,2
14934,2
14935,2
14936,2
14937,2
14938,2
14939,2
14940,2
14941,2
14942,2
14943,2
14944,2
14945,2
14946,2
14947,2
14948,2
14949,2
14950,2
14951,2
14952,2
14953,2
14954,2
14955,2
14956,2
14957,2
14958,2
14959,2
14960,2
14961,2
14962,2
14963,2
14964,2
14965,2
14966,2
14967,2
14968,2
14969,2
14970,2
14971,2
14972,2
14973,2
14974,2
14975,2
14976,2
14977,2
14978,2
14979,2
14980,2
14981,2
14982,2
14983,2
14984,2
14985,2
14986,2
14987,2
14988,2
14989,2
14990,2
14991,2
14992,2
14993,2
14994,2
14995,2
14996,2
14997,2
14998,2
14999,2
15000,2
15001,2
15002,2
15003,2
15004,2
15005,2
15006,2
15007,2
15008,2
15009,2
15010,2
15011,2
15012,2
15013,2
15014,2
15015,2
15016,2
15017,2
15018,2
15019,2
15020,2
15021,2
15022,2
15023,2
15024,2
15025,2
15026,2
15027,2
15028,2
15029,2
15030,2
15031,2
15032,2
15033,2
15034,2
15035,2
15036,2
15037,2
15038,2
15039,2
15040,2
15041,2
15042,2
15043,2
15044,2
15045,2
15046,2
15047,2
15048,2
15049,2
15050,2
15051,2
15052,2
15053,2
15054,2
15055,2
15056,2
15057,2
15058,2
15059,2
15060,2
15061,2
15062,2
15063,2
15064,2
15065,2
15066,2
15067,2
15068,2
15069,2
15070,2
15071,2
15072,2
15073,2
15074,2
15075,2
15076,2
15077,2
15078,2
15079,2
15080,2
15081,2
15082,2
15083,2
15084,2
15085,2
15086,2
15087,2
15088,2
15089,2
15090,2
15091,2
15092,2
15093,2
15094,2
15095,2
15096,2
15097,2
15098,2
15099,2
15100,2
15101,2
15102,2
15103,2
15104,2
15105,2
15106,2
15107,2
15108,2
15109,2
15110,2
15111,2
15112,2
15113,2
15114,2
15115,2
15116,2
15117,2
15118,2
15119,2
15120,2
15121,2
15122,2
15123,2
15124,2
15125,2
15126,2
15127,2
15128,2
15129,2
15130,2
15131,2
15132,2
15133,2
15134,2
15135,2
15136,2
15137,2
15138,2
15139,2
15140,2
15141,2
15142,2
15143,2
15144,2
15145,2
15146,2
15147,2
15148,2
15149,2
15150,2
15151,2
15152,2
15153,2
15154,2
15155,2
15156,2
15157,2
15158,2
15159,2
15160,2
15161,2
15162,2
15163,2
15164,2
15165,2
15166,2
15167,2
15168,2
15169,2
15170,2
15171,2
15172,2
15173,2
15174,2
15175,2
15176,2
15177,2
15178,2
15179,2
15180,2
15181,2
15182,2
15183,2
15184,2
15185,2
15186,2
15187,2
15188,2
15189,2
15190,2
15191,2
15192,2
15193,2
15194,2
15195,2
15196,2
15197,2
15198,2
15199,2
15200,2
15201,2
15202,2
15203,2
15204,2
15205,2
15206,2
15207,2
15208,2
15209,2
15210,2
15211,2
15212,2
15213,2
15214,2
15215,2
15216,2
15217,2
15218,2
15219,2
15220,2
15221,2
15222,2
15223,2
15224,2
15225,2
15226,2
15227,2
15228,2
15229,2
15230,2
15231,2
15232,2
15233,2
15234,2
15235,2
15236,2
15237,2
15238,2
15239,2
15240,2
15241,2
15242,2
15243,2
15244,2
15245,2
15246,2
15247,2
15248,2
15249,2
15250,2
15251,2
15252,2
15253,2
15254,2
15255,2
15256,2
15257,2
15258,2
15259,2
15260,2
15261,2
15262,2
15263,2
15264,2
15265,2
15266,2
15267,2
15268,2
15269,2
15270,2
15271,2
15272,2
15273,2
15274,2
15275,2
15276,2
15277,2
15278,2
15279,2
15280,2
15281,2
15282,2
15283,2
15284,2
15285,2
15286,2
15287,2
15288,2
15289,2
15290,2
15291,2
15292,2
15293,2
15294,2
15295,2
15296,2
15297,2
15298,2
15299,2
15300,2
15301,2
15302,2
15303,2
15304,2
15305,2
15306,2
15307,2
15308,2
15309,2
15310,2
15311,2
15312,2
15313,2
15314,2
15315,2
15316,2
15317,2
15318,2
15319,2
15320,2
15321,2
15322,2
15323,2
15324,2
15325,2
15326,2
15327,2
15328,2
15329,2
15330,2
15331,2
15332,2
15333,2
15334,2
15335,2
15336,2
15337,2
15338,2
15339,2
15340,2
15341,2
15342,2
15343,2
15344,2
15345,2
15346,2
15347,2
15348,2
15349,2
15350,2
15351,2
15352,2
15353,2
15354,2
15355,2
15356,2
15357,2
15358,2
15359,2
15360,2
15361,2
15362,2
15363,2
15364,2
15365,2
15366,2
15367,2
15368,2
15369,2
15370,2
15371,2
15372,2
15373,2
15374,2
15375,2
15376,2
15377,2
15378,2
15379,2
15380,2
15381,2
15382,2
15383,2
15384,2
15385,2
15386,2
15387,2
15388,2
15389,2
15390,2
15391,2
15392,2
15393,2
15394,2
15395,2
15396,2
15397,2
15398,2
15399,2
15400,2
15401,2
15402,2
15403,2
15404,2
15405,2
15406,2
15407,2
15408,2
15409,2
15410,2
15411,2
15412,2
15413,2
15414,2
15415,2
15416,2
15417,2
15418,2
15419,2
15420,2
15421,2
15422,2
15423,2
15424,2
15425,2
15426,2
15427,2
15428,2
15429,2
15430,2
15431,2
15432,2
15433,2
15434,2
15435,2
15436,2
15437,2
15438,2
15439,2
15440,2
15441,2
15442,2
15443,2
15444,2
15445,2
15446,2
15447,2
15448,2
15449,2
15450,2
15451,2
15452,2
15453,2
15454,2
15455,2
15456,2
15457,2
15458,2
15459,2
15460,2
15461,2
15462,2
15463,2
15464,2
15465,2
15466,2
15467,2
15468,2
15469,2
15470,2
15471,2
15472,2
15473,2
15474,2
15475,2
15476,2
15477,2
15478,2
15479,2
15480,2
15481,2
15482,2
15483,2
15484,2
15485,2
15486,2
15487,2
15488,2
15489,2
15490,2
15491,2
15492,2
15493,2
15494,2
15495,2
15496,2
15497,2
15498,2
15499,2
15500,2
15501,2
15502,2
15503,2
15504,2
15505,2
15506,2
15507,2
15508,2
15509,2
15510,2
15511,2
15512,2
15513,2
15514,2
15515,2
15516,2
15517,2
15518,2
15519,2
15520,2
15521,2
15522,2
15523,2
15524,2
15525,2
15526,2
15527,2
15528,2
15529,2
15530,2
15531,2
15532,2
15533,2
15534,2
15535,2
15536,2
15537,2
15538,2
15539,2
15540,2
15541,2
15542,2
15543,2
15544,2
15545,2
15546,2
15547,2
15548,2
15549,2
15550,2
15551,2
15552,2
15553,2
15554,2
15555,2
15556,2
15557,2
15558,2
15559,2
15560,2
15561,2
15562,2
15563,2
15564,2
15565,2
15566,2
15567,2
15568,2
15569,2
15570,2
15571,2
15572,2
15573,2
15574,2
15575,2
15576,2
15577,2
15578,2
15579,2
15580,2
15581,2
15582,2
15583,2
15584,2
15585,2
15586,2
15587,2
15588,2
15589,2
15590,2
15591,2
15592,2
15593,2
15594,2
15595,2
15596,2
15597,2
15598,2
15599,2
15600,2
15601,2
15602,2
15603,2
15604,2
15605,2
15606,2
15607,2
15608,2
15609,2
15610,2
15611,2
15612,2
15613,2
15614,2
15615,2
15616,2
15617,2
15618,2
15619,2
15620,2
15621,2
15622,2
15623,2
15624,2
15625,2
15626,2
15627,2
15628,2
15629,2
15630,2
15631,2
15632,2
15633,2
15634,2
15635,2
15636,2
15637,2
15638,2
15639,2
15640,2
15641,2
15642,2
15643,2
15644,2
15645,2
15646,2
15647,2
15648,2
15649,2
15650,2
15651,2
15652,2
15653,2
15654,2
15655,2
15656,2
15657,2
15658,2
15659,2
15660,2
15661,2
15662,2
15663,2
15664,2
15665,2
15666,2
15667,2
15668,2
15669,2
15670,2
15671,2
15672,2
15673,2
15674,2
15675,2
15676,2
15677,2
15678,2
15679,2
15680,2
15681,2
15682,2
15683,2
15684,2
15685,2
15686,2
15687,2
15688,2
15689,2
15690,2
15691,2
15692,2
15693,2
15694,2
15695,2
15696,2
15697,2
15698,2
15699,2
15700,2
15701,2
15702,2
15703,2
15704,2
15705,2
15706,2
15707,2
15708,2
15709,2
15710,2
15711,2
15712,2
15713,2
15714,2
15715,2
15716,2
15717,2
15718,2
15719,2
15720,2
15721,2
15722,2
15723,2
15724,2
15725,2
15726,2
15727,2
15728,2
15729,2
15730,2
15731,2
15732,2
15733,2
15734,2
15735,2
15736,2
15737,2
15738,2
15739,2
15740,2
15741,2
15742,2
15743,2
15744,2
15745,2
15746,2
15747,2
15748,2
15749,2
15750,2
15751,2
15752,2
15753,2
15754,2
15755,2
15756,2
15757,2
15758,2
15759,2
15760,2
15761,2
15762,2
15763,2
15764,2
15765,2
15766,2
15767,2
15768,2
15769,2
15770,2
15771,2
15772,2
15773,2
15774,2
15775,2
15776,2
15777,2
15778,2
15779,2
15780,2
15781,2
15782,2
15783,2
15784,2
15785,2
15786,2
15787,2
15788,2
15789,2
15790,2
15791,2
15792,2
15793,2
15794,2
15795,2
15796,2
15797,2
15798,2
15799,2
15800,2
15801,2
15802,2
15803,2
15804,2
15805,2
15806,2
15807,2
15808,2
15809,2
15810,2
15811,2
15812,2
15813,2
15814,2
15815,2
15816,2
15817,2
15818,2
15819,2
15820,2
15821,2
15822,2
15823,2
15824,2
15825,2
15826,2
15827,2
15828,2
15829,2
15830,2
15831,2
15832,2
15833,2
15834,2
15835,2
15836,2
15837,2
15838,2
15839,2
15840,2
15841,2
15842,2
15843,2
15844,2
15845,2
15846,2
15847,2
15848,2
15849,2
15850,2
15851,2
15852,2
15853,2
15854,2
15855,2
15856,2
15857,2
15858,2
15859,2
15860,2
15861,2
15862,2
15863,2
15864,2
15865,2
15866,2
15867,2
15868,2
15869,2
15870,2
15871,2
15872,2
15873,2
15874,2
15875,2
15876,2
15877,2
15878,2
15879,2
15880,2
15881,2
15882,2
15883,2
15884,2
15885,2
15886,2
15887,2
15888,2
15889,2
15890,2
15891,2
15892,2
15893,2
15894,2
15895,2
15896,2
15897,2
15898,2
15899,2
15900,2
15901,2
15902,2
15903,2
15904,2
15905,2
15906,2
15907,2
15908,2
15909,2
15910,2
15911,2
15912,2
15913,2
15914,2
15915,2
15916,2
15917,2
15918,2
15919,2
15920,2
15921,2
15922,2
15923,2
15924,2
15925,2
15926,2
15927,2
15928,2
15929,2
15930,2
15931,2
15932,2
15933,2
15934,2
15935,2
15936,2
15937,2
15938,2
15939,2
15940,2
15941,2
15942,2
15943,2
15944,2
15945,2
15946,2
15947,2
15948,2
15949,2
15950,2
15951,2
15952,2
15953,2
15954,2
15955,2
15956,2
15957,2
15958,2
15959,2
15960,2
15961,2
15962,2
15963,2
15964,2
15965,2
15966,2
15967,2
15968,2
15969,2
15970,2
15971,2
15972,2
15973,2
15974,2
15975,2
15976,2
15977,2
15978,2
15979,2
15980,2
15981,2
15982,2
15983,2
15984,2
15985,2
15986,2
15987,2
15988,2
15989,2
15990,2
15991,2
15992,2
15993,2
15994,2
15995,2
15996,2
15997,2
15998,2
15999,2
16000,2
16001,2
16002,2
16003,2
16004,2
16005,2
16006,2
16007,2
16008,2
16009,2
16010,2
16011,2
16012,2
16013,2
16014,2
16015,2
16016,2
16017,2
16018,2
16019,2
16020,2
16021,2
16022,2
16023,2
16024,2
16025,2
16026,2
16027,2
16028,2
16029,2
16030,2
16031,2
16032,2
16033,2
16034,2
16035,2
16036,2
16037,2
16038,2
16039,2
16040,2
16041,2
16042,2
16043,2
16044,2
16045,2
16046,2
16047,2
16048,2
16049,2
16050,2
16051,2
16052,2
16053,2
16054,2
16055,2
16056,2
16057,2
16058,2
16059,2
16060,2
16061,2
16062,2
16063,2
16064,2
16065,2
16066,2
16067,2
16068,2
16069,2
16070,2
16071,2
16072,2
16073,2
16074,2
16075,2
16076,2
16077,2
16078,2
16079,2
16080,2
16081,2
16082,2
16083,2
16084,2
16085,2
16086,2
16087,2
16088,2
16089,2
16090,2
16091,2
16092,2
16093,2
16094,2
16095,2
16096,2
16097,2
16098,2
16099,2
16100,2
16101,2
16102,2
16103,2
16104,2
16105,2
16106,2
16107,2
16108,2
16109,2
16110,2
16111,2
16112,2
16113,2
16114,2
16115,2
16116,2
16117,2
16118,2
16119,2
16120,2
16121,2
16122,2
16123,2
16124,2
16125,2
16126,2
16127,2
16128,2
16129,2
16130,2
16131,2
16132,2
16133,2
16134,2
16135,2
16136,2
16137,2
16138,2
16139,2
16140,2
16141,2
16142,2
16143,2
16144,2
16145,2
16146,2
16147,2
16148,2
16149,2
16150,2
16151,2
16152,2
16153,2
16154,2
16155,2
16156,2
16157,2
16158,2
16159,2
16160,2
16161,2
16162,2
16163,2
16164,2
16165,2
16166,2
16167,2
16168,2
16169,2
16170,2
16171,2
16172,2
16173,2
16174,2
16175,2
16176,2
16177,2
16178,2
16179,2
16180,2
16181,2
16182,2
16183,2
16184,2
16185,2
16186,2
16187,2
16188,2
16189,2
16190,2
16191,2
16192,2
16193,2
16194,2
16195,2
16196,2
16197,2
16198,2
16199,2
16200,2
16201,2
16202,2
16203,2
16204,2
16205,2
16206,2
16207,2
16208,2
16209,2
16210,2
16211,2
16212,2
16213,2
16214,2
16215,2
16216,2
16217,2
16218,2
16219,2
16220,2
16221,2
16222,2
16223,2
16224,2
16225,2
16226,2
16227,2
16228,2
16229,2
16230,2
16231,2
16232,2
16233,2
16234,2
16235,2
16236,2
16237,2
16238,2
16239,2
16240,2
16241,2
16242,2
16243,2
16244,2
16245,2
16246,2
16247,2
16248,2
16249,2
16250,2
16251,2
16252,2
16253,2
16254,2
16255,2
16256,2
16257,2
16258,2
16259,2
16260,2
16261,2
16262,2
16263,2
16264,2
16265,2
16266,2
16267,2
16268,2
16269,2
16270,2
16271,2
16272,2
16273,2
16274,2
16275,2
16276,2
16277,2
16278,2
16279,2
16280,2
16281,2
16282,2
16283,2
16284,2
16285,2
16286,2
16287,2
16288,2
16289,2
16290,2
16291,2
16292,2
16293,2
16294,2
16295,2
16296,2
16297,2
16298,2
16299,2
16300,2
16301,2
16302,2
16303,2
16304,2
16305,2
16306,2
16307,2
16308,2
16309,2
16310,2
16311,2
16312,2
16313,2
16314,2
16315,2
16316,2
16317,2
16318,2
16319,2
16320,2
16321,2
16322,2
16323,2
16324,2
16325,2
16326,2
16327,2
16328,2
16329,2
16330,2
16331,2
16332,2
16333,2
16334,2
16335,2
16336,2
16337,2
16338,2
16339,2
16340,2
16341,2
16342,2
16343,2
16344,2
16345,2
16346,2
16347,2
16348,2
16349,2
16350,2
16351,2
16352,2
16353,2
16354,2
16355,2
16356,2
16357,2
16358,2
16359,2
16360,2
16361,2
16362,2
16363,2
16364,2
16365,2
16366,2
16367,2
16368,2
16369,2
16370,2
16371,2
16372,2
16373,2
16374,2
16375,2
16376,2
16377,2
16378,2
16379,2
16380,2
16381,2
16382,2
16383,2
16384,2
16385,2
16386,2
16387,2
16388,2
16389,2
16390,2
16391,2
16392,2
16393,2
16394,2
16395,2
16396,2
16397,2
16398,2
16399,2
16400,2
16401,2
16402,2
16403,2
16404,2
16405,2
16406,2
16407,2
16408,2
16409,2
16410,2
16411,2
16412,2
16413,2
16414,2
16415,2
16416,2
16417,2
16418,2
16419,2
16420,2
16421,2
16422,2
16423,2
16424,2
16425,2
16426,2
16427,2
16428,2
16429,2
16430,2
16431,2
16432,2
16433,2
16434,2
16435,2
16436,2
16437,2
16438,2
16439,2
16440,2
16441,2
16442,2
16443,2
16444,2
16445,2
16446,2
16447,2
16448,2
16449,2
16450,2
16451,2
16452,2
16453,2
16454,2
16455,2
16456,2
16457,2
16458,2
16459,2
16460,2
16461,2
16462,2
16463,2
16464,2
16465,2
16466,2
16467,2
16468,2
16469,2
16470,2
16471,2
16472,2
16473,2
16474,2
16475,2
16476,2
16477,2
16478,2
16479,2
16480,2
16481,2
16482,2
16483,2
16484,2
16485,2
16486,2
16487,2
16488,2
16489,2
16490,2
16491,2
16492,2
16493,2
16494,2
16495,2
16496,2
16497,2
16498,2
16499,2
16500,2
16501,2
16502,2
16503,2
16504,2
16505,2
16506,2
16507,2
16508,2
16509,2
16510,2
16511,2
16512,2
16513,2
16514,2
16515,2
16516,2
16517,2
16518,2
16519,2
16520,2
16521,2
16522,2
16523,2
16524,2
16525,2
16526,2
16527,2
16528,2
16529,2
16530,2
16531,2
16532,2
16533,2
16534,2
16535,2
16536,2
16537,2
16538,2
16539,2
16540,2
16541,2
16542,2
16543,2
16544,2
16545,2
16546,2
16547,2
16548,2
16549,2
16550,2
16551,2
16552,2
16553,2
16554,2
16555,2
16556,2
16557,2
16558,2
16559,2
16560,2
16561,2
16562,2
16563,2
16564,2
16565,2
16566,2
16567,2
16568,2
16569,2
16570,2
16571,2
16572,2
16573,2
16574,2
16575,2
16576,2
16577,2
16578,2
16579,2
16580,2
16581,2
16582,2
16583,2
16584,2
16585,2
16586,2
16587,2
16588,2
16589,2
16590,2
16591,2
16592,2
16593,2
16594,2
16595,2
16596,2
16597,2
16598,2
16599,2
16600,2
16601,2
16602,2
16603,2
16604,2
16605,2
16606,2
16607,2
16608,2
16609,2
16610,2
16611,2
16612,2
16613,2
16614,2
16615,2
16616,2
16617,2
16618,2
16619,2
16620,2
16621,2
16622,2
16623,2
16624,2
16625,2
16626,2
16627,2
16628,2
16629,2
16630,2
16631,2
16632,2
16633,2
16634,2
16635,2
16636,2
16637,2
16638,2
16639,2
16640,2
16641,2
16642,2
16643,2
16644,2
16645,2
16646,2
16647,2
16648,2
16649,2
16650,2
16651,2
16652,2
16653,2
16654,2
16655,2
16656,2
16657,2
16658,2
16659,2
16660,2
16661,2
16662,2
16663,2
16664,2
16665,2
16666,2
16667,2
16668,2
16669,2
16670,2
16671,2
16672,2
16673,2
16674,2
16675,2
16676,2
16677,2
16678,2
16679,2
16680,2
16681,2
16682,2
16683,2
16684,2
16685,2
16686,2
16687,2
16688,2
16689,2
16690,2
16691,2
16692,2
16693,2
16694,2
16695,2
16696,2
16697,2
16698,2
16699,2
16700,2
16701,2
16702,2
16703,2
16704,2
16705,2
16706,2
16707,2
16708,2
16709,2
16710,2
16711,2
16712,2
16713,2
16714,2
16715,2
16716,2
16717,2
16718,2
16719,2
16720,2
16721,2
16722,2
16723,2
16724,2
16725,2
16726,2
16727,2
16728,2
16729,2
16730,2
16731,2
16732,2
16733,2
16734,2
16735,2
16736,2
16737,2
16738,2
16739,2
16740,2
16741,2
16742,2
16743,2
16744,2
16745,2
16746,2
16747,2
16748,2
16749,2
16750,2
16751,2
16752,2
16753,2
16754,2
16755,2
16756,2
16757,2
16758,2
16759,2
16760,2
16761,2
16762,2
16763,2
16764,2
16765,2
16766,2
16767,2
16768,2
16769,2
16770,2
16771,2
16772,2
16773,2
16774,2
16775,2
16776,2
16777,2
16778,2
16779,2
16780,2
16781,2
16782,2
16783,2
16784,2
16785,2
16786,2
16787,2
16788,2
16789,2
16790,2
16791,2
16792,2
16793,2
16794,2
16795,2
16796,2
16797,2
16798,2
16799,2
16800,2
16801,2
16802,2
16803,2
16804,2
16805,2
16806,2
16807,2
16808,2
16809,2
16810,2
16811,2
16812,2
16813,2
16814,2
16815,2
16816,2
16817,2
16818,2
16819,2
16820,2
16821,2
16822,2
16823,2
16824,2
16825,2
16826,2
16827,2
16828,2
16829,2
16830,2
16831,2
16832,2
16833,2
16834,2
16835,2
16836,2
16837,2
16838,2
16839,2
16840,2
16841,2
16842,2
16843,2
16844,2
16845,2
16846,2
16847,2
16848,2
16849,2
16850,2
16851,2
16852,2
16853,2
16854,2
16855,2
16856,2
16857,2
16858,2
16859,2
16860,2
16861,2
16862,2
16863,2
16864,2
16865,2
16866,2
16867,2
16868,2
16869,2
16870,2
16871,2
16872,2
16873,2
16874,2
16875,2
16876,2
16877,2
16878,2
16879,2
16880,2
16881,2
16882,2
16883,2
16884,2
16885,2
16886,2
16887,2
16888,2
16889,2
16890,2
16891,2
16892,2
16893,2
16894,2
16895,2
16896,2
16897,2
16898,2
16899,2
16900,2
16901,2
16902,2
16903,2
16904,2
16905,2
16906,2
16907,2
16908,2
16909,2
16910,2
16911,2
16912,2
16913,2
16914,2
16915,2
16916,2
16917,2
16918,2
16919,2
16920,2
16921,2
16922,2
16923,2
16924,2
16925,2
16926,2
16927,2
16928,2
16929,2
16930,2
16931,2
16932,2
16933,2
16934,2
16935,2
16936,2
16937,2
16938,2
16939,2
16940,2
16941,2
16942,2
16943,2
16944,2
16945,2
16946,2
16947,2
16948,2
16949,2
16950,2
16951,2
16952,2
16953,2
16954,2
16955,2
16956,2
16957,2
16958,2
16959,2
16960,2
16961,2
16962,2
16963,2
16964,2
16965,2
16966,2
16967,2
16968,2
16969,2
16970,2
16971,2
16972,2
16973,2
16974,2
16975,2
16976,2
16977,2
16978,2
16979,2
16980,2
16981,2
16982,2
16983,2
16984,2
16985,2
16986,2
16987,2
16988,2
16989,2
16990,2
16991,2
16992,2
16993,2
16994,2
16995,2
16996,2
16997,2
16998,2
16999,2
17000,2
17001,2
17002,2
17003,2
17004,2
17005,2
17006,2
17007,2
17008,2
17009,2
17010,2
17011,2
17012,2
17013,2
17014,2
17015,2
17016,2
17017,2
17018,2
17019,2
17020,2
17021,2
17022,2
17023,2
17024,2
17025,2
17026,2
17027,2
17028,2
17029,2
17030,2
17031,2
17032,2
17033,2
17034,2
17035,2
17036,2
17037,2
17038,2
17039,2
17040,2
17041,2
17042,2
17043,2
17044,2
17045,2
17046,2
17047,2
17048,2
17049,2
17050,2
17051,2
17052,2
17053,2
17054,2
17055,2
17056,2
17057,2
17058,2
17059,2
17060,2
17061,2
17062,2
17063,2
17064,2
17065,2
17066,2
17067,2
17068,2
17069,2
17070,2
17071,2
17072,2
17073,2
17074,2
17075,2
17076,2
17077,2
17078,2
17079,2
17080,2
17081,2
17082,2
17083,2
17084,2
17085,2
17086,2
17087,2
17088,2
17089,2
17090,2
17091,2
17092,2
17093,2
17094,2
17095,2
17096,2
17097,2
17098,2
17099,2
17100,2
17101,2
17102,2
17103,2
17104,2
17105,2
17106,2
17107,2
17108,2
17109,2
17110,2
17111,2
17112,2
17113,2
17114,2
17115,2
17116,2
17117,2
17118,2
17119,2
17120,2
17121,2
17122,2
17123,2
17124,2
17125,2
17126,2
17127,2
17128,2
17129,2
17130,2
17131,2
17132,2
17133,2
17134,2
17135,2
17136,2
17137,2
17138,2
17139,2
17140,2
17141,2
17142,2
17143,2
17144,2
17145,2
17146,2
17147,2
17148,2
17149,2
17150,2
17151,2
17152,2
17153,2
17154,2
17155,2
17156,2
17157,2
17158,2
17159,2
17160,2
17161,2
17162,2
17163,2
17164,2
17165,2
17166,2
17167,2
17168,2
17169,2
17170,2
17171,2
17172,2
17173,2
17174,2
17175,2
17176,2
17177,2
17178,2
17179,2
17180,2
17181,2
17182,2
17183,2
17184,2
17185,2
17186,2
17187,2
17188,2
17189,2
17190,2
17191,2
17192,2
17193,2
17194,2
17195,2
17196,2
17197,2
17198,2
17199,2
17200,2
17201,2
17202,2
17203,2
17204,2
17205,2
17206,2
17207,2
17208,2
17209,2
17210,2
17211,2
17212,2
17213,2
17214,2
17215,2
17216,2
17217,2
17218,2
17219,2
17220,2
17221,2
17222,2
17223,2
17224,2
17225,2
17226,2
17227,2
17228,2
17229,2
17230,2
17231,2
17232,2
17233,2
17234,2
17235,2
17236,2
17237,2
17238,2
17239,2
17240,2
17241,2
17242,2
17243,2
17244,2
17245,2
17246,2
17247,2
17248,2
17249,2
17250,2
17251,2
17252,2
17253,2
17254,2
17255,2
17256,2
17257,2
17258,2
17259,2
17260,2
17261,2
17262,2
17263,2
17264,2
17265,2
17266,2
17267,2
17268,2
17269,2
17270,2
17271,2
17272,2
17273,2
17274,2
17275,2
17276,2
17277,2
17278,2
17279,2
17280,2
17281,2
17282,2
17283,2
17284,2
17285,2
17286,2
17287,2
17288,2
17289,2
17290,2
17291,2
17292,2
17293,2
17294,2
17295,2
17296,2
17297,2
17298,2
17299,2
17300,2
17301,2
17302,2
17303,2
17304,2
17305,2
17306,2
17307,2
17308,2
17309,2
17310,2
17311,2
17312,2
17313,2
17314,2
17315,2
17316,2
17317,2
17318,2
17319,2
17320,2
17321,2
17322,2
17323,2
17324,2
17325,2
17326,2
17327,2
17328,2
17329,2
17330,2
17331,2
17332,2
17333,2
17334,2
17335,2
17336,2
17337,2
17338,2
17339,2
17340,2
17341,2
17342,2
17343,2
17344,2
17345,2
17346,2
17347,2
17348,2
17349,2
17350,2
17351,2
17352,2
17353,2
17354,2
17355,2
17356,2
17357,2
17358,2
17359,2
17360,2
17361,2
17362,2
17363,2
17364,2
17365,2
17366,2
17367,2
17368,2
17369,2
17370,2
17371,2
17372,2
17373,2
17374,2
17375,2
17376,2
17377,2
17378,2
17379,2
17380,2
17381,2
17382,2
17383,2
17384,2
17385,2
17386,2
17387,2
17388,2
17389,2
17390,2
17391,2
17392,2
17393,2
17394,2
17395,2
17396,2
17397,2
17398,2
17399,2
17400,2
17401,2
17402,2
17403,2
17404,2
17405,2
17406,2
17407,2
17408,2
17409,2
17410,2
17411,2
17412,2
17413,2
17414,2
17415,2
17416,2
17417,2
17418,2
17419,2
17420,2
17421,2
17422,2
17423,2
17424,2
17425,2
17426,2
17427,2
17428,2
17429,2
17430,2
17431,2
17432,2
17433,2
17434,2
17435,2
17436,2
17437,2
17438,2
17439,2
17440,2
17441,2
17442,2
17443,2
17444,2
17445,2
17446,2
17447,2
17448,2
17449,2
17450,2
17451,2
17452,2
17453,2
17454,2
17455,2
17456,2
17457,2
17458,2
17459,2
17460,2
17461,2
17462,2
17463,2
17464,2
17465,2
17466,2
17467,2
17468,2
17469,2
17470,2
17471,2
17472,2
17473,2
17474,2
17475,2
17476,2
17477,2
17478,2
17479,2
17480,2
17481,2
17482,2
17483,2
17484,2
17485,2
17486,2
17487,2
17488,2
17489,2
17490,2
17491,2
17492,2
17493,2
17494,2
17495,2
17496,2
17497,2
17498,2
17499,2
17500,2
17501,2
17502,2
17503,2
17504,2
17505,2
17506,2
17507,2
17508,2
17509,2
17510,2
17511,2
17512,2
17513,2
17514,2
17515,2
17516,2
17517,2
17518,2
17519,2
17520,2
17521,2
17522,2
17523,2
17524,2
17525,2
17526,2
17527,2
17528,2
17529,2
17530,2
17531,2
17532,2
17533,2
17534,2
17535,2
17536,2
17537,2
17538,2
17539,2
17540,2
17541,2
17542,2
17543,2
17544,2
17545,2
17546,2
17547,2
17548,2
17549,2
17550,2
17551,2
17552,2
17553,2
17554,2
17555,2
17556,2
17557,2
17558,2
17559,2
17560,2
17561,2
17562,2
17563,2
17564,2
17565,2
17566,2
17567,2
17568,2
17569,2
17570,2
17571,2
17572,2
17573,2
17574,2
17575,2
17576,2
17577,2
17578,2
17579,2
17580,2
17581,2
17582,2
17583,2
17584,2
17585,2
17586,2
17587,2
17588,2
17589,2
17590,2
17591,2
17592,2
17593,2
17594,2
17595,2
17596,2
17597,2
17598,2
17599,2
17600,2
17601,2
17602,2
17603,2
17604,2
17605,2
17606,2
17607,2
17608,2
17609,2
17610,2
17611,2
17612,2
17613,2
17614,2
17615,2
17616,2
17617,2
17618,2
17619,2
17620,2
17621,2
17622,2
17623,2
17624,2
17625,2
17626,2
17627,2
17628,2
17629,2
17630,2
17631,2
17632,2
17633,2
17634,2
17635,2
17636,2
17637,2
17638,2
17639,2
17640,2
17641,2
17642,2
17643,2
17644,2
17645,2
17646,2
17647,2
17648,2
17649,2
17650,2
17651,2
17652,2
17653,2
17654,2
17655,2
17656,2
17657,2
17658,2
17659,2
17660,2
17661,2
17662,2
17663,2
17664,2
17665,2
17666,2
17667,2
17668,2
17669,2
17670,2
17671,2
17672,2
17673,2
17674,2
17675,2
17676,2
17677,2
17678,2
17679,2
17680,2
17681,2
17682,2
17683,2
17684,2
17685,2
17686,2
17687,2
17688,2
17689,2
17690,2
17691,2
17692,2
17693,2
17694,2
17695,2
17696,2
17697,2
17698,2
17699,2
17700,2
17701,2
17702,2
17703,2
17704,2
17705,2
17706,2
17707,2
17708,2
17709,2
17710,2
17711,2
17712,2
17713,2
17714,2
17715,2
17716,2
17717,2
17718,2
17719,2
17720,2
17721,2
17722,2
17723,2
17724,2
17725,2
17726,2
17727,2
17728,2
17729,2
17730,2
17731,2
17732,2
17733,2
17734,2
17735,2
17736,2
17737,2
17738,2
17739,2
17740,2
17741,2
17742,2
17743,2
17744,2
17745,2
17746,2
17747,2
17748,2
17749,2
17750,2
17751,2
17752,2
17753,2
17754,2
17755,2
17756,2
17757,2
17758,2
17759,2
17760,2
17761,2
17762,2
17763,2
17764,2
17765,2
17766,2
17767,2
17768,2
17769,2
17770,2
17771,2
17772,2
17773,2
17774,2
17775,2
17776,2
17777,2
17778,2
17779,2
17780,2
17781,2
17782,2
17783,2
17784,2
17785,2
17786,2
17787,2
17788,2
17789,2
17790,2
17791,2
17792,2
17793,2
17794,2
17795,2
17796,2
17797,2
17798,2
17799,2
17800,2
17801,2
17802,2
17803,2
17804,2
17805,2
17806,2
17807,2
17808,2
17809,2
17810,2
17811,2
17812,2
17813,2
17814,2
17815,2
17816,2
17817,2
17818,2
17819,2
17820,2
17821,2
17822,2
17823,2
17824,2
17825,2
17826,2
17827,2
17828,2
17829,2
17830,2
17831,2
17832,2
17833,2
17834,2
17835,2
17836,2
17837,2
17838,2
17839,2
17840,2
17841,2
17842,2
17843,2
17844,2
17845,2
17846,2
17847,2
17848,2
17849,2
17850,2
17851,2
17852,2
17853,2
17854,2
17855,2
17856,2
17857,2
17858,2
17859,2
17860,2
17861,2
17862,2
17863,2
17864,2
17865,2
17866,2
17867,2
17868,2
17869,2
17870,2
17871,2
17872,2
17873,2
17874,2
17875,2
17876,2
17877,2
17878,2
17879,2
17880,2
17881,2
17882,2
17883,2
17884,2
17885,2
17886,2
17887,2
17888,2
17889,2
17890,2
17891,2
17892,2
17893,2
17894,2
17895,2
17896,2
17897,2
17898,2
17899,2
17900,2
17901,2
17902,2
17903,2
17904,2
17905,2
17906,2
17907,2
17908,2
17909,2
17910,2
17911,2
17912,2
17913,2
17914,2
17915,2
17916,2
17917,2
17918,2
17919,2
17920,2
17921,2
17922,2
17923,2
17924,2
17925,2
17926,2
17927,2
17928,2
17929,2
17930,2
17931,2
17932,2
17933,2
17934,2
17935,2
17936,2
17937,2
17938,2
17939,2
17940,2
17941,2
17942,2
17943,2
17944,2
17945,2
17946,2
17947,2
17948,2
17949,2
17950,2
17951,2
17952,2
17953,2
17954,2
17955,2
17956,2
17957,2
17958,2
17959,2
17960,2
17961,2
17962,2
17963,2
17964,2
17965,2
17966,2
17967,2
17968,2
17969,2
17970,2
17971,2
17972,2
17973,2
17974,2
17975,2
17976,2
17977,2
17978,2
17979,2
17980,2
17981,2
17982,2
17983,2
17984,2
17985,2
17986,2
17987,2
17988,2
17989,2
17990,2
17991,2
17992,2
17993,2
17994,2
17995,2
17996,2
17997,2
17998,2
17999,2
18000,2
18001,2
18002,2
18003,2
18004,2
18005,2
18006,2
18007,2
18008,2
18009,2
18010,2
18011,2
18012,2
18013,2
18014,2
18015,2
18016,2
18017,2
18018,2
18019,2
18020,2
18021,2
18022,2
18023,2
18024,2
18025,2
18026,2
18027,2
18028,2
18029,2
18030,2
18031,2
18032,2
18033,2
18034,2
18035,2
18036,2
18037,2
18038,2
18039,2
18040,2
18041,2
18042,2
18043,2
18044,2
18045,2
18046,2
18047,2
18048,2
18049,2
18050,2
18051,2
18052,2
18053,2
18054,2
18055,2
18056,2
18057,2
18058,2
18059,2
18060,2
18061,2
18062,2
18063,2
18064,2
18065,2
18066,2
18067,2
18068,2
18069,2
18070,2
18071,2
18072,2
18073,2
18074,2
18075,2
18076,2
18077,2
18078,2
18079,2
18080,2
18081,2
18082,2
18083,2
18084,2
18085,2
18086,2
18087,2
18088,2
18089,2
18090,2
18091,2
18092,2
18093,2
18094,2
18095,2
18096,2
18097,2
18098,2
18099,2
18100,2
18101,2
18102,2
18103,2
18104,2
18105,2
18106,2
18107,2
18108,2
18109,2
18110,2
18111,2
18112,2
18113,2
18114,2
18115,2
18116,2
18117,2
18118,2
18119,2
18120,2
18121,2
18122,2
18123,2
18124,2
18125,2
18126,2
18127,2
18128,2
18129,2
18130,2
18131,2
18132,2
18133,2
18134,2
18135,2
18136,2
18137,2
18138,2
18139,2
18140,2
18141,2
18142,2
18143,2
18144,2
18145,2
18146,2
18147,2
18148,2
18149,2
18150,2
18151,2
18152,2
18153,2
18154,2
18155,2
18156,2
18157,2
18158,2
18159,2
18160,2
18161,2
18162,2
18163,2
18164,2
18165,2
18166,2
18167,2
18168,2
18169,2
18170,2
18171,2
18172,2
18173,2
18174,2
18175,2
18176,2
18177,2
18178,2
18179,2
18180,2
18181,2
18182,2
18183,2
18184,2
18185,2
18186,2
18187,2
18188,2
18189,2
18190,2
18191,2
18192,2
18193,2
18194,2
18195,2
18196,2
18197,2
18198,2
18199,2
18200,2
18201,2
18202,2
18203,2
18204,2
18205,2
18206,2
18207,2
18208,2
18209,2
18210,2
18211,2
18212,2
18213,2
18214,2
18215,2
18216,2
18217,2
18218,2
18219,2
18220,2
18221,2
18222,2
18223,2
18224,2
18225,2
18226,2
18227,2
18228,2
18229,2
18230,2
18231,2
18232,2
18233,2
18234,2
18235,2
18236,2
18237,2
18238,2
18239,2
18240,2
18241,2
18242,2
18243,2
18244,2
18245,2
18246,2
18247,2
18248,2
18249,2
18250,2
18251,2
18252,2
18253,2
18254,2
18255,2
18256,2
18257,2
18258,2
18259,2
18260,2
18261,2
18262,2
18263,2
18264,2
18265,2
18266,2
18267,2
18268,2
18269,2
18270,2
18271,2
18272,2
18273,2
18274,2
18275,2
18276,2
18277,2
18278,2
18279,2
18280,2
18281,2
18282,2
18283,2
18284,2
18285,2
18286,2
18287,2
18288,2
18289,2
18290,2
18291,2
18292,2
18293,2
18294,2
18295,2
18296,2
18297,2
18298,2
18299,2
18300,2
18301,2
18302,2
18303,2
18304,2
18305,2
18306,2
18307,2
18308,2
18309,2
18310,2
18311,2
18312,2
18313,2
18314,2
18315,2
18316,2
18317,2
18318,2
18319,2
18320,2
18321,2
18322,2
18323,2
18324,2
18325,2
18326,2
18327,2
18328,2
18329,2
18330,2
18331,2
18332,2
18333,2
18334,2
18335,2
18336,2
18337,2
18338,2
18339,2
18340,2
18341,2
18342,2
18343,2
18344,2
18345,2
18346,2
18347,2
18348,2
18349,2
18350,2
18351,2
18352,2
18353,2
18354,2
18355,2
18356,2
18357,2
18358,2
18359,2
18360,2
18361,2
18362,2
18363,2
18364,2
18365,2
18366,2
18367,2
18368,2
18369,2
18370,2
18371,2
18372,2
18373,2
18374,2
18375,2
18376,2
18377,2
18378,2
18379,2
18380,2
18381,2
18382,2
18383,2
18384,2
18385,2
18386,2
18387,2
18388,2
18389,2
18390,2
18391,2
18392,2
18393,2
18394,2
18395,2
18396,2
18397,2
18398,2
18399,2
18400,2
18401,2
18402,2
18403,2
18404,2
18405,2
18406,2
18407,2
18408,2
18409,2
18410,2
18411,2
18412,2
18413,2
18414,2
18415,2
18416,2
18417,2
18418,2
18419,2
18420,2
18421,2
18422,2
18423,2
18424,2
18425,2
18426,2
18427,2
18428,2
18429,2
18430,2
18431,2
18432,2
18433,2
18434,2
18435,2
18436,2
18437,2
18438,2
18439,2
18440,2
18441,2
18442,2
18443,2
18444,2
18445,2
18446,2
18447,2
18448,2
18449,2
18450,2
18451,2
18452,2
18453,2
18454,2
18455,2
18456,2
18457,2
18458,2
18459,2
18460,2
18461,2
18462,2
18463,2
18464,2
18465,2
18466,2
18467,2
18468,2
18469,2
18470,2
18471,2
18472,2
18473,2
18474,2
18475,2
18476,2
18477,2
18478,2
18479,2
18480,2
18481,2
18482,2
18483,2
18484,2
18485,2
18486,2
18487,2
18488,2
18489,2
18490,2
18491,2
18492,2
18493,2
18494,2
18495,2
18496,2
18497,2
18498,2
18499,2
18500,2
18501,2
18502,2
18503,2
18504,2
18505,2
18506,2
18507,2
18508,2
18509,2
18510,2
18511,2
18512,2
18513,2
18514,2
18515,2
18516,2
18517,2
18518,2
18519,2
18520,2
18521,2
18522,2
18523,2
18524,2
18525,2
18526,2
18527,2
18528,2
18529,2
18530,2
18531,2
18532,2
18533,2
18534,2
18535,2
18536,2
18537,2
18538,2
18539,2
18540,2
18541,2
18542,2
18543,2
18544,2
18545,2
18546,2
18547,2
18548,2
18549,2
18550,2
18551,2
18552,2
18553,2
18554,2
18555,2
18556,2
18557,2
18558,2
18559,2
18560,2
18561,2
18562,2
18563,2
18564,2
18565,2
18566,2
18567,2
18568,2
18569,2
18570,2
18571,2
18572,2
18573,2
18574,2
18575,2
18576,2
18577,2
18578,2
18579,2
18580,2
18581,2
18582,2
18583,2
18584,2
18585,2
18586,2
18587,2
18588,2
18589,2
18590,2
18591,2
18592,2
18593,2
18594,2
18595,2
18596,2
18597,2
18598,2
18599,2
18600,2
18601,2
18602,2
18603,2
18604,2
18605,2
18606,2
18607,2
18608,2
18609,2
18610,2
18611,2
18612,2
18613,2
18614,2
18615,2
18616,2
18617,2
18618,2
18619,2
18620,2
18621,2
18622,2
18623,2
18624,2
18625,2
18626,2
18627,2
18628,2
18629,2
18630,2
18631,2
18632,2
18633,2
18634,2
18635,2
18636,2
18637,2
18638,2
18639,2
18640,2
18641,2
18642,2
18643,2
18644,2
18645,2
18646,2
18647,2
18648,2
18649,2
18650,2
18651,2
18652,2
18653,2
18654,2
18655,2
18656,2
18657,2
18658,2
18659,2
18660,2
18661,2
18662,2
18663,2
18664,2
18665,2
18666,2
18667,2
18668,2
18669,2
18670,2
18671,2
18672,2
18673,2
18674,2
18675,2
18676,2
18677,2
18678,2
18679,2
18680,2
18681,2
18682,2
18683,2
18684,2
18685,2
18686,2
18687,2
18688,2
18689,2
18690,2
18691,2
18692,2
18693,2
18694,2
18695,2
18696,2
18697,2
18698,2
18699,2
18700,2
18701,2
18702,2
18703,2
18704,2
18705,2
18706,2
18707,2
18708,2
18709,2
18710,2
18711,2
18712,2
18713,2
18714,2
18715,2
18716,2
18717,2
18718,2
18719,2
18720,2
18721,2
18722,2
18723,2
18724,2
18725,2
18726,2
18727,2
18728,2
18729,2
18730,2
18731,2
18732,2
18733,2
18734,2
18735,2
18736,2
18737,2
18738,2
18739,2
18740,2
18741,2
18742,2
18743,2
18744,2
18745,2
18746,2
18747,2
18748,2
18749,2
18750,2
18751,2
18752,2
18753,2
18754,2
18755,2
18756,2
18757,2
18758,2
18759,2
18760,2
18761,2
18762,2
18763,2
18764,2
18765,2
18766,2
18767,2
18768,2
18769,2
18770,2
18771,2
18772,2
18773,2
18774,2
18775,2
18776,2
18777,2
18778,2
18779,2
18780,2
18781,2
18782,2
18783,2
18784,2
18785,2
18786,2
18787,2
18788,2
18789,2
18790,2
18791,2
18792,2
18793,2
18794,2
18795,2
18796,2
18797,2
18798,2
18799,2
18800,2
18801,2
18802,2
18803,2
18804,2
18805,2
18806,2
18807,2
18808,2
18809,2
18810,2
18811,2
18812,2
18813,2
18814,2
18815,2
18816,2
18817,2
18818,2
18819,2
18820,2
18821,2
18822,2
18823,2
18824,2
18825,2
18826,2
18827,2
18828,2
18829,2
18830,2
18831,2
18832,2
18833,2
18834,2
18835,2
18836,2
18837,2
18838,2
18839,2
18840,2
18841,2
18842,2
18843,2
18844,2
18845,2
18846,2
18847,2
18848,2
18849,2
18850,2
18851,2
18852,2
18853,2
18854,2
18855,2
18856,2
18857,2
18858,2
18859,2
18860,2
18861,2
18862,2
18863,2
18864,2
18865,2
18866,2
18867,2
18868,2
18869,2
18870,2
18871,2
18872,2
18873,2
18874,2
18875,2
18876,2
18877,2
18878,2
18879,2
18880,2
18881,2
18882,2
18883,2
18884,2
18885,2
18886,2
18887,2
18888,2
18889,2
18890,2
18891,2
18892,2
18893,2
18894,2
18895,2
18896,2
18897,2
18898,2
18899,2
18900,2
18901,2
18902,2
18903,2
18904,2
18905,2
18906,2
18907,2
18908,2
18909,2
18910,2
18911,2
18912,2
18913,2
18914,2
18915,2
18916,2
18917,2
18918,2
18919,2
18920,2
18921,2
18922,2
18923,2
18924,2
18925,2
18926,2
18927,2
18928,2
18929,2
18930,2
18931,2
18932,2
18933,2
18934,2
18935,2
18936,2
18937,2
18938,2
18939,2
18940,2
18941,2
18942,2
18943,2
18944,2
18945,2
18946,2
18947,2
18948,2
18949,2
18950,2
18951,2
18952,2
18953,2
18954,2
18955,2
18956,2
18957,2
18958,2
18959,2
18960,2
18961,2
18962,2
18963,2
18964,2
18965,2
18966,2
18967,2
18968,2
18969,2
18970,2
18971,2
18972,2
18973,2
18974,2
18975,2
18976,2
18977,2
18978,2
18979,2
18980,2
18981,2
18982,2
18983,2
18984,2
18985,2
18986,2
18987,2
18988,2
18989,2
18990,2
18991,2
18992,2
18993,2
18994,2
18995,2
18996,2
18997,2
18998,2
18999,2
19000,2
19001,2
19002,2
19003,2
19004,2
19005,2
19006,2
19007,2
19008,2
19009,2
19010,2
19011,2
19012,2
19013,2
19014,2
19015,2
19016,2
19017,2
19018,2
19019,2
19020,2
19021,2
19022,2
19023,2
19024,2
19025,2
19026,2
19027,2
19028,2
19029,2
19030,2
19031,2
19032,2
19033,2
19034,2
19035,2
19036,2
19037,2
19038,2
19039,2
19040,2
19041,2
19042,2
19043,2
19044,2
19045,2
19046,2
19047,2
19048,2
19049,2
19050,2
19051,2
19052,2
19053,2
19054,2
19055,2
19056,2
19057,2
19058,2
19059,2
19060,2
19061,2
19062,2
19063,2
19064,2
19065,2
19066,2
19067,2
19068,2
19069,2
19070,2
19071,2
19072,2
19073,2
19074,2
19075,2
19076,2
19077,2
19078,2
19079,2
19080,2
19081,2
19082,2
19083,2
19084,2
19085,2
19086,2
19087,2
19088,2
19089,2
19090,2
19091,2
19092,2
19093,2
19094,2
19095,2
19096,2
19097,2
19098,2
19099,2
19100,2
19101,2
19102,2
19103,2
19104,2
19105,2
19106,2
19107,2
19108,2
19109,2
19110,2
19111,2
19112,2
19113,2
19114,2
19115,2
19116,2
19117,2
19118,2
19119,2
19120,2
19121,2
19122,2
19123,2
19124,2
19125,2
19126,2
19127,2
19128,2
19129,2
19130,2
19131,2
19132,2
19133,2
19134,2
19135,2
19136,2
19137,2
19138,2
19139,2
19140,2
19141,2
19142,2
19143,2
19144,2
19145,2
19146,2
19147,2
19148,2
19149,2
19150,2
19151,2
19152,2
19153,2
19154,2
19155,2
19156,2
19157,2
19158,2
19159,2
19160,2
19161,2
19162,2
19163,2
19164,2
19165,2
19166,2
19167,2
19168,2
19169,2
19170,2
19171,2
19172,2
19173,2
19174,2
19175,2
19176,2
19177,2
19178,2
19179,2
19180,2
19181,2
19182,2
19183,2
19184,2
19185,2
19186,2
19187,2
19188,2
19189,2
19190,2
19191,2
19192,2
19193,2
19194,2
19195,2
19196,2
19197,2
19198,2
19199,2
19200,2
19201,2
19202,2
19203,2
19204,2
19205,2
19206,2
19207,2
19208,2
19209,2
19210,2
19211,2
19212,2
19213,2
19214,2
19215,2
19216,2
19217,2
19218,2
19219,2
19220,2
19221,2
19222,2
19223,2
19224,2
19225,2
19226,2
19227,2
19228,2
19229,2
19230,2
19231,2
19232,2
19233,2
19234,2
19235,2
19236,2
19237,2
19238,2
19239,2
19240,2
19241,2
19242,2
19243,2
19244,2
19245,2
19246,2
19247,2
19248,2
19249,2
19250,2
19251,2
19252,2
19253,2
19254,2
19255,2
19256,2
19257,2
19258,2
19259,2
19260,2
19261,2
19262,2
19263,2
19264,2
19265,2
19266,2
19267,2
19268,2
19269,2
19270,2
19271,2
19272,2
19273,2
19274,2
19275,2
19276,2
19277,2
19278,2
19279,2
19280,2
19281,2
19282,2
19283,2
19284,2
19285,2
19286,2
19287,2
19288,2
19289,2
19290,2
19291,2
19292,2
19293,2
19294,2
19295,2
19296,2
19297,2
19298,2
19299,2
19300,2
19301,2
19302,2
19303,2
19304,2
19305,2
19306,2
19307,2
19308,2
19309,2
19310,2
19311,2
19312,2
19313,2
19314,2
19315,2
19316,2
19317,2
19318,2
19319,2
19320,2
19321,2
19322,2
19323,2
19324,2
19325,2
19326,2
19327,2
19328,2
19329,2
19330,2
19331,2
19332,2
19333,2
19334,2
19335,2
19336,2
19337,2
19338,2
19339,2
19340,2
19341,2
19342,2
19343,2
19344,2
19345,2
19346,2
19347,2
19348,2
19349,2
19350,2
19351,2
19352,2
19353,2
19354,2
19355,2
19356,2
19357,2
19358,2
19359,2
19360,2
19361,2
19362,2
19363,2
19364,2
19365,2
19366,2
19367,2
19368,2
19369,2
19370,2
19371,2
19372,2
19373,2
19374,2
19375,2
19376,2
19377,2
19378,2
19379,2
19380,2
19381,2
19382,2
19383,2
19384,2
19385,2
19386,2
19387,2
19388,2
19389,2
19390,2
19391,2
19392,2
19393,2
19394,2
19395,2
19396,2
19397,2
19398,2
19399,2
19400,2
19401,2
19402,2
19403,2
19404,2
19405,2
19406,2
19407,2
19408,2
19409,2
19410,2
19411,2
19412,2
19413,2
19414,2
19415,2
19416,2
19417,2
19418,2
19419,2
19420,2
19421,2
19422,2
19423,2
19424,2
19425,2
19426,2
19427,2
19428,2
19429,2
19430,2
19431,2
19432,2
19433,2
19434,2
19435,2
19436,2
19437,2
19438,2
19439,2
19440,2
19441,2
19442,2
19443,2
19444,2
19445,2
19446,2
19447,2
19448,2
19449,2
19450,2
19451,2
19452,2
19453,2
19454,2
19455,2
19456,2
19457,2
19458,2
19459,2
19460,2
19461,2
19462,2
19463,2
19464,2
19465,2
19466,2
19467,2
19468,2
19469,2
19470,2
19471,2
19472,2
19473,2
19474,2
19475,2
19476,2
19477,2
19478,2
19479,2
19480,2
19481,2
19482,2
19483,2
19484,2
19485,2
19486,2
19487,2
19488,2
19489,2
19490,2
19491,2
19492,2
19493,2
19494,2
19495,2
19496,2
19497,2
19498,2
19499,2
19500,2
19501,2
19502,2
19503,2
19504,2
19505,2
19506,2
19507,2
19508,2
19509,2
19510,2
19511,2
19512,2
19513,2
19514,2
19515,2
19516,2
19517,2
19518,2
19519,2
19520,2
19521,2
19522,2
19523,2
19524,2
19525,2
19526,2
19527,2
19528,2
19529,2
19530,2
19531,2
19532,2
19533,2
19534,2
19535,2
19536,2
19537,2
19538,2
19539,2
19540,2
19541,2
19542,2
19543,2
19544,2
19545,2
19546,2
19547,2
19548,2
19549,2
19550,2
19551,2
19552,2
19553,2
19554,2
19555,2
19556,2
19557,2
19558,2
19559,2
19560,2
19561,2
19562,2
19563,2
19564,2
19565,2
19566,2
19567,2
19568,2
19569,2
19570,2
19571,2
19572,2
19573,2
19574,2
19575,2
19576,2
19577,2
19578,2
19579,2
19580,2
19581,2
19582,2
19583,2
19584,2
19585,2
19586,2
19587,2
19588,2
19589,2
19590,2
19591,2
19592,2
19593,2
19594,2
19595,2
19596,2
19597,2
19598,2
19599,2
19600,2
19601,2
19602,2
19603,2
19604,2
19605,2
19606,2
19607,2
19608,2
19609,2
19610,2
19611,2
19612,2
19613,2
19614,2
19615,2
19616,2
19617,2
19618,2
19619,2
19620,2
19621,2
19622,2
19623,2
19624,2
19625,2
19626,2
19627,2
19628,2
19629,2
19630,2
19631,2
19632,2
19633,2
19634,2
19635,2
19636,2
19637,2
19638,2
19639,2
19640,2
19641,2
19642,2
19643,2
19644,2
19645,2
19646,2
19647,2
19648,2
19649,2
19650,2
19651,2
19652,2
19653,2
19654,2
19655,2
19656,2
19657,2
19658,2
19659,2
19660,2
19661,2
19662,2
19663,2
19664,2
19665,2
19666,2
19667,2
19668,2
19669,2
19670,2
19671,2
19672,2
19673,2
19674,2
19675,2
19676,2
19677,2
19678,2
19679,2
19680,2
19681,2
19682,2
19683,2
19684,2
19685,2
19686,2
19687,2
19688,2
19689,2
19690,2
19691,2
19692,2
19693,2
19694,2
19695,2
19696,2
19697,2
19698,2
19699,2
19700,2
19701,2
19702,2
19703,2
19704,2
19705,2
19706,2
19707,2
19708,2
19709,2
19710,2
19711,2
19712,2
19713,2
19714,2
19715,2
19716,2
19717,2
19718,2
19719,2
19720,2
19721,2
19722,2
19723,2
19724,2
19725,2
19726,2
19727,2
19728,2
19729,2
19730,2
19731,2
19732,2
19733,2
19734,2
19735,2
19736,2
19737,2
19738,2
19739,2
19740,2
19741,2
19742,2
19743,2
19744,2
19745,2
19746,2
19747,2
19748,2
19749,2
19750,2
19751,2
19752,2
19753,2
19754,2
19755,2
19756,2
19757,2
19758,2
19759,2
19760,2
19761,2
19762,2
19763,2
19764,2
19765,2
19766,2
19767,2
19768,2
19769,2
19770,2
19771,2
19772,2
19773,2
19774,2
19775,2
19776,2
19777,2
19778,2
19779,2
19780,2
19781,2
19782,2
19783,2
19784,2
19785,2
19786,2
19787,2
19788,2
19789,2
19790,2
19791,2
19792,2
19793,2
19794,2
19795,2
19796,2
19797,2
19798,2
19799,2
19800,2
19801,2
19802,2
19803,2
19804,2
19805,2
19806,2
19807,2
19808,2
19809,2
19810,2
19811,2
19812,2
19813,2
19814,2
19815,2
19816,2
19817,2
19818,2
19819,2
19820,2
19821,2
19822,2
19823,2
19824,2
19825,2
19826,2
19827,2
19828,2
19829,2
19830,2
19831,2
19832,2
19833,2
19834,2
19835,2
19836,2
19837,2
19838,2
19839,2
19840,2
19841,2
19842,2
19843,2
19844,2
19845,2
19846,2
19847,2
19848,2
19849,2
19850,2
19851,2
19852,2
19853,2
19854,2
19855,2
19856,2
19857,2
19858,2
19859,2
19860,2
19861,2
19862,2
19863,2
19864,2
19865,2
19866,2
19867,2
19868,2
19869,2
19870,2
19871,2
19872,2
19873,2
19874,2
19875,2
19876,2
19877,2
19878,2
19879,2
19880,2
19881,2
19882,2
19883,2
19884,2
19885,2
19886,2
19887,2
19888,2
19889,2
19890,2
19891,2
19892,2
19893,2
19894,2
19895,2
19896,2
19897,2
19898,2
19899,2
19900,2
19901,2
19902,2
19903,2
19904,2
19905,2
19906,2
19907,2
19908,2
19909,2
19910,2
19911,2
19912,2
19913,2
19914,2
19915,2
19916,2
19917,2
19918,2
19919,2
19920,2
19921,2
19922,2
19923,2
19924,2
19925,2
19926,2
19927,2
19928,2
19929,2
19930,2
19931,2
19932,2
19933,2
19934,2
19935,2
19936,2
19937,2
19938,2
19939,2
19940,2
19941,2
19942,2
19943,2
19944,2
19945,2
19946,2
19947,2
19948,2
19949,2
19950,2
19951,2
19952,2
19953,2
19954,2
19955,2
19956,2
19957,2
19958,2
19959,2
19960,2
19961,2
19962,2
19963,2
19964,2
19965,2
19966,2
19967,2
19968,2
19969,2
19970,2
19971,2
19972,2
19973,2
19974,2
19975,2
19976,2
19977,2
19978,2
19979,2
19980,2
19981,2
19982,2
19983,2
19984,2
19985,2
19986,2
19987,2
19988,2
19989,2
19990,2
19991,2
19992,2
19993,2
19994,2
19995,2
19996,2
19997,2
19998,2
19999,2
20000,2
20001,2
20002,2
20003,2
20004,2
20005,2
20006,2
20007,2
20008,2
20009,2
20010,2
20011,2
20012,2
20013,2
20014,2
20015,2
20016,2
20017,2
20018,2
20019,2
20020,2
20021,2
20022,2
20023,2
20024,2
20025,2
20026,2
20027,2
20028,2
20029,2
20030,2
20031,2
20032,2
20033,2
20034,2
20035,2
20036,2
20037,2
20038,2
20039,2
20040,2
20041,2
20042,2
20043,2
20044,2
20045,2
20046,2
20047,2
20048,2
20049,2
20050,2
20051,2
20052,2
20053,2
20054,2
20055,2
20056,2
20057,2
20058,2
20059,2
20060,2
20061,2
20062,2
20063,2
20064,2
20065,2
20066,2
20067,2
20068,2
20069,2
20070,2
20071,2
20072,2
20073,2
20074,2
20075,2
20076,2
20077,2
20078,2
20079,2
20080,2
20081,2
20082,2
20083,2
20084,2
20085,2
20086,2
20087,2
20088,2
20089,2
20090,2
20091,2
20092,2
20093,2
20094,2
20095,2
20096,2
20097,2
20098,2
20099,2
20100,2
20101,2
20102,2
20103,2
20104,2
20105,2
20106,2
20107,2
20108,2
20109,2
20110,2
20111,2
20112,2
20113,2
20114,2
20115,2
20116,2
20117,2
20118,2
20119,2
20120,2
20121,2
20122,2
20123,2
20124,2
20125,2
20126,2
20127,2
20128,2
20129,2
20130,2
20131,2
20132,2
20133,2
20134,2
20135,2
20136,2
20137,2
20138,2
20139,2
20140,2
20141,2
20142,2
20143,2
20144,2
20145,2
20146,2
20147,2
20148,2
20149,2
20150,2
20151,2
20152,2
20153,2
20154,2
20155,2
20156,2
20157,2
20158,2
20159,2
20160,2
20161,2
20162,2
20163,2
20164,2
20165,2
20166,2
20167,2
20168,2
20169,2
20170,2
20171,2
20172,2
20173,2
20174,2
20175,2
20176,2
20177,2
20178,2
20179,2
20180,2
20181,2
20182,2
20183,2
20184,2
20185,2
20186,2
20187,2
20188,2
20189,2
20190,2
20191,2
20192,2
20193,2
20194,2
20195,2
20196,2
20197,2
20198,2
20199,2
20200,2
20201,2
20202,2
20203,2
20204,2
20205,2
20206,2
20207,2
20208,2
20209,2
20210,2
20211,2
20212,2
20213,2
20214,2
20215,2
20216,2
20217,2
20218,2
20219,2
20220,2
20221,2
20222,2
20223,2
20224,2
20225,2
20226,2
20227,2
20228,2
20229,2
20230,2
20231,2
20232,2
20233,2
20234,2
20235,2
20236,2
20237,2
20238,2
20239,2
20240,2
20241,2
20242,2
20243,2
20244,2
20245,2
20246,2
20247,2
20248,2
20249,2
20250,2
20251,2
20252,2
20253,2
20254,2
20255,2
20256,2
20257,2
20258,2
20259,2
20260,2
20261,2
20262,2
20263,2
20264,2
20265,2
20266,2
20267,2
20268,2
20269,2
20270,2
20271,2
20272,2
20273,2
20274,2
20275,2
20276,2
20277,2
20278,2
20279,2
20280,2
20281,2
20282,2
20283,2
20284,2
20285,2
20286,2
20287,2
20288,2
20289,2
20290,2
20291,2
20292,2
20293,2
20294,2
20295,2
20296,2
20297,2
20298,2
20299,2
20300,2
20301,2
20302,2
20303,2
20304,2
20305,2
20306,2
20307,2
20308,2
20309,2
20310,2
20311,2
20312,2
20313,2
20314,2
20315,2
20316,2
20317,2
20318,2
20319,2
20320,2
20321,2
20322,2
20323,2
20324,2
20325,2
20326,2
20327,2
20328,2
20329,2
20330,2
20331,2
20332,2
20333,2
20334,2
20335,2
20336,2
20337,2
20338,2
20339,2
20340,2
20341,2
20342,2
20343,2
20344,2
20345,2
20346,2
20347,2
20348,2
20349,2
20350,2
20351,2
20352,2
20353,2
20354,2
20355,2
20356,2
20357,2
20358,2
20359,2
20360,2
20361,2
20362,2
20363,2
20364,2
20365,2
20366,2
20367,2
20368,2
20369,2
20370,2
20371,2
20372,2
20373,2
20374,2
20375,2
20376,2
20377,2
20378,2
20379,2
20380,2
20381,2
20382,2
20383,2
20384,2
20385,2
20386,2
20387,2
20388,2
20389,2
20390,2
20391,2
20392,2
20393,2
20394,2
20395,2
20396,2
20397,2
20398,2
20399,2
20400,2
20401,2
20402,2
20403,2
20404,2
20405,2
20406,2
20407,2
20408,2
20409,2
20410,2
20411,2
20412,2
20413,2
20414,2
20415,2
20416,2
20417,2
20418,2
20419,2
20420,2
20421,2
20422,2
20423,2
20424,2
20425,2
20426,2
20427,2
20428,2
20429,2
20430,2
20431,2
20432,2
20433,2
20434,2
20435,2
20436,2
20437,2
20438,2
20439,2
20440,2
20441,2
20442,2
20443,2
20444,2
20445,2
20446,2
20447,2
20448,2
20449,2
20450,2
20451,2
20452,2
20453,2
20454,2
20455,2
20456,2
20457,2
20458,2
20459,2
20460,2
20461,2
20462,2
20463,2
20464,2
20465,2
20466,2
20467,2
20468,2
20469,2
20470,2
20471,2
20472,2
20473,2
20474,2
20475,2
20476,2
20477,2
20478,2
20479,2
20480,2
20481,2
20482,2
20483,2
20484,2
20485,2
20486,2
20487,2
20488,2
20489,2
20490,2
20491,2
20492,2
20493,2
20494,2
20495,2
20496,2
20497,2
20498,2
20499,2
20500,2
20501,2
20502,2
20503,2
20504,2
20505,2
20506,2
20507,2
20508,2
20509,2
20510,2
20511,2
20512,2
20513,2
20514,2
20515,2
20516,2
20517,2
20518,2
20519,2
20520,2
20521,2
20522,2
20523,2
20524,2
20525,2
20526,2
20527,2
20528,2
20529,2
20530,2
20531,2
20532,2
20533,2
20534,2
20535,2
20536,2
20537,2
20538,2
20539,2
20540,2
20541,2
20542,2
20543,2
20544,2
20545,2
20546,2
20547,2
20548,2
20549,2
20550,2
20551,2
20552,2
20553,2
20554,2
20555,2
20556,2
20557,2
20558,2
20559,2
20560,2
20561,2
20562,2
20563,2
20564,2
20565,2
20566,2
20567,2
20568,2
20569,2
20570,2
20571,2
20572,2
20573,2
20574,2
20575,2
20576,2
20577,2
20578,2
20579,2
20580,2
20581,2
20582,2
20583,2
20584,2
20585,2
20586,2
20587,2
20588,2
20589,2
20590,2
20591,2
20592,2
20593,2
20594,2
20595,2
20596,2
20597,2
20598,2
20599,2
20600,2
20601,2
20602,2
20603,2
20604,2
20605,2
20606,2
20607,2
20608,2
20609,2
20610,2
20611,2
20612,2
20613,2
20614,2
20615,2
20616,2
20617,2
20618,2
20619,2
20620,2
20621,2
20622,2
20623,2
20624,2
20625,2
20626,2
20627,2
20628,2
20629,2
20630,2
20631,2
20632,2
20633,2
20634,2
20635,2
20636,2
20637,2
20638,2
20639,2
20640,2
20641,2
20642,2
20643,2
20644,2
20645,2
20646,2
20647,2
20648,2
20649,2
20650,2
20651,2
20652,2
20653,2
20654,2
20655,2
20656,2
20657,2
20658,2
20659,2
20660,2
20661,2
20662,2
20663,2
20664,2
20665,2
20666,2
20667,2
20668,2
20669,2
20670,2
20671,2
20672,2
20673,2
20674,2
20675,2
20676,2
20677,2
20678,2
20679,2
20680,2
20681,2
20682,2
20683,2
20684,2
20685,2
20686,2
20687,2
20688,2
20689,2
20690,2
20691,2
20692,2
20693,2
20694,2
20695,2
20696,2
20697,2
20698,2
20699,2
20700,2
20701,2
20702,2
20703,2
20704,2
20705,2
20706,2
20707,2
20708,2
20709,2
20710,2
20711,2
20712,2
20713,2
20714,2
20715,2
20716,2
20717,2
20718,2
20719,2
20720,2
20721,2
20722,2
20723,2
20724,2
20725,2
20726,2
20727,2
20728,2
20729,2
20730,2
20731,2
20732,2
20733,2
20734,2
20735,2
20736,2
20737,2
20738,2
20739,2
20740,2
20741,2
20742,2
20743,2
20744,2
20745,2
20746,2
20747,2
20748,2
20749,2
20750,2
20751,2
20752,2
20753,2
20754,2
20755,2
20756,2
20757,2
20758,2
20759,2
20760,2
20761,2
20762,2
20763,2
20764,2
20765,2
20766,2
20767,2
20768,2
20769,2
20770,2
20771,2
20772,2
20773,2
20774,2
20775,2
20776,2
20777,2
20778,2
20779,2
20780,2
20781,2
20782,2
20783,2
20784,2
20785,2
20786,2
20787,2
20788,2
20789,2
20790,2
20791,2
20792,2
20793,2
20794,2
20795,2
20796,2
20797,2
20798,2
20799,2
20800,2
20801,2
20802,2
20803,2
20804,2
20805,2
20806,2
20807,2
20808,2
20809,2
20810,2
20811,2
20812,2
20813,2
20814,2
20815,2
20816,2
20817,2
20818,2
20819,2
20820,2
20821,2
20822,2
20823,2
20824,2
20825,2
20826,2
20827,2
20828,2
20829,2
20830,2
20831,2
20832,2
20833,2
20834,2
20835,2
20836,2
20837,2
20838,2
20839,2
20840,2
20841,2
20842,2
20843,2
20844,2
20845,2
20846,2
20847,2
20848,2
20849,2
20850,2
20851,2
20852,2
20853,2
20854,2
20855,2
20856,2
20857,2
20858,2
20859,2
20860,2
20861,2
20862,2
20863,2
20864,2
20865,2
20866,2
20867,2
20868,2
20869,2
20870,2
20871,2
20872,2
20873,2
20874,2
20875,2
20876,2
20877,2
20878,2
20879,2
20880,2
20881,2
20882,2
20883,2
20884,2
20885,2
20886,2
20887,2
20888,2
20889,2
20890,2
20891,2
20892,2
20893,2
20894,2
20895,2
20896,2
20897,2
20898,2
20899,2
20900,2
20901,2
20902,2
20903,2
20904,2
20905,2
20906,2
20907,2
20908,2
20909,2
20910,2
20911,2
20912,2
20913,2
20914,2
20915,2
20916,2
20917,2
20918,2
20919,2
20920,2
20921,2
20922,2
20923,2
20924,2
20925,2
20926,2
20927,2
20928,2
20929,2
20930,2
20931,2
20932,2
20933,2
20934,2
20935,2
20936,2
20937,2
20938,2
20939,2
20940,2
20941,2
20942,2
20943,2
20944,2
20945,2
20946,2
20947,2
20948,2
20949,2
20950,2
20951,2
20952,2
20953,2
20954,2
20955,2
20956,2
20957,2
20958,2
20959,2
20960,2
20961,2
20962,2
20963,2
20964,2
20965,2
20966,2
20967,2
20968,2
20969,2
20970,2
20971,2
20972,2
20973,2
20974,2
20975,2
20976,2
20977,2
20978,2
20979,2
20980,2
20981,2
20982,2
20983,2
20984,2
20985,2
20986,2
20987,2
20988,2
20989,2
20990,2
20991,2
20992,2
20993,2
20994,2
20995,2
20996,2
20997,2
20998,2
20999,2
21000,2
21001,2
21002,2
21003,2
21004,2
21005,2
21006,2
21007,2
21008,2
21009,2
21010,2
21011,2
21012,2
21013,2
21014,2
21015,2
21016,2
21017,2
21018,2
21019,2
21020,2
21021,2
21022,2
21023,2
21024,2
21025,2
21026,2
21027,2
21028,2
21029,2
21030,2
21031,2
21032,2
21033,2
21034,2
21035,2
21036,2
21037,2
21038,2
21039,2
21040,2
21041,2
21042,2
21043,2
21044,2
21045,2
21046,2
21047,2
21048,2
21049,2
21050,2
21051,2
21052,2
21053,2
21054,2
21055,2
21056,2
21057,2
21058,2
21059,2
21060,2
21061,2
21062,2
21063,2
21064,2
21065,2
21066,2
21067,2
21068,2
21069,2
21070,2
21071,2
21072,2
21073,2
21074,2
21075,2
21076,2
21077,2
21078,2
21079,2
21080,2
21081,2
21082,2
21083,2
21084,2
21085,2
21086,2
21087,2
21088,2
21089,2
21090,2
21091,2
21092,2
21093,2
21094,2
21095,2
21096,2
21097,2
21098,2
21099,2
21100,2
21101,2
21102,2
21103,2
21104,2
21105,2
21106,2
21107,2
21108,2
21109,2
21110,2
21111,2
21112,2
21113,2
21114,2
21115,2
21116,2
21117,2
21118,2
21119,2
21120,2
21121,2
21122,2
21123,2
21124,2
21125,2
21126,2
21127,2
21128,2
21129,2
21130,2
21131,2
21132,2
21133,2
21134,2
21135,2
21136,2
21137,2
21138,2
21139,2
21140,2
21141,2
21142,2
21143,2
21144,2
21145,2
21146,2
21147,2
21148,2
21149,2
21150,2
21151,2
21152,2
21153,2
21154,2
21155,2
21156,2
21157,2
21158,2
21159,2
21160,2
21161,2
21162,2
21163,2
21164,2
21165,2
21166,2
21167,2
21168,2
21169,2
21170,2
21171,2
21172,2
21173,2
21174,2
21175,2
21176,2
21177,2
21178,2
21179,2
21180,2
21181,2
21182,2
21183,2
21184,2
21185,2
21186,2
21187,2
21188,2
21189,2
21190,2
21191,2
21192,2
21193,2
21194,2
21195,2
21196,2
21197,2
21198,2
21199,2
21200,2
21201,2
21202,2
21203,2
21204,2
21205,2
21206,2
21207,2
21208,2
21209,2
21210,2
21211,2
21212,2
21213,2
21214,2
21215,2
21216,2
21217,2
21218,2
21219,2
21220,2
21221,2
21222,2
21223,2
21224,2
21225,2
21226,2
21227,2
21228,2
21229,2
21230,2
21231,2
21232,2
21233,2
21234,2
21235,2
21236,2
21237,2
21238,2
21239,2
21240,2
21241,2
21242,2
21243,2
21244,2
21245,2
21246,2
21247,2
21248,2
21249,2
21250,2
21251,2
21252,2
21253,2
21254,2
21255,2
21256,2
21257,2
21258,2
21259,2
21260,2
21261,2
21262,2
21263,2
21264,2
21265,2
21266,2
21267,2
21268,2
21269,2
21270,2
21271,2
21272,2
21273,2
21274,2
21275,2
21276,2
21277,2
21278,2
21279,2
21280,2
21281,2
21282,2
21283,2
21284,2
21285,2
21286,2
21287,2
21288,2
21289,2
21290,2
21291,2
21292,2
21293,2
21294,2
21295,2
21296,2
21297,2
21298,2
21299,2
21300,2
21301,2
21302,2
21303,2
21304,2
21305,2
21306,2
21307,2
21308,2
21309,2
21310,2
21311,2
21312,2
21313,2
21314,2
21315,2
21316,2
21317,2
21318,2
21319,2
21320,2
21321,2
21322,2
21323,2
21324,2
21325,2
21326,2
21327,2
21328,2
21329,2
21330,2
21331,2
21332,2
21333,2
21334,2
21335,2
21336,2
21337,2
21338,2
21339,2
21340,2
21341,2
21342,2
21343,2
21344,2
21345,2
21346,2
21347,2
21348,2
21349,2
21350,2
21351,2
21352,2
21353,2
21354,2
21355,2
21356,2
21357,2
21358,2
21359,2
21360,2
21361,2
21362,2
21363,2
21364,2
21365,2
21366,2
21367,2
21368,2
21369,2
21370,2
21371,2
21372,2
21373,2
21374,2
21375,2
21376,2
21377,2
21378,2
21379,2
21380,2
21381,2
21382,2
21383,2
21384,2
21385,2
21386,2
21387,2
21388,2
21389,2
21390,2
21391,2
21392,2
21393,2
21394,2
21395,2
21396,2
21397,2
21398,2
21399,2
21400,2
21401,2
21402,2
21403,2
21404,2
21405,2
21406,2
21407,2
21408,2
21409,2
21410,2
21411,2
21412,2
21413,2
21414,2
21415,2
21416,2
21417,2
21418,2
21419,2
21420,2
21421,2
21422,2
21423,2
21424,2
21425,2
21426,2
21427,2
21428,2
21429,2
21430,2
21431,2
21432,2
21433,2
21434,2
21435,2
21436,2
21437,2
21438,2
21439,2
21440,2
21441,2
21442,2
21443,2
21444,2
21445,2
21446,2
21447,2
21448,2
21449,2
21450,2
21451,2
21452,2
21453,2
21454,2
21455,2
21456,2
21457,2
21458,2
21459,2
21460,2
21461,2
21462,2
21463,2
21464,2
21465,2
21466,2
21467,2
21468,2
21469,2
21470,2
21471,2
21472,2
21473,2
21474,2
21475,2
21476,2
21477,2
21478,2
21479,2
21480,2
21481,2
21482,2
21483,2
21484,2
21485,2
21486,2
21487,2
21488,2
21489,2
21490,2
21491,2
21492,2
21493,2
21494,2
21495,2
21496,2
21497,2
21498,2
21499,2
21500,2
21501,2
21502,2
21503,2
21504,2
21505,2
21506,2
21507,2
21508,2
21509,2
21510,2
21511,2
21512,2
21513,2
21514,2
21515,2
21516,2
21517,2
21518,2
21519,2
21520,2
21521,2
21522,2
21523,2
21524,2
21525,2
21526,2
21527,2
21528,2
21529,2
21530,2
21531,2
21532,2
21533,2
21534,2
21535,2
21536,2
21537,2
21538,2
21539,2
21540,2
21541,2
21542,2
21543,2
21544,2
21545,2
21546,2
21547,2
21548,2
21549,2
21550,2
21551,2
21552,2
21553,2
21554,2
21555,2
21556,2
21557,2
21558,2
21559,2
21560,2
21561,2
21562,2
21563,2
21564,2
21565,2
21566,2
21567,2
21568,2
21569,2
21570,2
21571,2
21572,2
21573,2
21574,2
21575,2
21576,2
21577,2
21578,2
21579,2
21580,2
21581,2
21582,2
21583,2
21584,2
21585,2
21586,2
21587,2
21588,2
21589,2
21590,2
21591,2
21592,2
21593,2
21594,2
21595,2
21596,2
21597,2
21598,2
21599,2
21600,2
21601,2
21602,2
21603,2
21604,2
21605,2
21606,2
21607,2
21608,2
21609,2
21610,2
21611,2
21612,2
21613,2
21614,2
21615,2
21616,2
21617,2
21618,2
21619,2
21620,2
21621,2
21622,2
21623,2
21624,2
21625,2
21626,2
21627,2
21628,2
21629,2
21630,2
21631,2
21632,2
21633,2
21634,2
21635,2
21636,2
21637,2
21638,2
21639,2
21640,2
21641,2
21642,2
21643,2
21644,2
21645,2
21646,2
21647,2
21648,2
21649,2
21650,2
21651,2
21652,2
21653,2
21654,2
21655,2
21656,2
21657,2
21658,2
21659,2
21660,2
21661,2
21662,2
21663,2
21664,2
21665,2
21666,2
21667,2
21668,2
21669,2
21670,2
21671,2
21672,2
21673,2
21674,2
21675,2
21676,2
21677,2
21678,2
21679,2
21680,2
21681,2
21682,2
21683,2
21684,2
21685,2
21686,2
21687,2
21688,2
21689,2
21690,2
21691,2
21692,2
21693,2
21694,2
21695,2
21696,2
21697,2
21698,2
21699,2
21700,2
21701,2
21702,2
21703,2
21704,2
21705,2
21706,2
21707,2
21708,2
21709,2
21710,2
21711,2
21712,2
21713,2
21714,2
21715,2
21716,2
21717,2
21718,2
21719,2
21720,2
21721,2
21722,2
21723,2
21724,2
21725,2
21726,2
21727,2
21728,2
21729,2
21730,2
21731,2
21732,2
21733,2
21734,2
21735,2
21736,2
21737,2
21738,2
21739,2
21740,2
21741,2
21742,2
21743,2
21744,2
21745,2
21746,2
21747,2
21748,2
21749,2
21750,2
21751,2
21752,2
21753,2
21754,2
21755,2
21756,2
21757,2
21758,2
21759,2
21760,2
21761,2
21762,2
21763,2
21764,2
21765,2
21766,2
21767,2
21768,2
21769,2
21770,2
21771,2
21772,2
21773,2
21774,2
21775,2
21776,2
21777,2
21778,2
21779,2
21780,2
21781,2
21782,2
21783,2
21784,2
21785,2
21786,2
21787,2
21788,2
21789,2
21790,2
21791,2
21792,2
21793,2
21794,2
21795,2
21796,2
21797,2
21798,2
21799,2
21800,2
21801,2
21802,2
21803,2
21804,2
21805,2
21806,2
21807,2
21808,2
21809,2
21810,2
21811,2
21812,2
21813,2
21814,2
21815,2
21816,2
21817,2
21818,2
21819,2
21820,2
21821,2
21822,2
21823,2
21824,2
21825,2
21826,2
21827,2
21828,2
21829,2
21830,2
21831,2
21832,2
21833,2
21834,2
21835,2
21836,2
21837,2
21838,2
21839,2
21840,2
21841,2
21842,2
21843,2
21844,2
21845,2
21846,2
21847,2
21848,2
21849,2
21850,2
21851,2
21852,2
21853,2
21854,2
21855,2
21856,2
21857,2
21858,2
21859,2
21860,2
21861,2
21862,2
21863,2
21864,2
21865,2
21866,2
21867,2
21868,2
21869,2
21870,2
21871,2
21872,2
21873,2
21874,2
21875,2
21876,2
21877,2
21878,2
21879,2
21880,2
21881,2
21882,2
21883,2
21884,2
21885,2
21886,2
21887,2
21888,2
21889,2
21890,2
21891,2
21892,2
21893,2
21894,2
21895,2
21896,2
21897,2
21898,2
21899,2
21900,2
21901,2
21902,2
21903,2
21904,2
21905,2
21906,2
21907,2
21908,2
21909,2
21910,2
21911,2
21912,2
21913,2
21914,2
21915,2
21916,2
21917,2
21918,2
21919,2
21920,2
21921,2
21922,2
21923,2
21924,2
21925,2
21926,2
21927,2
21928,2
21929,2
21930,2
21931,2
21932,2
21933,2
21934,2
21935,2
21936,2
21937,2
21938,2
21939,2
21940,2
21941,2
21942,2
21943,2
21944,2
21945,2
21946,2
21947,2
21948,2
21949,2
21950,2
21951,2
21952,2
21953,2
21954,2
21955,2
21956,2
21957,2
21958,2
21959,2
21960,2
21961,2
21962,2
21963,2
21964,2
21965,2
21966,2
21967,2
21968,2
21969,2
21970,2
21971,2
21972,2
21973,2
21974,2
21975,2
21976,2
21977,2
21978,2
21979,2
21980,2
21981,2
21982,2
21983,2
21984,2
21985,2
21986,2
21987,2
21988,2
21989,2
21990,2
21991,2
21992,2
21993,2
21994,2
21995,2
21996,2
21997,2
21998,2
21999,2
22000,2
22001,2
22002,2
22003,2
22004,2
22005,2
22006,2
22007,2
22008,2
22009,2
22010,2
22011,2
22012,2
22013,2
22014,2
22015,2
22016,2
22017,2
22018,2
22019,2
22020,2
22021,2
22022,2
22023,2
22024,2
22025,2
22026,2
22027,2
22028,2
22029,2
22030,2
22031,2
22032,2
22033,2
22034,2
22035,2
22036,2
22037,2
22038,2
22039,2
22040,2
22041,2
22042,2
22043,2
22044,2
22045,2
22046,2
22047,2
22048,2
22049,2
22050,2
22051,2
22052,2
22053,2
22054,2
22055,2
22056,2
22057,2
22058,2
22059,2
22060,2
22061,2
22062,2
22063,2
22064,2
22065,2
22066,2
22067,2
22068,2
22069,2
22070,2
22071,2
22072,2
22073,2
22074,2
22075,2
22076,2
22077,2
22078,2
22079,2
22080,2
22081,2
22082,2
22083,2
22084,2
22085,2
22086,2
22087,2
22088,2
22089,2
22090,2
22091,2
22092,2
22093,2
22094,2
22095,2
22096,2
22097,2
22098,2
22099,2
22100,2
22101,2
22102,2
22103,2
22104,2
22105,2
22106,2
22107,2
22108,2
22109,2
22110,2
22111,2
22112,2
22113,2
22114,2
22115,2
22116,2
22117,2
22118,2
22119,2
22120,2
22121,2
22122,2
22123,2
22124,2
22125,2
22126,2
22127,2
22128,2
22129,2
22130,2
22131,2
22132,2
22133,2
22134,2
22135,2
22136,2
22137,2
22138,2
22139,2
22140,2
22141,2
22142,2
22143,2
22144,2
22145,2
22146,2
22147,2
22148,2
22149,2
22150,2
22151,2
22152,2
22153,2
22154,2
22155,2
22156,2
22157,2
22158,2
22159,2
22160,2
22161,2
22162,2
22163,2
22164,2
22165,2
22166,2
22167,2
22168,2
22169,2
22170,2
22171,2
22172,2
22173,2
22174,2
22175,2
22176,2
22177,2
22178,2
22179,2
22180,2
22181,2
22182,2
22183,2
22184,2
22185,2
22186,2
22187,2
22188,2
22189,2
22190,2
22191,2
22192,2
22193,2
22194,2
22195,2
22196,2
22197,2
22198,2
22199,2
22200,2
22201,2
22202,2
22203,2
22204,2
22205,2
22206,2
22207,2
22208,2
22209,2
22210,2
22211,2
22212,2
22213,2
22214,2
22215,2
22216,2
22217,2
22218,2
22219,2
22220,2
22221,2
22222,2
22223,2
22224,2
22225,2
22226,2
22227,2
22228,2
22229,2
22230,2
22231,2
22232,2
22233,2
22234,2
22235,2
22236,2
22237,2
22238,2
22239,2
22240,2
22241,2
22242,2
22243,2
22244,2
22245,2
22246,2
22247,2
22248,2
22249,2
22250,2
22251,2
22252,2
22253,2
22254,2
22255,2
22256,2
22257,2
22258,2
22259,2
22260,2
22261,2
22262,2
22263,2
22264,2
22265,2
22266,2
22267,2
22268,2
22269,2
22270,2
22271,2
22272,2
22273,2
22274,2
22275,2
22276,2
22277,2
22278,2
22279,2
22280,2
22281,2
22282,2
22283,2
22284,2
22285,2
22286,2
22287,2
22288,2
22289,2
22290,2
22291,2
22292,2
22293,2
22294,2
22295,2
22296,2
22297,2
22298,2
22299,2
22300,2
22301,2
22302,2
22303,2
22304,2
22305,2
22306,2
22307,2
22308,2
22309,2
22310,2
22311,2
22312,2
22313,2
22314,2
22315,2
22316,2
22317,2
22318,2
22319,2
22320,2
22321,2
22322,2
22323,2
22324,2
22325,2
22326,2
22327,2
22328,2
22329,2
22330,2
22331,2
22332,2
22333,2
22334,2
22335,2
22336,2
22337,2
22338,2
22339,2
22340,2
22341,2
22342,2
22343,2
22344,2
22345,2
22346,2
22347,2
22348,2
22349,2
22350,2
22351,2
22352,2
22353,2
22354,2
22355,2
22356,2
22357,2
22358,2
22359,2
22360,2
22361,2
22362,2
22363,2
22364,2
22365,2
22366,2
22367,2
22368,2
22369,2
22370,2
22371,2
22372,2
22373,2
22374,2
22375,2
22376,2
22377,2
22378,2
22379,2
22380,2
22381,2
22382,2
22383,2
22384,2
22385,2
22386,2
22387,2
22388,2
22389,2
22390,2
22391,2
22392,2
22393,2
22394,2
22395,2
22396,2
22397,2
22398,2
22399,2
22400,2
22401,2
22402,2
22403,2
22404,2
22405,2
22406,2
22407,2
22408,2
22409,2
22410,2
22411,2
22412,2
22413,2
22414,2
22415,2
22416,2
22417,2
22418,2
22419,2
22420,2
22421,2
22422,2
22423,2
22424,2
22425,2
22426,2
22427,2
22428,2
22429,2
22430,2
22431,2
22432,2
22433,2
22434,2
22435,2
22436,2
22437,2
22438,2
22439,2
22440,2
22441,2
22442,2
22443,2
22444,2
22445,2
22446,2
22447,2
22448,2
22449,2
22450,2
22451,2
22452,2
22453,2
22454,2
22455,2
22456,2
22457,2
22458,2
22459,2
22460,2
22461,2
22462,2
22463,2
22464,2
22465,2
22466,2
22467,2
22468,2
22469,2
22470,2
22471,2
22472,2
22473,2
22474,2
22475,2
22476,2
22477,2
22478,2
22479,2
22480,2
22481,2
22482,2
22483,2
22484,2
22485,2
22486,2
22487,2
22488,2
22489,2
22490,2
22491,2
22492,2
22493,2
22494,2
22495,2
22496,2
22497,2
22498,2
22499,2
22500,2
22501,2
22502,2
22503,2
22504,2
22505,2
22506,2
22507,2
22508,2
22509,2
22510,2
22511,2
22512,2
22513,2
22514,2
22515,2
22516,2
22517,2
22518,2
22519,2
22520,2
22521,2
22522,2
22523,2
22524,2
22525,2
22526,2
22527,2
22528,2
22529,2
22530,2
22531,2
22532,2
22533,2
22534,2
22535,2
22536,2
22537,2
22538,2
22539,2
22540,2
22541,2
22542,2
22543,2
22544,2
22545,2
22546,2
22547,2
22548,2
22549,2
22550,2
22551,2
22552,2
22553,2
22554,2
22555,2
22556,2
22557,2
22558,2
22559,2
22560,2
22561,2
22562,2
22563,2
22564,2
22565,2
22566,2
22567,2
22568,2
22569,2
22570,2
22571,2
22572,2
22573,2
22574,2
22575,2
22576,2
22577,2
22578,2
22579,2
22580,2
22581,2
22582,2
22583,2
22584,2
22585,2
22586,2
22587,2
22588,2
22589,2
22590,2
22591,2
22592,2
22593,2
22594,2
22595,2
22596,2
22597,2
22598,2
22599,2
22600,2
22601,2
22602,2
22603,2
22604,2
22605,2
22606,2
22607,2
22608,2
22609,2
22610,2
22611,2
22612,2
22613,2
22614,2
22615,2
22616,2
22617,2
22618,2
22619,2
22620,2
22621,2
22622,2
22623,2
22624,2
22625,2
22626,2
22627,2
22628,2
22629,2
22630,2
22631,2
22632,2
22633,2
22634,2
22635,2
22636,2
22637,2
22638,2
22639,2
22640,2
22641,2
22642,2
22643,2
22644,2
22645,2
22646,2
22647,2
22648,2
22649,2
22650,2
22651,2
22652,2
22653,2
22654,2
22655,2
22656,2
22657,2
22658,2
22659,2
22660,2
22661,2
22662,2
22663,2
22664,2
22665,2
22666,2
22667,2
22668,2
22669,2
22670,2
22671,2
22672,2
22673,2
22674,2
22675,2
22676,2
22677,2
22678,2
22679,2
22680,2
22681,2
22682,2
22683,2
22684,2
22685,2
22686,2
22687,2
22688,2
22689,2
22690,2
22691,2
22692,2
22693,2
22694,2
22695,2
22696,2
22697,2
22698,2
22699,2
22700,2
22701,2
22702,2
22703,2
22704,2
22705,2
22706,2
22707,2
22708,2
22709,2
22710,2
22711,2
22712,2
22713,2
22714,2
22715,2
22716,2
22717,2
22718,2
22719,2
22720,2
22721,2
22722,2
22723,2
22724,2
22725,2
22726,2
22727,2
22728,2
22729,2
22730,2
22731,2
22732,2
22733,2
22734,2
22735,2
22736,2
22737,2
22738,2
22739,2
22740,2
22741,2
22742,2
22743,2
22744,2
22745,2
22746,2
22747,2
22748,2
22749,2
22750,2
22751,2
22752,2
22753,2
22754,2
22755,2
22756,2
22757,2
22758,2
22759,2
22760,2
22761,2
22762,2
22763,2
22764,2
22765,2
22766,2
22767,2
22768,2
22769,2
22770,2
22771,2
22772,2
22773,2
22774,2
22775,2
22776,2
22777,2
22778,2
22779,2
22780,2
22781,2
22782,2
22783,2
22784,2
22785,2
22786,2
22787,2
22788,2
22789,2
22790,2
22791,2
22792,2
22793,2
22794,2
22795,2
22796,2
22797,2
22798,2
22799,2
22800,2
22801,2
22802,2
22803,2
22804,2
22805,2
22806,2
22807,2
22808,2
22809,2
22810,2
22811,2
22812,2
22813,2
22814,2
22815,2
22816,2
22817,2
22818,2
22819,2
22820,2
22821,2
22822,2
22823,2
22824,2
22825,2
22826,2
22827,2
22828,2
22829,2
22830,2
22831,2
22832,2
22833,2
22834,2
22835,2
22836,2
22837,2
22838,2
22839,2
22840,2
22841,2
22842,2
22843,2
22844,2
22845,2
22846,2
22847,2
22848,2
22849,2
22850,2
22851,2
22852,2
22853,2
22854,2
22855,2
22856,2
22857,2
22858,2
22859,2
22860,2
22861,2
22862,2
22863,2
22864,2
22865,2
22866,2
22867,2
22868,2
22869,2
22870,2
22871,2
22872,2
22873,2
22874,2
22875,2
22876,2
22877,2
22878,2
22879,2
22880,2
22881,2
22882,2
22883,2
22884,2
22885,2
22886,2
22887,2
22888,2
22889,2
22890,2
22891,2
22892,2
22893,2
22894,2
22895,2
22896,2
22897,2
22898,2
22899,2
22900,2
22901,2
22902,2
22903,2
22904,2
22905,2
22906,2
22907,2
22908,2
22909,2
22910,2
22911,2
22912,2
22913,2
22914,2
22915,2
22916,2
22917,2
22918,2
22919,2
22920,2
22921,2
22922,2
22923,2
22924,2
22925,2
22926,2
22927,2
22928,2
22929,2
22930,2
22931,2
22932,2
22933,2
22934,2
22935,2
22936,2
22937,2
22938,2
22939,2
22940,2
22941,2
22942,2
22943,2
22944,2
22945,2
22946,2
22947,2
22948,2
22949,2
22950,2
22951,2
22952,2
22953,2
22954,2
22955,2
22956,2
22957,2
22958,2
22959,2
22960,2
22961,2
22962,2
22963,2
22964,2
22965,2
22966,2
22967,2
22968,2
22969,2
22970,2
22971,2
22972,2
22973,2
22974,2
22975,2
22976,2
22977,2
22978,2
22979,2
22980,2
22981,2
22982,2
22983,2
22984,2
22985,2
22986,2
22987,2
22988,2
22989,2
22990,2
22991,2
22992,2
22993,2
22994,2
22995,2
22996,2
22997,2
22998,2
22999,2
23000,2
23001,2
23002,2
23003,2
23004,2
23005,2
23006,2
23007,2
23008,2
23009,2
23010,2
23011,2
23012,2
23013,2
23014,2
23015,2
23016,2
23017,2
23018,2
23019,2
23020,2
23021,2
23022,2
23023,2
23024,2
23025,2
23026,2
23027,2
23028,2
23029,2
23030,2
23031,2
23032,2
23033,2
23034,2
23035,2
23036,2
23037,2
23038,2
23039,2
23040,2
23041,2
23042,2
23043,2
23044,2
23045,2
23046,2
23047,2
23048,2
23049,2
23050,2
23051,2
23052,2
23053,2
23054,2
23055,2
23056,2
23057,2
23058,2
23059,2
23060,2
23061,2
23062,2
23063,2
23064,2
23065,2
23066,2
23067,2
23068,2
23069,2
23070,2
23071,2
23072,2
23073,2
23074,2
23075,2
23076,2
23077,2
23078,2
23079,2
23080,2
23081,2
23082,2
23083,2
23084,2
23085,2
23086,2
23087,2
23088,2
23089,2
23090,2
23091,2
23092,2
23093,2
23094,2
23095,2
23096,2
23097,2
23098,2
23099,2
23100,2
23101,2
23102,2
23103,2
23104,2
23105,2
23106,2
23107,2
23108,2
23109,2
23110,2
23111,2
23112,2
23113,2
23114,2
23115,2
23116,2
23117,2
23118,2
23119,2
23120,2
23121,2
23122,2
23123,2
23124,2
23125,2
23126,2
23127,2
23128,2
23129,2
23130,2
23131,2
23132,2
23133,2
23134,2
23135,2
23136,2
23137,2
23138,2
23139,2
23140,2
23141,2
23142,2
23143,2
23144,2
23145,2
23146,2
23147,2
23148,2
23149,2
23150,2
23151,2
23152,2
23153,2
23154,2
23155,2
23156,2
23157,2
23158,2
23159,2
23160,2
23161,2
23162,2
23163,2
23164,2
23165,2
23166,2
23167,2
23168,2
23169,2
23170,2
23171,2
23172,2
23173,2
23174,2
23175,2
23176,2
23177,2
23178,2
23179,2
23180,2
23181,2
23182,2
23183,2
23184,2
23185,2
23186,2
23187,2
23188,2
23189,2
23190,2
23191,2
23192,2
23193,2
23194,2
23195,2
23196,2
23197,2
23198,2
23199,2
23200,2
23201,2
23202,2
23203,2
23204,2
23205,2
23206,2
23207,2
23208,2
23209,2
23210,2
23211,2
23212,2
23213,2
23214,2
23215,2
23216,2
23217,2
23218,2
23219,2
23220,2
23221,2
23222,2
23223,2
23224,2
23225,2
23226,2
23227,2
23228,2
23229,2
23230,2
23231,2
23232,2
23233,2
23234,2
23235,2
23236,2
23237,2
23238,2
23239,2
23240,2
23241,2
23242,2
23243,2
23244,2
23245,2
23246,2
23247,2
23248,2
23249,2
23250,2
23251,2
23252,2
23253,2
23254,2
23255,2
23256,2
23257,2
23258,2
23259,2
23260,2
23261,2
23262,2
23263,2
23264,2
23265,2
23266,2
23267,2
23268,2
23269,2
23270,2
23271,2
23272,2
23273,2
23274,2
23275,2
23276,2
23277,2
23278,2
23279,2
23280,2
23281,2
23282,2
23283,2
23284,2
23285,2
23286,2
23287,2
23288,2
23289,2
23290,2
23291,2
23292,2
23293,2
23294,2
23295,2
23296,2
23297,2
23298,2
23299,2
23300,2
23301,2
23302,2
23303,2
23304,2
23305,2
23306,2
23307,2
23308,2
23309,2
23310,2
23311,2
23312,2
23313,2
23314,2
23315,2
23316,2
23317,2
23318,2
23319,2
23320,2
23321,2
23322,2
23323,2
23324,2
23325,2
23326,2
23327,2
23328,2
23329,2
23330,2
23331,2
23332,2
23333,2
23334,2
23335,2
23336,2
23337,2
23338,2
23339,2
23340,2
23341,2
23342,2
23343,2
23344,2
23345,2
23346,2
23347,2
23348,2
23349,2
23350,2
23351,2
23352,2
23353,2
23354,2
23355,2
23356,2
23357,2
23358,2
23359,2
23360,2
23361,2
23362,2
23363,2
23364,2
23365,2
23366,2
23367,2
23368,2
23369,2
23370,2
23371,2
23372,2
23373,2
23374,2
23375,2
23376,2
23377,2
23378,2
23379,2
23380,2
23381,2
23382,2
23383,2
23384,2
23385,2
23386,2
23387,2
23388,2
23389,2
23390,2
23391,2
23392,2
23393,2
23394,2
23395,2
23396,2
23397,2
23398,2
23399,2
23400,2
23401,2
23402,2
23403,2
23404,2
23405,2
23406,2
23407,2
23408,2
23409,2
23410,2
23411,2
23412,2
23413,2
23414,2
23415,2
23416,2
23417,2
23418,2
23419,2
23420,2
23421,2
23422,2
23423,2
23424,2
23425,2
23426,2
23427,2
23428,2
23429,2
23430,2
23431,2
23432,2
23433,2
23434,2
23435,2
23436,2
23437,2
23438,2
23439,2
23440,2
23441,2
23442,2
23443,2
23444,2
23445,2
23446,2
23447,2
23448,2
23449,2
23450,2
23451,2
23452,2
23453,2
23454,2
23455,2
23456,2
23457,2
23458,2
23459,2
23460,2
23461,2
23462,2
23463,2
23464,2
23465,2
23466,2
23467,2
23468,2
23469,2
23470,2
23471,2
23472,2
23473,2
23474,2
23475,2
23476,2
23477,2
23478,2
23479,2
23480,2
23481,2
23482,2
23483,2
23484,2
23485,2
23486,2
23487,2
23488,2
23489,2
23490,2
23491,2
23492,2
23493,2
23494,2
23495,2
23496,2
23497,2
23498,2
23499,2
23500,2
23501,2
23502,2
23503,2
23504,2
23505,2
23506,2
23507,2
23508,2
23509,2
23510,2
23511,2
23512,2
23513,2
23514,2
23515,2
23516,2
23517,2
23518,2
23519,2
23520,2
23521,2
23522,2
23523,2
23524,2
23525,2
23526,2
23527,2
23528,2
23529,2
23530,2
23531,2
23532,2
23533,2
23534,2
23535,2
23536,2
23537,2
23538,2
23539,2
23540,2
23541,2
23542,2
23543,2
23544,2
23545,2
23546,2
23547,2
23548,2
23549,2
23550,2
23551,2
23552,2
23553,2
23554,2
23555,2
23556,2
23557,2
23558,2
23559,2
23560,2
23561,2
23562,2
23563,2
23564,2
23565,2
23566,2
23567,2
23568,2
23569,2
23570,2
23571,2
23572,2
23573,2
23574,2
23575,2
23576,2
23577,2
23578,2
23579,2
23580,2
23581,2
23582,2
23583,2
23584,2
23585,2
23586,2
23587,2
23588,2
23589,2
23590,2
23591,2
23592,2
23593,2
23594,2
23595,2
23596,2
23597,2
23598,2
23599,2
23600,2
23601,2
23602,2
23603,2
23604,2
23605,2
23606,2
23607,2
23608,2
23609,2
23610,2
23611,2
23612,2
23613,2
23614,2
23615,2
23616,2
23617,2
23618,2
23619,2
23620,2
23621,2
23622,2
23623,2
23624,2
23625,2
23626,2
23627,2
23628,2
23629,2
23630,2
23631,2
23632,2
23633,2
23634,2
23635,2
23636,2
23637,2
23638,2
23639,2
23640,2
23641,2
23642,2
23643,2
23644,2
23645,2
23646,2
23647,2
23648,2
23649,2
23650,2
23651,2
23652,2
23653,2
23654,2
23655,2
23656,2
23657,2
23658,2
23659,2
23660,2
23661,2
23662,2
23663,2
23664,2
23665,2
23666,2
23667,2
23668,2
23669,2
23670,2
23671,2
23672,2
23673,2
23674,2
23675,2
23676,2
23677,2
23678,2
23679,2
23680,2
23681,2
23682,2
23683,2
23684,2
23685,2
23686,2
23687,2
23688,2
23689,2
23690,2
23691,2
23692,2
23693,2
23694,2
23695,2
23696,2
23697,2
23698,2
23699,2
23700,2
23701,2
23702,2
23703,2
23704,2
23705,2
23706,2
23707,2
23708,2
23709,2
23710,2
23711,2
23712,2
23713,2
23714,2
23715,2
23716,2
23717,2
23718,2
23719,2
23720,2
23721,2
23722,2
23723,2
23724,2
23725,2
23726,2
23727,2
23728,2
23729,2
23730,2
23731,2
23732,2
23733,2
23734,2
23735,2
23736,2
23737,2
23738,2
23739,2
23740,2
23741,2
23742,2
23743,2
23744,2
23745,2
23746,2
23747,2
23748,2
23749,2
23750,2
23751,2
23752,2
23753,2
23754,2
23755,2
23756,2
23757,2
23758,2
23759,2
23760,2
23761,2
23762,2
23763,2
23764,2
23765,2
23766,2
23767,2
23768,2
23769,2
23770,2
23771,2
23772,2
23773,2
23774,2
23775,2
23776,2
23777,2
23778,2
23779,2
23780,2
23781,2
23782,2
23783,2
23784,2
23785,2
23786,2
23787,2
23788,2
23789,2
23790,2
23791,2
23792,2
23793,2
23794,2
23795,2
23796,2
23797,2
23798,2
23799,2
23800,2
23801,2
23802,2
23803,2
23804,2
23805,2
23806,2
23807,2
23808,2
23809,2
23810,2
23811,2
23812,2
23813,2
23814,2
23815,2
23816,2
23817,2
23818,2
23819,2
23820,2
23821,2
23822,2
23823,2
23824,2
23825,2
23826,2
23827,2
23828,2
23829,2
23830,2
23831,2
23832,2
23833,2
23834,2
23835,2
23836,2
23837,2
23838,2
23839,2
23840,2
23841,2
23842,2
23843,2
23844,2
23845,2
23846,2
23847,2
23848,2
23849,2
23850,2
23851,2
23852,2
23853,2
23854,2
23855,2
23856,2
23857,2
23858,2
23859,2
23860,2
23861,2
23862,2
23863,2
23864,2
23865,2
23866,2
23867,2
23868,2
23869,2
23870,2
23871,2
23872,2
23873,2
23874,2
23875,2
23876,2
23877,2
23878,2
23879,2
23880,2
23881,2
23882,2
23883,2
23884,2
23885,2
23886,2
23887,2
23888,2
23889,2
23890,2
23891,2
23892,2
23893,2
23894,2
23895,2
23896,2
23897,2
23898,2
23899,2
23900,2
23901,2
23902,2
23903,2
23904,2
23905,2
23906,2
23907,2
23908,2
23909,2
23910,2
23911,2
23912,2
23913,2
23914,2
23915,2
23916,2
23917,2
23918,2
23919,2
23920,2
23921,2
23922,2
23923,2
23924,2
23925,2
23926,2
23927,2
23928,2
23929,2
23930,2
23931,2
23932,2
23933,2
23934,2
23935,2
23936,2
23937,2
23938,2
23939,2
23940,2
23941,2
23942,2
23943,2
23944,2
23945,2
23946,2
23947,2
23948,2
23949,2
23950,2
23951,2
23952,2
23953,2
23954,2
23955,2
23956,2
23957,2
23958,2
23959,2
23960,2
23961,2
23962,2
23963,2
23964,2
23965,2
23966,2
23967,2
23968,2
23969,2
23970,2
23971,2
23972,2
23973,2
23974,2
23975,2
23976,2
23977,2
23978,2
23979,2
23980,2
23981,2
23982,2
23983,2
23984,2
23985,2
23986,2
23987,2
23988,2
23989,2
23990,2
23991,2
23992,2
23993,2
23994,2
23995,2
23996,2
23997,2
23998,2
23999,2
24000,2
24001,2
24002,2
24003,2
24004,2
24005,2
24006,2
24007,2
24008,2
24009,2
24010,2
24011,2
24012,2
24013,2
24014,2
24015,2
24016,2
24017,2
24018,2
24019,2
24020,2
24021,2
24022,2
24023,2
24024,2
24025,2
24026,2
24027,2
24028,2
24029,2
24030,2
24031,2
24032,2
24033,2
24034,2
24035,2
24036,2
24037,2
24038,2
24039,2
24040,2
24041,2
24042,2
24043,2
24044,2
24045,2
24046,2
24047,2
24048,2
24049,2
24050,2
24051,2
24052,2
24053,2
24054,2
24055,2
24056,2
24057,2
24058,2
24059,2
24060,2
24061,2
24062,2
24063,2
24064,2
24065,2
24066,2
24067,2
24068,2
24069,2
24070,2
24071,2
24072,2
24073,2
24074,2
24075,2
24076,2
24077,2
24078,2
24079,2
24080,2
24081,2
24082,2
24083,2
24084,2
24085,2
24086,2
24087,2
24088,2
24089,2
24090,2
24091,2
24092,2
24093,2
24094,2
24095,2
24096,2
24097,2
24098,2
24099,2
24100,2
24101,2
24102,2
24103,2
24104,2
24105,2
24106,2
24107,2
24108,2
24109,2
24110,2
24111,2
24112,2
24113,2
24114,2
24115,2
24116,2
24117,2
24118,2
24119,2
24120,2
24121,2
24122,2
24123,2
24124,2
24125,2
24126,2
24127,2
24128,2
24129,2
24130,2
24131,2
24132,2
24133,2
24134,2
24135,2
24136,2
24137,2
24138,2
24139,2
24140,2
24141,2
24142,2
24143,2
24144,2
24145,2
24146,2
24147,2
24148,2
24149,2
24150,2
24151,2
24152,2
24153,2
24154,2
24155,2
24156,2
24157,2
24158,2
24159,2
24160,2
24161,2
24162,2
24163,2
24164,2
24165,2
24166,2
24167,2
24168,2
24169,2
24170,2
24171,2
24172,2
24173,2
24174,2
24175,2
24176,2
24177,2
24178,2
24179,2
24180,2
24181,2
24182,2
24183,2
24184,2
24185,2
24186,2
24187,2
24188,2
24189,2
24190,2
24191,2
24192,2
24193,2
24194,2
24195,2
24196,2
24197,2
24198,2
24199,2
24200,2
24201,2
24202,2
24203,2
24204,2
24205,2
24206,2
24207,2
24208,2
24209,2
24210,2
24211,2
24212,2
24213,2
24214,2
24215,2
24216,2
24217,2
24218,2
24219,2
24220,2
24221,2
24222,2
24223,2
24224,2
24225,2
24226,2
24227,2
24228,2
24229,2
24230,2
24231,2
24232,2
24233,2
24234,2
24235,2
24236,2
24237,2
24238,2
24239,2
24240,2
24241,2
24242,2
24243,2
24244,2
24245,2
24246,2
24247,2
24248,2
24249,2
24250,2
24251,2
24252,2
24253,2
24254,2
24255,2
24256,2
24257,2
24258,2
24259,2
24260,2
24261,2
24262,2
24263,2
24264,2
24265,2
24266,2
24267,2
24268,2
24269,2
24270,2
24271,2
24272,2
24273,2
24274,2
24275,2
24276,2
24277,2
24278,2
24279,2
24280,2
24281,2
24282,2
24283,2
24284,2
24285,2
24286,2
24287,2
24288,2
24289,2
24290,2
24291,2
24292,2
24293,2
24294,2
24295,2
24296,2
24297,2
24298,2
24299,2
24300,2
24301,2
24302,2
24303,2
24304,2
24305,2
24306,2
24307,2
24308,2
24309,2
24310,2
24311,2
24312,2
24313,2
24314,2
24315,2
24316,2
24317,2
24318,2
24319,2
24320,2
24321,2
24322,2
24323,2
24324,2
24325,2
24326,2
24327,2
24328,2
24329,2
24330,2
24331,2
24332,2
24333,2
24334,2
24335,2
24336,2
24337,2
24338,2
24339,2
24340,2
24341,2
24342,2
24343,2
24344,2
24345,2
24346,2
24347,2
24348,2
24349,2
24350,2
24351,2
24352,2
24353,2
24354,2
24355,2
24356,2
24357,2
24358,2
24359,2
24360,2
24361,2
24362,2
24363,2
24364,2
24365,2
24366,2
24367,2
24368,2
24369,2
24370,2
24371,2
24372,2
24373,2
24374,2
24375,2
24376,2
24377,2
24378,2
24379,2
24380,2
24381,2
24382,2
24383,2
24384,2
24385,2
24386,2
24387,2
24388,2
24389,2
24390,2
24391,2
24392,2
24393,2
24394,2
24395,2
24396,2
24397,2
24398,2
24399,2
24400,2
24401,2
24402,2
24403,2
24404,2
24405,2
24406,2
24407,2
24408,2
24409,2
24410,2
24411,2
24412,2
24413,2
24414,2
24415,2
24416,2
24417,2
24418,2
24419,2
24420,2
24421,2
24422,2
24423,2
24424,2
24425,2
24426,2
24427,2
24428,2
24429,2
24430,2
24431,2
24432,2
24433,2
24434,2
24435,2
24436,2
24437,2
24438,2
24439,2
24440,2
24441,2
24442,2
24443,2
24444,2
24445,2
24446,2
24447,2
24448,2
24449,2
24450,2
24451,2
24452,2
24453,2
24454,2
24455,2
24456,2
24457,2
24458,2
24459,2
24460,2
24461,2
24462,2
24463,2
24464,2
24465,2
24466,2
24467,2
24468,2
24469,2
24470,2
24471,2
24472,2
24473,2
24474,2
24475,2
24476,2
24477,2
24478,2
24479,2
24480,2
24481,2
24482,2
24483,2
24484,2
24485,2
24486,2
24487,2
24488,2
24489,2
24490,2
24491,2
24492,2
24493,2
24494,2
24495,2
24496,2
24497,2
24498,2
24499,2
24500,2
24501,2
24502,2
24503,2
24504,2
24505,2
24506,2
24507,2
24508,2
24509,2
24510,2
24511,2
24512,2
24513,2
24514,2
24515,2
24516,2
24517,2
24518,2
24519,2
24520,2
24521,2
24522,2
24523,2
24524,2
24525,2
24526,2
24527,2
24528,2
24529,2
24530,2
24531,2
24532,2
24533,2
24534,2
24535,2
24536,2
24537,2
24538,2
24539,2
24540,2
24541,2
24542,2
24543,2
24544,2
24545,2
24546,2
24547,2
24548,2
24549,2
24550,2
24551,2
24552,2
24553,2
24554,2
24555,2
24556,2
24557,2
24558,2
24559,2
24560,2
24561,2
24562,2
24563,2
24564,2
24565,2
24566,2
24567,2
24568,2
24569,2
24570,2
24571,2
24572,2
24573,2
24574,2
24575,2
24576,2
24577,2
24578,2
24579,2
24580,2
24581,2
24582,2
24583,2
24584,2
24585,2
24586,2
24587,2
24588,2
24589,2
24590,2
24591,2
24592,2
24593,2
24594,2
24595,2
24596,2
24597,2
24598,2
24599,2
24600,2
24601,2
24602,2
24603,2
24604,2
24605,2
24606,2
24607,2
24608,2
24609,2
24610,2
24611,2
24612,2
24613,2
24614,2
24615,2
24616,2
24617,2
24618,2
24619,2
24620,2
24621,2
24622,2
24623,2
24624,2
24625,2
24626,2
24627,2
24628,2
24629,2
24630,2
24631,2
24632,2
24633,2
24634,2
24635,2
24636,2
24637,2
24638,2
24639,2
24640,2
24641,2
24642,2
24643,2
24644,2
24645,2
24646,2
24647,2
24648,2
24649,2
24650,2
24651,2
24652,2
24653,2
24654,2
24655,2
24656,2
24657,2
24658,2
24659,2
24660,2
24661,2
24662,2
24663,2
24664,2
24665,2
24666,2
24667,2
24668,2
24669,2
24670,2
24671,2
24672,2
24673,2
24674,2
24675,2
24676,2
24677,2
24678,2
24679,2
24680,2
24681,2
24682,2
24683,2
24684,2
24685,2
24686,2
24687,2
24688,2
24689,2
24690,2
24691,2
24692,2
24693,2
24694,2
24695,2
24696,2
24697,2
24698,2
24699,2
24700,2
24701,2
24702,2
24703,2
24704,2
24705,2
24706,2
24707,2
24708,2
24709,2
24710,2
24711,2
24712,2
24713,2
24714,2
24715,2
24716,2
24717,2
24718,2
24719,2
24720,2
24721,2
24722,2
24723,2
24724,2
24725,2
24726,2
24727,2
24728,2
24729,2
24730,2
24731,2
24732,2
24733,2
24734,2
24735,2
24736,2
24737,2
24738,2
24739,2
24740,2
24741,2
24742,2
24743,2
24744,2
24745,2
24746,2
24747,2
24748,2
24749,2
24750,2
24751,2
24752,2
24753,2
24754,2
24755,2
24756,2
24757,2
24758,2
24759,2
24760,2
24761,2
24762,2
24763,2
24764,2
24765,2
24766,2
24767,2
24768,2
24769,2
24770,2
24771,2
24772,2
24773,2
24774,2
24775,2
24776,2
24777,2
24778,2
24779,2
24780,2
24781,2
24782,2
24783,2
24784,2
24785,2
24786,2
24787,2
24788,2
24789,2
24790,2
24791,2
24792,2
24793,2
24794,2
24795,2
24796,2
24797,2
24798,2
24799,2
24800,2
24801,2
24802,2
24803,2
24804,2
24805,2
24806,2
24807,2
24808,2
24809,2
24810,2
24811,2
24812,2
24813,2
24814,2
24815,2
24816,2
24817,2
24818,2
24819,2
24820,2
24821,2
24822,2
24823,2
24824,2
24825,2
24826,2
24827,2
24828,2
24829,2
24830,2
24831,2
24832,2
24833,2
24834,2
24835,2
24836,2
24837,2
24838,2
24839,2
24840,2
24841,2
24842,2
24843,2
24844,2
24845,2
24846,2
24847,2
24848,2
24849,2
24850,2
24851,2
24852,2
24853,2
24854,2
24855,2
24856,2
24857,2
24858,2
24859,2
24860,2
24861,2
24862,2
24863,2
24864,2
24865,2
24866,2
24867,2
24868,2
24869,2
24870,2
24871,2
24872,2
24873,2
24874,2
24875,2
24876,2
24877,2
24878,2
24879,2
24880,2
24881,2
24882,2
24883,2
24884,2
24885,2
24886,2
24887,2
24888,2
24889,2
24890,2
24891,2
24892,2
24893,2
24894,2
24895,2
24896,2
24897,2
24898,2
24899,2
24900,2
24901,2
24902,2
24903,2
24904,2
24905,2
24906,2
24907,2
24908,2
24909,2
24910,2
24911,2
24912,2
24913,2
24914,2
24915,2
24916,2
24917,2
24918,2
24919,2
24920,2
24921,2
24922,2
24923,2
24924,2
24925,2
24926,2
24927,2
24928,2
24929,2
24930,2
24931,2
24932,2
24933,2
24934,2
24935,2
24936,2
24937,2
24938,2
24939,2
24940,2
24941,2
24942,2
24943,2
24944,2
24945,1
24946,1
24947,1
24948,1
24949,1
24950,1
24951,1
24952,1
24953,1
24954,1
24955,1
24956,1
24957,1
24958,1
24959,1
24960,1
24961,1
24962,1
24963,1
24964,1
24965,1
24966,1
24967,1
24968,1
24969,1
24970,1
24971,1
24972,1
24973,1
24974,1
24975,1
24976,1
24977,1
24978,1
24979,1
24980,1
24981,1
24982,1
24983,1
24984,1
24985,1
24986,1
24987,1
24988,1
24989,1
24990,1
24991,1
24992,1
24993,1
24994,1
24995,1
24996,1
24997,1
24998,1
24999,1
25000,1
25001,1
25002,1
25003,1
25004,1
25005,1
25006,1
25007,1
25008,1
25009,1
25010,1
25011,1
25012,1
25013,1
25014,1
25015,1
25016,1
25017,1
25018,1
25019,1
25020,1
25021,1
25022,1
25023,1
25024,1
25025,1
25026,1
25027,1
25028,1
25029,1
25030,1
25031,1
25032,1
25033,1
25034,1
25035,1
25036,1
25037,1
25038,1
25039,1
25040,1
25041,1
25042,1
25043,1
25044,1
25045,1
25046,1
25047,1
25048,1
25049,1
25050,1
25051,1
25052,1
25053,1
25054,1
25055,1
25056,1
25057,1
25058,1
25059,1
25060,1
25061,1
25062,1
25063,1
25064,1
25065,1
25066,1
25067,1
25068,1
25069,1
25070,1
25071,1
25072,1
25073,1
25074,1
25075,1
25076,1
25077,1
25078,1
25079,1
25080,1
25081,1
25082,1
25083,1
25084,1
25085,1
25086,1
25087,1
25088,1
25089,1
25090,1
25091,1
25092,1
25093,1
25094,1
25095,1
25096,1
25097,1
25098,1
25099,1
25100,1
25101,1
25102,1
25103,1
25104,1
25105,1
25106,1
25107,1
25108,1
25109,1
25110,1
25111,1
25112,1
25113,1
25114,1
25115,1
25116,1
25117,1
25118,1
25119,1
25120,1
25121,1
25122,1
25123,1
25124,1
25125,1
25126,1
25127,1
25128,1
25129,1
25130,1
25131,1
25132,1
25133,1
25134,1
25135,1
25136,1
25137,1
25138,1
25139,1
25140,1
25141,1
25142,1
25143,1
25144,1
25145,1
25146,1
25147,1
25148,1
25149,1
25150,1
25151,1
25152,1
25153,1
25154,1
25155,1
25156,1
25157,1
25158,1
25159,1
25160,1
25161,1
25162,1
25163,1
25164,1
25165,1
25166,1
25167,1
25168,1
25169,1
25170,1
25171,1
25172,1
25173,1
25174,1
25175,1
25176,1
25177,1
25178,1
25179,1
25180,1
25181,1
25182,1
25183,1
25184,1
25185,1
25186,1
25187,1
25188,1
25189,1
25190,1
25191,1
25192,1
25193,1
25194,1
25195,1
25196,1
25197,1
25198,1
25199,1
25200,1
25201,1
25202,1
25203,1
25204,1
25205,1
25206,1
25207,1
25208,1
25209,1
25210,1
25211,1
25212,1
25213,1
25214,1
25215,1
25216,1
25217,1
25218,1
25219,1
25220,1
25221,1
25222,1
25223,1
25224,1
25225,1
25226,1
25227,1
25228,1
25229,1
25230,1
25231,1
25232,1
25233,1
25234,1
25235,1
25236,1
25237,1
25238,1
25239,1
25240,1
25241,1
25242,1
25243,1
25244,1
25245,1
25246,1
25247,1
25248,1
25249,1
25250,1
25251,1
25252,1
25253,1
25254,1
25255,1
25256,1
25257,1
25258,1
25259,1
25260,1
25261,1
25262,1
25263,1
25264,1
25265,1
25266,1
25267,1
25268,1
25269,1
25270,1
25271,1
25272,1
25273,1
25274,1
25275,1
25276,1
25277,1
25278,1
25279,1
25280,1
25281,1
25282,1
25283,1
25284,1
25285,1
25286,1
25287,1
25288,1
25289,1
25290,1
25291,1
25292,1
25293,1
25294,1
25295,1
25296,1
25297,1
25298,1
25299,1
25300,1
25301,1
25302,1
25303,1
25304,1
25305,1
25306,1
25307,1
25308,1
25309,1
25310,1
25311,1
25312,1
25313,1
25314,1
25315,1
25316,1
25317,1
25318,1
25319,1
25320,1
25321,1
25322,1
25323,1
25324,1
25325,1
25326,1
25327,1
25328,1
25329,1
25330,1
25331,1
25332,1
25333,1
25334,1
25335,1
25336,1
25337,1
25338,1
25339,1
25340,1
25341,1
25342,1
25343,1
25344,1
25345,1
25346,1
25347,1
25348,1
25349,1
25350,1
25351,1
25352,1
25353,1
25354,1
25355,1
25356,1
25357,1
25358,1
25359,1
25360,1
25361,1
25362,1
25363,1
25364,1
25365,1
25366,1
25367,1
25368,1
25369,1
25370,1
25371,1
25372,1
25373,1
25374,1
25375,1
25376,1
25377,1
25378,1
25379,1
25380,1
25381,1
25382,1
25383,1
25384,1
25385,1
25386,1
25387,1
25388,1
25389,1
25390,1
25391,1
25392,1
25393,1
25394,1
25395,1
25396,1
25397,1
25398,1
25399,1
25400,1
25401,1
25402,1
25403,1
25404,1
25405,1
25406,1
25407,1
25408,1
25409,1
25410,1
25411,1
25412,1
25413,1
25414,1
25415,1
25416,1
25417,1
25418,1
25419,1
25420,1
25421,1
25422,1
25423,1
25424,1
25425,1
25426,1
25427,1
25428,1
25429,1
25430,1
25431,1
25432,1
25433,1
25434,1
25435,1
25436,1
25437,1
25438,1
25439,1
25440,1
25441,1
25442,1
25443,1
25444,1
25445,1
25446,1
25447,1
25448,1
25449,1
25450,1
25451,1
25452,1
25453,1
25454,1
25455,1
25456,1
25457,1
25458,1
25459,1
25460,1
25461,1
25462,1
25463,1
25464,1
25465,1
25466,1
25467,1
25468,1
25469,1
25470,1
25471,1
25472,1
25473,1
25474,1
25475,1
25476,1
25477,1
25478,1
25479,1
25480,1
25481,1
25482,1
25483,1
25484,1
25485,1
25486,1
25487,1
25488,1
25489,1
25490,1
25491,1
25492,1
25493,1
25494,1
25495,1
25496,1
25497,1
25498,1
25499,1
25500,1
25501,1
25502,1
25503,1
25504,1
25505,1
25506,1
25507,1
25508,1
25509,1
25510,1
25511,1
25512,1
25513,1
25514,1
25515,1
25516,1
25517,1
25518,1
25519,1
25520,1
25521,1
25522,1
25523,1
25524,1
25525,1
25526,1
25527,1
25528,1
25529,1
25530,1
25531,1
25532,1
25533,1
25534,1
25535,1
25536,1
25537,1
25538,1
25539,1
25540,1
25541,1
25542,1
25543,1
25544,1
25545,1
25546,1
25547,1
25548,1
25549,1
25550,1
25551,1
25552,1
25553,1
25554,1
25555,1
25556,1
25557,1
25558,1
25559,1
25560,1
25561,1
25562,1
25563,1
25564,1
25565,1
25566,1
25567,1
25568,1
25569,1
25570,1
25571,1
25572,1
25573,1
25574,1
25575,1
25576,1
25577,1
25578,1
25579,1
25580,1
25581,1
25582,1
25583,1
25584,1
25585,1
25586,1
25587,1
25588,1
25589,1
25590,1
25591,1
25592,1
25593,1
25594,1
25595,1
25596,1
25597,1
25598,1
25599,1
25600,1
25601,1
25602,1
25603,1
25604,1
25605,1
25606,1
25607,1
25608,1
25609,1
25610,1
25611,1
25612,1
25613,1
25614,1
25615,1
25616,1
25617,1
25618,1
25619,1
25620,1
25621,1
25622,1
25623,1
25624,1
25625,1
25626,1
25627,1
25628,1
25629,1
25630,1
25631,1
25632,1
25633,1
25634,1
25635,1
25636,1
25637,1
25638,1
25639,1
25640,1
25641,1
25642,1
25643,1
25644,1
25645,1
25646,1
25647,1
25648,1
25649,1
25650,1
25651,1
25652,1
25653,1
25654,1
25655,1
25656,1
25657,1
25658,1
25659,1
25660,1
25661,1
25662,1
25663,1
25664,1
25665,1
25666,1
25667,1
25668,1
25669,1
25670,1
25671,1
25672,1
25673,1
25674,1
25675,1
25676,1
25677,1
25678,1
25679,1
25680,1
25681,1
25682,1
25683,1
25684,1
25685,1
25686,1
25687,1
25688,1
25689,1
25690,1
25691,1
25692,1
25693,1
25694,1
25695,1
25696,1
25697,1
25698,1
25699,1
25700,1
25701,1
25702,1
25703,1
25704,1
25705,1
25706,1
25707,1
25708,1
25709,1
25710,1
25711,1
25712,1
25713,1
25714,1
25715,1
25716,1
25717,1
25718,1
25719,1
25720,1
25721,1
25722,1
25723,1
25724,1
25725,1
25726,1
25727,1
25728,1
25729,1
25730,1
25731,1
25732,1
25733,1
25734,1
25735,1
25736,1
25737,1
25738,1
25739,1
25740,1
25741,1
25742,1
25743,1
25744,1
25745,1
25746,1
25747,1
25748,1
25749,1
25750,1
25751,1
25752,1
25753,1
25754,1
25755,1
25756,1
25757,1
25758,1
25759,1
25760,1
25761,1
25762,1
25763,1
25764,1
25765,1
25766,1
25767,1
25768,1
25769,1
25770,1
25771,1
25772,1
25773,1
25774,1
25775,1
25776,1
25777,1
25778,1
25779,1
25780,1
25781,1
25782,1
25783,1
25784,1
25785,1
25786,1
25787,1
25788,1
25789,1
25790,1
25791,1
25792,1
25793,1
25794,1
25795,1
25796,1
25797,1
25798,1
25799,1
25800,1
25801,1
25802,1
25803,1
25804,1
25805,1
25806,1
25807,1
25808,1
25809,1
25810,1
25811,1
25812,1
25813,1
25814,1
25815,1
25816,1
25817,1
25818,1
25819,1
25820,1
25821,1
25822,1
25823,1
25824,1
25825,1
25826,1
25827,1
25828,1
25829,1
25830,1
25831,1
25832,1
25833,1
25834,1
25835,1
25836,1
25837,1
25838,1
25839,1
25840,1
25841,1
25842,1
25843,1
25844,1
25845,1
25846,1
25847,1
25848,1
25849,1
25850,1
25851,1
25852,1
25853,1
25854,1
25855,1
25856,1
25857,1
25858,1
25859,1
25860,1
25861,1
25862,1
25863,1
25864,1
25865,1
25866,1
25867,1
25868,1
25869,1
25870,1
25871,1
25872,1
25873,1
25874,1
25875,1
25876,1
25877,1
25878,1
25879,1
25880,1
25881,1
25882,1
25883,1
25884,1
25885,1
25886,1
25887,1
25888,1
25889,1
25890,1
25891,1
25892,1
25893,1
25894,1
25895,1
25896,1
25897,1
25898,1
25899,1
25900,1
25901,1
25902,1
25903,1
25904,1
25905,1
25906,1
25907,1
25908,1
25909,1
25910,1
25911,1
25912,1
25913,1
25914,1
25915,1
25916,1
25917,1
25918,1
25919,1
25920,1
25921,1
25922,1
25923,1
25924,1
25925,1
25926,1
25927,1
25928,1
25929,1
25930,1
25931,1
25932,1
25933,1
25934,1
25935,1
25936,1
25937,1
25938,1
25939,1
25940,1
25941,1
25942,1
25943,1
25944,1
25945,1
25946,1
25947,1
25948,1
25949,1
25950,1
25951,1
25952,1
25953,1
25954,1
25955,1
25956,1
25957,1
25958,1
25959,1
25960,1
25961,1
25962,1
25963,1
25964,1
25965,1
25966,1
25967,1
25968,1
25969,1
25970,1
25971,1
25972,1
25973,1
25974,1
25975,1
25976,1
25977,1
25978,1
25979,1
25980,1
25981,1
25982,1
25983,1
25984,1
25985,1
25986,1
25987,1
25988,1
25989,1
25990,1
25991,1
25992,1
25993,1
25994,1
25995,1
25996,1
25997,1
25998,1
25999,1
26000,1
26001,1
26002,1
26003,1
26004,1
26005,1
26006,1
26007,1
26008,1
26009,1
26010,1
26011,1
26012,1
26013,1
26014,1
26015,1
26016,1
26017,1
26018,1
26019,1
26020,1
26021,1
26022,1
26023,1
26024,1
26025,1
26026,1
26027,1
26028,1
26029,1
26030,1
26031,1
26032,1
26033,1
26034,1
26035,1
26036,1
26037,1
26038,1
26039,1
26040,1
26041,1
26042,1
26043,1
26044,1
26045,1
26046,1
26047,1
26048,1
26049,1
26050,1
26051,1
26052,1
26053,1
26054,1
26055,1
26056,1
26057,1
26058,1
26059,1
26060,1
26061,1
26062,1
26063,1
26064,1
26065,1
26066,1
26067,1
26068,1
26069,1
26070,1
26071,1
26072,1
26073,1
26074,1
26075,1
26076,1
26077,1
26078,1
26079,1
26080,1
26081,1
26082,1
26083,1
26084,1
26085,1
26086,1
26087,1
26088,1
26089,1
26090,1
26091,1
26092,1
26093,1
26094,1
26095,1
26096,1
26097,1
26098,1
26099,1
26100,1
26101,1
26102,1
26103,1
26104,1
26105,1
26106,1
26107,1
26108,1
26109,1
26110,1
26111,1
26112,1
26113,1
26114,1
26115,1
26116,1
26117,1
26118,1
26119,1
26120,1
26121,1
26122,1
26123,1
26124,1
26125,1
26126,1
26127,1
26128,1
26129,1
26130,1
26131,1
26132,1
26133,1
26134,1
26135,1
26136,1
26137,1
26138,1
26139,1
26140,1
26141,1
26142,1
26143,1
26144,1
26145,1
26146,1
26147,1
26148,1
26149,1
26150,1
26151,1
26152,1
26153,1
26154,1
26155,1
26156,1
26157,1
26158,1
26159,1
26160,1
26161,1
26162,1
26163,1
26164,1
26165,1
26166,1
26167,1
26168,1
26169,1
26170,1
26171,1
26172,1
26173,1
26174,1
26175,1
26176,1
26177,1
26178,1
26179,1
26180,1
26181,1
26182,1
26183,1
26184,1
26185,1
26186,1
26187,1
26188,1
26189,1
26190,1
26191,1
26192,1
26193,1
26194,1
26195,1
26196,1
26197,1
26198,1
26199,1
26200,1
26201,1
26202,1
26203,1
26204,1
26205,1
26206,1
26207,1
26208,1
26209,1
26210,1
26211,1
26212,1
26213,1
26214,1
26215,1
26216,1
26217,1
26218,1
26219,1
26220,1
26221,1
26222,1
26223,1
26224,1
26225,1
26226,1
26227,1
26228,1
26229,1
26230,1
26231,1
26232,1
26233,1
26234,1
26235,1
26236,1
26237,1
26238,1
26239,1
26240,1
26241,1
26242,1
26243,1
26244,1
26245,1
26246,1
26247,1
26248,1
26249,1
26250,1
26251,1
26252,1
26253,1
26254,1
26255,1
26256,1
26257,1
26258,1
26259,1
26260,1
26261,1
26262,1
26263,1
26264,1
26265,1
26266,1
26267,1
26268,1
26269,1
26270,1
26271,1
26272,1
26273,1
26274,1
26275,1
26276,1
26277,1
26278,1
26279,1
26280,1
26281,1
26282,1
26283,1
26284,1
26285,1
26286,1
26287,1
26288,1
26289,1
26290,1
26291,1
26292,1
26293,1
26294,1
26295,1
26296,1
26297,1
26298,1
26299,1
26300,1
26301,1
26302,1
26303,1
26304,1
26305,1
26306,1
26307,1
26308,1
26309,1
26310,1
26311,1
26312,1
26313,1
26314,1
26315,1
26316,1
26317,1
26318,1
26319,1
26320,1
26321,1
26322,1
26323,1
26324,1
26325,1
26326,1
26327,1
26328,1
26329,1
26330,1
26331,1
26332,1
26333,1
26334,1
26335,1
26336,1
26337,1
26338,1
26339,1
26340,1
26341,1
26342,1
26343,1
26344,1
26345,1
26346,1
26347,1
26348,1
26349,1
26350,1
26351,1
26352,1
26353,1
26354,1
26355,1
26356,1
26357,1
26358,1
26359,1
26360,1
26361,1
26362,1
26363,1
26364,1
26365,1
26366,1
26367,1
26368,1
26369,1
26370,1
26371,1
26372,1
26373,1
26374,1
26375,1
26376,1
26377,1
26378,1
26379,1
26380,1
26381,1
26382,1
26383,1
26384,1
26385,1
26386,1
26387,1
26388,1
26389,1
26390,1
26391,1
26392,1
26393,1
26394,1
26395,1
26396,1
26397,1
26398,1
26399,1
26400,1
26401,1
26402,1
26403,1
26404,1
26405,1
26406,1
26407,1
26408,1
26409,1
26410,1
26411,1
26412,1
26413,1
26414,1
26415,1
26416,1
26417,1
26418,1
26419,1
26420,1
26421,1
26422,1
26423,1
26424,1
26425,1
26426,1
26427,1
26428,1
26429,1
26430,1
26431,1
26432,1
26433,1
26434,1
26435,1
26436,1
26437,1
26438,1
26439,1
26440,1
26441,1
26442,1
26443,1
26444,1
26445,1
26446,1
26447,1
26448,1
26449,1
26450,1
26451,1
26452,1
26453,1
26454,1
26455,1
26456,1
26457,1
26458,1
26459,1
26460,1
26461,1
26462,1
26463,1
26464,1
26465,1
26466,1
26467,1
26468,1
26469,1
26470,1
26471,1
26472,1
26473,1
26474,1
26475,1
26476,1
26477,1
26478,1
26479,1
26480,1
26481,1
26482,1
26483,1
26484,1
26485,1
26486,1
26487,1
26488,1
26489,1
26490,1
26491,1
26492,1
26493,1
26494,1
26495,1
26496,1
26497,1
26498,1
26499,1
26500,1
26501,1
26502,1
26503,1
26504,1
26505,1
26506,1
26507,1
26508,1
26509,1
26510,1
26511,1
26512,1
26513,1
26514,1
26515,1
26516,1
26517,1
26518,1
26519,1
26520,1
26521,1
26522,1
26523,1
26524,1
26525,1
26526,1
26527,1
26528,1
26529,1
26530,1
26531,1
26532,1
26533,1
26534,1
26535,1
26536,1
26537,1
26538,1
26539,1
26540,1
26541,1
26542,1
26543,1
26544,1
26545,1
26546,1
26547,1
26548,1
26549,1
26550,1
26551,1
26552,1
26553,1
26554,1
26555,1
26556,1
26557,1
26558,1
26559,1
26560,1
26561,1
26562,1
26563,1
26564,1
26565,1
26566,1
26567,1
26568,1
26569,1
26570,1
26571,1
26572,1
26573,1
26574,1
26575,1
26576,1
26577,1
26578,1
26579,1
26580,1
26581,1
26582,1
26583,1
26584,1
26585,1
26586,1
26587,1
26588,1
26589,1
26590,1
26591,1
26592,1
26593,1
26594,1
26595,1
26596,1
26597,1
26598,1
26599,1
26600,1
26601,1
26602,1
26603,1
26604,1
26605,1
26606,1
26607,1
26608,1
26609,1
26610,1
26611,1
26612,1
26613,1
26614,1
26615,1
26616,1
26617,1
26618,1
26619,1
26620,1
26621,1
26622,1
26623,1
26624,1
26625,1
26626,1
26627,1
26628,1
26629,1
26630,1
26631,1
26632,1
26633,1
26634,1
26635,1
26636,1
26637,1
26638,1
26639,1
26640,1
26641,1
26642,1
26643,1
26644,1
26645,1
26646,1
26647,1
26648,1
26649,1
26650,1
26651,1
26652,1
26653,1
26654,1
26655,1
26656,1
26657,1
26658,1
26659,1
26660,1
26661,1
26662,1
26663,1
26664,1
26665,1
26666,1
26667,1
26668,1
26669,1
26670,1
26671,1
26672,1
26673,1
26674,1
26675,1
26676,1
26677,1
26678,1
26679,1
26680,1
26681,1
26682,1
26683,1
26684,1
26685,1
26686,1
26687,1
26688,1
26689,1
26690,1
26691,1
26692,1
26693,1
26694,1
26695,1
26696,1
26697,1
26698,1
26699,1
26700,1
26701,1
26702,1
26703,1
26704,1
26705,1
26706,1
26707,1
26708,1
26709,1
26710,1
26711,1
26712,1
26713,1
26714,1
26715,1
26716,1
26717,1
26718,1
26719,1
26720,1
26721,1
26722,1
26723,1
26724,1
26725,1
26726,1
26727,1
26728,1
26729,1
26730,1
26731,1
26732,1
26733,1
26734,1
26735,1
26736,1
26737,1
26738,1
26739,1
26740,1
26741,1
26742,1
26743,1
26744,1
26745,1
26746,1
26747,1
26748,1
26749,1
26750,1
26751,1
26752,1
26753,1
26754,1
26755,1
26756,1
26757,1
26758,1
26759,1
26760,1
26761,1
26762,1
26763,1
26764,1
26765,1
26766,1
26767,1
26768,1
26769,1
26770,1
26771,1
26772,1
26773,1
26774,1
26775,1
26776,1
26777,1
26778,1
26779,1
26780,1
26781,1
26782,1
26783,1
26784,1
26785,1
26786,1
26787,1
26788,1
26789,1
26790,1
26791,1
26792,1
26793,1
26794,1
26795,1
26796,1
26797,1
26798,1
26799,1
26800,1
26801,1
26802,1
26803,1
26804,1
26805,1
26806,1
26807,1
26808,1
26809,1
26810,1
26811,1
26812,1
26813,1
26814,1
26815,1
26816,1
26817,1
26818,1
26819,1
26820,1
26821,1
26822,1
26823,1
26824,1
26825,1
26826,1
26827,1
26828,1
26829,1
26830,1
26831,1
26832,1
26833,1
26834,1
26835,1
26836,1
26837,1
26838,1
26839,1
26840,1
26841,1
26842,1
26843,1
26844,1
26845,1
26846,1
26847,1
26848,1
26849,1
26850,1
26851,1
26852,1
26853,1
26854,1
26855,1
26856,1
26857,1
26858,1
26859,1
26860,1
26861,1
26862,1
26863,1
26864,1
26865,1
26866,1
26867,1
26868,1
26869,1
26870,1
26871,1
26872,1
26873,1
26874,1
26875,1
26876,1
26877,1
26878,1
26879,1
26880,1
26881,1
26882,1
26883,1
26884,1
26885,1
26886,1
26887,1
26888,1
26889,1
26890,1
26891,1
26892,1
26893,1
26894,1
26895,1
26896,1
26897,1
26898,1
26899,1
26900,1
26901,1
26902,1
26903,1
26904,1
26905,1
26906,1
26907,1
26908,1
26909,1
26910,1
26911,1
26912,1
26913,1
26914,1
26915,1
26916,1
26917,1
26918,1
26919,1
26920,1
26921,1
26922,1
26923,1
26924,1
26925,1
26926,1
26927,1
26928,1
26929,1
26930,1
26931,1
26932,1
26933,1
26934,1
26935,1
26936,1
26937,1
26938,1
26939,1
26940,1
26941,1
26942,1
26943,1
26944,1
26945,1
26946,1
26947,1
26948,1
26949,1
26950,1
26951,1
26952,1
26953,1
26954,1
26955,1
26956,1
26957,1
26958,1
26959,1
26960,1
26961,1
26962,1
26963,1
26964,1
26965,1
26966,1
26967,1
26968,1
26969,1
26970,1
26971,1
26972,1
26973,1
26974,1
26975,1
26976,1
26977,1
26978,1
26979,1
26980,1
26981,1
26982,1
26983,1
26984,1
26985,1
26986,1
26987,1
26988,1
26989,1
26990,1
26991,1
26992,1
26993,1
26994,1
26995,1
26996,1
26997,1
26998,1
26999,1
27000,1
27001,1
27002,1
27003,1
27004,1
27005,1
27006,1
27007,1
27008,1
27009,1
27010,1
27011,1
27012,1
27013,1
27014,1
27015,1
27016,1
27017,1
27018,1
27019,1
27020,1
27021,1
27022,1
27023,1
27024,1
27025,1
27026,1
27027,1
27028,1
27029,1
27030,1
27031,1
27032,1
27033,1
27034,1
27035,1
27036,1
27037,1
27038,1
27039,1
27040,1
27041,1
27042,1
27043,1
27044,1
27045,1
27046,1
27047,1
27048,1
27049,1
27050,1
27051,1
27052,1
27053,1
27054,1
27055,1
27056,1
27057,1
27058,1
27059,1
27060,1
27061,1
27062,1
27063,1
27064,1
27065,1
27066,1
27067,1
27068,1
27069,1
27070,1
27071,1
27072,1
27073,1
27074,1
27075,1
27076,1
27077,1
27078,1
27079,1
27080,1
27081,1
27082,1
27083,1
27084,1
27085,1
27086,1
27087,1
27088,1
27089,1
27090,1
27091,1
27092,1
27093,1
27094,1
27095,1
27096,1
27097,1
27098,1
27099,1
27100,1
27101,1
27102,1
27103,1
27104,1
27105,1
27106,1
27107,1
27108,1
27109,1
27110,1
27111,1
27112,1
27113,1
27114,1
27115,1
27116,1
27117,1
27118,1
27119,1
27120,1
27121,1
27122,1
27123,1
27124,1
27125,1
27126,1
27127,1
27128,1
27129,1
27130,1
27131,1
27132,1
27133,1
27134,1
27135,1
27136,1
27137,1
27138,1
27139,1
27140,1
27141,1
27142,1
27143,1
27144,1
27145,1
27146,1
27147,1
27148,1
27149,1
27150,1
27151,1
27152,1
27153,1
27154,1
27155,1
27156,1
27157,1
27158,1
27159,1
27160,1
27161,1
27162,1
27163,1
27164,1
27165,1
27166,1
27167,1
27168,1
27169,1
27170,1
27171,1
27172,1
27173,1
27174,1
27175,1
27176,1
27177,1
27178,1
27179,1
27180,1
27181,1
27182,1
27183,1
27184,1
27185,1
27186,1
27187,1
27188,1
27189,1
27190,1
27191,1
27192,1
27193,1
27194,1
27195,1
27196,1
27197,1
27198,1
27199,1
27200,1
27201,1
27202,1
27203,1
27204,1
27205,1
27206,1
27207,1
27208,1
27209,1
27210,1
27211,1
27212,1
27213,1
27214,1
27215,1
27216,1
27217,1
27218,1
27219,1
27220,1
27221,1
27222,1
27223,1
27224,1
27225,1
27226,1
27227,1
27228,1
27229,1
27230,1
27231,1
27232,1
27233,1
27234,1
27235,1
27236,1
27237,1
27238,1
27239,1
27240,1
27241,1
27242,1
27243,1
27244,1
27245,1
27246,1
27247,1
27248,1
27249,1
27250,1
27251,1
27252,1
27253,1
27254,1
27255,1
27256,1
27257,1
27258,1
27259,1
27260,1
27261,1
27262,1
27263,1
27264,1
27265,1
27266,1
27267,1
27268,1
27269,1
27270,1
27271,1
27272,1
27273,1
27274,1
27275,1
27276,1
27277,1
27278,1
27279,1
27280,1
27281,1
27282,1
27283,1
27284,1
27285,1
27286,1
27287,1
27288,1
27289,1
27290,1
27291,1
27292,1
27293,1
27294,1
27295,1
27296,1
27297,1
27298,1
27299,1
27300,1
27301,1
27302,1
27303,1
27304,1
27305,1
27306,1
27307,1
27308,1
27309,1
27310,1
27311,1
27312,1
27313,1
27314,1
27315,1
27316,1
27317,1
27318,1
27319,1
27320,1
27321,1
27322,1
27323,1
27324,1
27325,1
27326,1
27327,1
27328,1
27329,1
27330,1
27331,1
27332,1
27333,1
27334,1
27335,1
27336,1
27337,1
27338,1
27339,1
27340,1
27341,1
27342,1
27343,1
27344,1
27345,1
27346,1
27347,1
27348,1
27349,1
27350,1
27351,1
27352,1
27353,1
27354,1
27355,1
27356,1
27357,1
27358,1
27359,1
27360,1
27361,1
27362,1
27363,1
27364,1
27365,1
27366,1
27367,1
27368,1
27369,1
27370,1
27371,1
27372,1
27373,1
27374,1
27375,1
27376,1
27377,1
27378,1
27379,1
27380,1
27381,1
27382,1
27383,1
27384,1
27385,1
27386,1
27387,1
27388,1
27389,1
27390,1
27391,1
27392,1
27393,1
27394,1
27395,1
27396,1
27397,1
27398,1
27399,1
27400,1
27401,1
27402,1
27403,1
27404,1
27405,1
27406,1
27407,1
27408,1
27409,1
27410,1
27411,1
27412,1
27413,1
27414,1
27415,1
27416,1
27417,1
27418,1
27419,1
27420,1
27421,1
27422,1
27423,1
27424,1
27425,1
27426,1
27427,1
27428,1
27429,1
27430,1
27431,1
27432,1
27433,1
27434,1
27435,1
27436,1
27437,1
27438,1
27439,1
27440,1
27441,1
27442,1
27443,1
27444,1
27445,1
27446,1
27447,1
27448,1
27449,1
27450,1
27451,1
27452,1
27453,1
27454,1
27455,1
27456,1
27457,1
27458,1
27459,1
27460,1
27461,1
27462,1
27463,1
27464,1
27465,1
27466,1
27467,1
27468,1
27469,1
27470,1
27471,1
27472,1
27473,1
27474,1
27475,1
27476,1
27477,1
27478,1
27479,1
27480,1
27481,1
27482,1
27483,1
27484,1
27485,1
27486,1
27487,1
27488,1
27489,1
27490,1
27491,1
27492,1
27493,1
27494,1
27495,1
27496,1
27497,1
27498,1
27499,1
27500,1
27501,1
27502,1
27503,1
27504,1
27505,1
27506,1
27507,1
27508,1
27509,1
27510,1
27511,1
27512,1
27513,1
27514,1
27515,1
27516,1
27517,1
27518,1
27519,1
27520,1
27521,1
27522,1
27523,1
27524,1
27525,1
27526,1
27527,1
27528,1
27529,1
27530,1
27531,1
27532,1
27533,1
27534,1
27535,1
27536,1
27537,1
27538,1
27539,1
27540,1
27541,1
27542,1
27543,1
27544,1
27545,1
27546,1
27547,1
27548,1
27549,1
27550,1
27551,1
27552,1
27553,1
27554,1
27555,1
27556,1
27557,1
27558,1
27559,1
27560,1
27561,1
27562,1
27563,1
27564,1
27565,1
27566,1
27567,1
27568,1
27569,1
27570,1
27571,1
27572,1
27573,1
27574,1
27575,1
27576,1
27577,1
27578,1
27579,1
27580,1
27581,1
27582,1
27583,1
27584,1
27585,1
27586,1
27587,1
27588,1
27589,1
27590,1
27591,1
27592,1
27593,1
27594,1
27595,1
27596,1
27597,1
27598,1
27599,1
27600,1
27601,1
27602,1
27603,1
27604,1
27605,1
27606,1
27607,1
27608,1
27609,1
27610,1
27611,1
27612,1
27613,1
27614,1
27615,1
27616,1
27617,1
27618,1
27619,1
27620,1
27621,1
27622,1
27623,1
27624,1
27625,1
27626,1
27627,1
27628,1
27629,1
27630,1
27631,1
27632,1
27633,1
27634,1
27635,1
27636,1
27637,1
27638,1
27639,1
27640,1
27641,1
27642,1
27643,1
27644,1
27645,1
27646,1
27647,1
27648,1
27649,1
27650,1
27651,1
27652,1
27653,1
27654,1
27655,1
27656,1
27657,1
27658,1
27659,1
27660,1
27661,1
27662,1
27663,1
27664,1
27665,1
27666,1
27667,1
27668,1
27669,1
27670,1
27671,1
27672,1
27673,1
27674,1
27675,1
27676,1
27677,1
27678,1
27679,1
27680,1
27681,1
27682,1
27683,1
27684,1
27685,1
27686,1
27687,1
27688,1
27689,1
27690,1
27691,1
27692,1
27693,1
27694,1
27695,1
27696,1
27697,1
27698,1
27699,1
27700,1
27701,1
27702,1
27703,1
27704,1
27705,1
27706,1
27707,1
27708,1
27709,1
27710,1
27711,1
27712,1
27713,1
27714,1
27715,1
27716,1
27717,1
27718,1
27719,1
27720,1
27721,1
27722,1
27723,1
27724,1
27725,1
27726,1
27727,1
27728,1
27729,1
27730,1
27731,1
27732,1
27733,1
27734,1
27735,1
27736,1
27737,1
27738,1
27739,1
27740,1
27741,1
27742,1
27743,1
27744,1
27745,1
27746,1
27747,1
27748,1
27749,1
27750,1
27751,1
27752,1
27753,1
27754,1
27755,1
27756,1
27757,1
27758,1
27759,1
27760,1
27761,1
27762,1
27763,1
27764,1
27765,1
27766,1
27767,1
27768,1
27769,1
27770,1
27771,1
27772,1
27773,1
27774,1
27775,1
27776,1
27777,1
27778,1
27779,1
27780,1
27781,1
27782,1
27783,1
27784,1
27785,1
27786,1
27787,1
27788,1
27789,1
27790,1
27791,1
27792,1
27793,1
27794,1
27795,1
27796,1
27797,1
27798,1
27799,1
27800,1
27801,1
27802,1
27803,1
27804,1
27805,1
27806,1
27807,1
27808,1
27809,1
27810,1
27811,1
27812,1
27813,1
27814,1
27815,1
27816,1
27817,1
27818,1
27819,1
27820,1
27821,1
27822,1
27823,1
27824,1
27825,1
27826,1
27827,1
27828,1
27829,1
27830,1
27831,1
27832,1
27833,1
27834,1
27835,1
27836,1
27837,1
27838,1
27839,1
27840,1
27841,1
27842,1
27843,1
27844,1
27845,1
27846,1
27847,1
27848,1
27849,1
27850,1
27851,1
27852,1
27853,1
27854,1
27855,1
27856,1
27857,1
27858,1
27859,1
27860,1
27861,1
27862,1
27863,1
27864,1
27865,1
27866,1
27867,1
27868,1
27869,1
27870,1
27871,1
27872,1
27873,1
27874,1
27875,1
27876,1
27877,1
27878,1
27879,1
27880,1
27881,1
27882,1
27883,1
27884,1
27885,1
27886,1
27887,1
27888,1
27889,1
27890,1
27891,1
27892,1
27893,1
27894,1
27895,1
27896,1
27897,1
27898,1
27899,1
27900,1
27901,1
27902,1
27903,1
27904,1
27905,1
27906,1
27907,1
27908,1
27909,1
27910,1
27911,1
27912,1
27913,1
27914,1
27915,1
27916,1
27917,1
27918,1
27919,1
27920,1
27921,1
27922,1
27923,1
27924,1
27925,1
27926,1
27927,1
27928,1
27929,1
27930,1
27931,1
27932,1
27933,1
27934,1
27935,1
27936,1
27937,1
27938,1
27939,1
27940,1
27941,1
27942,1
27943,1
27944,1
27945,1
27946,1
27947,1
27948,1
27949,1
27950,1
27951,1
27952,1
27953,1
27954,1
27955,1
27956,1
27957,1
27958,1
27959,1
27960,1
27961,1
27962,1
27963,1
27964,1
27965,1
27966,1
27967,1
27968,1
27969,1
27970,1
27971,1
27972,1
27973,1
27974,1
27975,1
27976,1
27977,1
27978,1
27979,1
27980,1
27981,1
27982,1
27983,1
27984,1
27985,1
27986,1
27987,1
27988,1
27989,1
27990,1
27991,1
27992,1
27993,1
27994,1
27995,1
27996,1
27997,1
27998,1
27999,1
28000,1
28001,1
28002,1
28003,1
28004,1
28005,1
28006,1
28007,1
28008,1
28009,1
28010,1
28011,1
28012,1
28013,1
28014,1
28015,1
28016,1
28017,1
28018,1
28019,1
28020,1
28021,1
28022,1
28023,1
28024,1
28025,1
28026,1
28027,1
28028,1
28029,1
28030,1
28031,1
28032,1
28033,1
28034,1
28035,1
28036,1
28037,1
28038,1
28039,1
28040,1
28041,1
28042,1
28043,1
28044,1
28045,1
28046,1
28047,1
28048,1
28049,1
28050,1
28051,1
28052,1
28053,1
28054,1
28055,1
28056,1
28057,1
28058,1
28059,1
28060,1
28061,1
28062,1
28063,1
28064,1
28065,1
28066,1
28067,1
28068,1
28069,1
28070,1
28071,1
28072,1
28073,1
28074,1
28075,1
28076,1
28077,1
28078,1
28079,1
28080,1
28081,1
28082,1
28083,1
28084,1
28085,1
28086,1
28087,1
28088,1
28089,1
28090,1
28091,1
28092,1
28093,1
28094,1
28095,1
28096,1
28097,1
28098,1
28099,1
28100,1
28101,1
28102,1
28103,1
28104,1
28105,1
28106,1
28107,1
28108,1
28109,1
28110,1
28111,1
28112,1
28113,1
28114,1
28115,1
28116,1
28117,1
28118,1
28119,1
28120,1
28121,1
28122,1
28123,1
28124,1
28125,1
28126,1
28127,1
28128,1
28129,1
28130,1
28131,1
28132,1
28133,1
28134,1
28135,1
28136,1
28137,1
28138,1
28139,1
28140,1
28141,1
28142,1
28143,1
28144,1
28145,1
28146,1
28147,1
28148,1
28149,1
28150,1
28151,1
28152,1
28153,1
28154,1
28155,1
28156,1
28157,1
28158,1
28159,1
28160,1
28161,1
28162,1
28163,1
28164,1
28165,1
28166,1
28167,1
28168,1
28169,1
28170,1
28171,1
28172,1
28173,1
28174,1
28175,1
28176,1
28177,1
28178,1
28179,1
28180,1
28181,1
28182,1
28183,1
28184,1
28185,1
28186,1
28187,1
28188,1
28189,1
28190,1
28191,1
28192,1
28193,1
28194,1
28195,1
28196,1
28197,1
28198,1
28199,1
28200,1
28201,1
28202,1
28203,1
28204,1
28205,1
28206,1
28207,1
28208,1
28209,1
28210,1
28211,1
28212,1
28213,1
28214,1
28215,1
28216,1
28217,1
28218,1
28219,1
28220,1
28221,1
28222,1
28223,1
28224,1
28225,1
28226,1
28227,1
28228,1
28229,1
28230,1
28231,1
28232,1
28233,1
28234,1
28235,1
28236,1
28237,1
28238,1
28239,1
28240,1
28241,1
28242,1
28243,1
28244,1
28245,1
28246,1
28247,1
28248,1
28249,1
28250,1
28251,1
28252,1
28253,1
28254,1
28255,1
28256,1
28257,1
28258,1
28259,1
28260,1
28261,1
28262,1
28263,1
28264,1
28265,1
28266,1
28267,1
28268,1
28269,1
28270,1
28271,1
28272,1
28273,1
28274,1
28275,1
28276,1
28277,1
28278,1
28279,1
28280,1
28281,1
28282,1
28283,1
28284,1
28285,1
28286,1
28287,1
28288,1
28289,1
28290,1
28291,1
28292,1
28293,1
28294,1
28295,1
28296,1
28297,1
28298,1
28299,1
28300,1
28301,1
28302,1
28303,1
28304,1
28305,1
28306,1
28307,1
28308,1
28309,1
28310,1
28311,1
28312,1
28313,1
28314,1
28315,1
28316,1
28317,1
28318,1
28319,1
28320,1
28321,1
28322,1
28323,1
28324,1
28325,1
28326,1
28327,1
28328,1
28329,1
28330,1
28331,1
28332,1
28333,1
28334,1
28335,1
28336,1
28337,1
28338,1
28339,1
28340,1
28341,1
28342,1
28343,1
28344,1
28345,1
28346,1
28347,1
28348,1
28349,1
28350,1
28351,1
28352,1
28353,1
28354,1
28355,1
28356,1
28357,1
28358,1
28359,1
28360,1
28361,1
28362,1
28363,1
28364,1
28365,1
28366,1
28367,1
28368,1
28369,1
28370,1
28371,1
28372,1
28373,1
28374,1
28375,1
28376,1
28377,1
28378,1
28379,1
28380,1
28381,1
28382,1
28383,1
28384,1
28385,1
28386,1
28387,1
28388,1
28389,1
28390,1
28391,1
28392,1
28393,1
28394,1
28395,1
28396,1
28397,1
28398,1
28399,1
28400,1
28401,1
28402,1
28403,1
28404,1
28405,1
28406,1
28407,1
28408,1
28409,1
28410,1
28411,1
28412,1
28413,1
28414,1
28415,1
28416,1
28417,1
28418,1
28419,1
28420,1
28421,1
28422,1
28423,1
28424,1
28425,1
28426,1
28427,1
28428,1
28429,1
28430,1
28431,1
28432,1
28433,1
28434,1
28435,1
28436,1
28437,1
28438,1
28439,1
28440,1
28441,1
28442,1
28443,1
28444,1
28445,1
28446,1
28447,1
28448,1
28449,1
28450,1
28451,1
28452,1
28453,1
28454,1
28455,1
28456,1
28457,1
28458,1
28459,1
28460,1
28461,1
28462,1
28463,1
28464,1
28465,1
28466,1
28467,1
28468,1
28469,1
28470,1
28471,1
28472,1
28473,1
28474,1
28475,1
28476,1
28477,1
28478,1
28479,1
28480,1
28481,1
28482,1
28483,1
28484,1
28485,1
28486,1
28487,1
28488,1
28489,1
28490,1
28491,1
28492,1
28493,1
28494,1
28495,1
28496,1
28497,1
28498,1
28499,1
28500,1
28501,1
28502,1
28503,1
28504,1
28505,1
28506,1
28507,1
28508,1
28509,1
28510,1
28511,1
28512,1
28513,1
28514,1
28515,1
28516,1
28517,1
28518,1
28519,1
28520,1
28521,1
28522,1
28523,1
28524,1
28525,1
28526,1
28527,1
28528,1
28529,1
28530,1
28531,1
28532,1
28533,1
28534,1
28535,1
28536,1
28537,1
28538,1
28539,1
28540,1
28541,1
28542,1
28543,1
28544,1
28545,1
28546,1
28547,1
28548,1
28549,1
28550,1
28551,1
28552,1
28553,1
28554,1
28555,1
28556,1
28557,1
28558,1
28559,1
28560,1
28561,1
28562,1
28563,1
28564,1
28565,1
28566,1
28567,1
28568,1
28569,1
28570,1
28571,1
28572,1
28573,1
28574,1
28575,1
28576,1
28577,1
28578,1
28579,1
28580,1
28581,1
28582,1
28583,1
28584,1
28585,1
28586,1
28587,1
28588,1
28589,1
28590,1
28591,1
28592,1
28593,1
28594,1
28595,1
28596,1
28597,1
28598,1
28599,1
28600,1
28601,1
28602,1
28603,1
28604,1
28605,1
28606,1
28607,1
28608,1
28609,1
28610,1
28611,1
28612,1
28613,1
28614,1
28615,1
28616,1
28617,1
28618,1
28619,1
28620,1
28621,1
28622,1
28623,1
28624,1
28625,1
28626,1
28627,1
28628,1
28629,1
28630,1
28631,1
28632,1
28633,1
28634,1
28635,1
28636,1
28637,1
28638,1
28639,1
28640,1
28641,1
28642,1
28643,1
28644,1
28645,1
28646,1
28647,1
28648,1
28649,1
28650,1
28651,1
28652,1
28653,1
28654,1
28655,1
28656,1
28657,1
28658,1
28659,1
28660,1
28661,1
28662,1
28663,1
28664,1
28665,1
28666,1
28667,1
28668,1
28669,1
28670,1
28671,1
28672,1
28673,1
28674,1
28675,1
28676,1
28677,1
28678,1
28679,1
28680,1
28681,1
28682,1
28683,1
28684,1
28685,1
28686,1
28687,1
28688,1
28689,1
28690,1
28691,1
28692,1
28693,1
28694,1
28695,1
28696,1
28697,1
28698,1
28699,1
28700,1
28701,1
28702,1
28703,1
28704,1
28705,1
28706,1
28707,1
28708,1
28709,1
28710,1
28711,1
28712,1
28713,1
28714,1
28715,1
28716,1
28717,1
28718,1
28719,1
28720,1
28721,1
28722,1
28723,1
28724,1
28725,1
28726,1
28727,1
28728,1
28729,1
28730,1
28731,1
28732,1
28733,1
28734,1
28735,1
28736,1
28737,1
28738,1
28739,1
28740,1
28741,1
28742,1
28743,1
28744,1
28745,1
28746,1
28747,1
28748,1
28749,1
28750,1
28751,1
28752,1
28753,1
28754,1
28755,1
28756,1
28757,1
28758,1
28759,1
28760,1
28761,1
28762,1
28763,1
28764,1
28765,1
28766,1
28767,1
28768,1
28769,1
28770,1
28771,1
28772,1
28773,1
28774,1
28775,1
28776,1
28777,1
28778,1
28779,1
28780,1
28781,1
28782,1
28783,1
28784,1
28785,1
28786,1
28787,1
28788,1
28789,1
28790,1
28791,1
28792,1
28793,1
28794,1
28795,1
28796,1
28797,1
28798,1
28799,1
28800,1
28801,1
28802,1
28803,1
28804,1
28805,1
28806,1
28807,1
28808,1
28809,1
28810,1
28811,1
28812,1
28813,1
28814,1
28815,1
28816,1
28817,1
28818,1
28819,1
28820,1
28821,1
28822,1
28823,1
28824,1
28825,1
28826,1
28827,1
28828,1
28829,1
28830,1
28831,1
28832,1
28833,1
28834,1
28835,1
28836,1
28837,1
28838,1
28839,1
28840,1
28841,1
28842,1
28843,1
28844,1
28845,1
28846,1
28847,1
28848,1
28849,1
28850,1
28851,1
28852,1
28853,1
28854,1
28855,1
28856,1
28857,1
28858,1
28859,1
28860,1
28861,1
28862,1
28863,1
28864,1
28865,1
28866,1
28867,1
28868,1
28869,1
28870,1
28871,1
28872,1
28873,1
28874,1
28875,1
28876,1
28877,1
28878,1
28879,1
28880,1
28881,1
28882,1
28883,1
28884,1
28885,1
28886,1
28887,1
28888,1
28889,1
28890,1
28891,1
28892,1
28893,1
28894,1
28895,1
28896,1
28897,1
28898,1
28899,1
28900,1
28901,1
28902,1
28903,1
28904,1
28905,1
28906,1
28907,1
28908,1
28909,1
28910,1
28911,1
28912,1
28913,1
28914,1
28915,1
28916,1
28917,1
28918,1
28919,1
28920,1
28921,1
28922,1
28923,1
28924,1
28925,1
28926,1
28927,1
28928,1
28929,1
28930,1
28931,1
28932,1
28933,1
28934,1
28935,1
28936,1
28937,1
28938,1
28939,1
28940,1
28941,1
28942,1
28943,1
28944,1
28945,1
28946,1
28947,1
28948,1
28949,1
28950,1
28951,1
28952,1
28953,1
28954,1
28955,1
28956,1
28957,1
28958,1
28959,1
28960,1
28961,1
28962,1
28963,1
28964,1
28965,1
28966,1
28967,1
28968,1
28969,1
28970,1
28971,1
28972,1
28973,1
28974,1
28975,1
28976,1
28977,1
28978,1
28979,1
28980,1
28981,1
28982,1
28983,1
28984,1
28985,1
28986,1
28987,1
28988,1
28989,1
28990,1
28991,1
28992,1
28993,1
28994,1
28995,1
28996,1
28997,1
28998,1
28999,1
29000,1
29001,1
29002,1
29003,1
29004,1
29005,1
29006,1
29007,1
29008,1
29009,1
29010,1
29011,1
29012,1
29013,1
29014,1
29015,1
29016,1
29017,1
29018,1
29019,1
29020,1
29021,1
29022,1
29023,1
29024,1
29025,1
29026,1
29027,1
29028,1
29029,1
29030,1
29031,1
29032,1
29033,1
29034,1
29035,1
29036,1
29037,1
29038,1
29039,1
29040,1
29041,1
29042,1
29043,1
29044,1
29045,1
29046,1
29047,1
29048,1
29049,1
29050,1
29051,1
29052,1
29053,1
29054,1
29055,1
29056,1
29057,1
29058,1
29059,1
29060,1
29061,1
29062,1
29063,1
29064,1
29065,1
29066,1
29067,1
29068,1
29069,1
29070,1
29071,1
29072,1
29073,1
29074,1
29075,1
29076,1
29077,1
29078,1
29079,1
29080,1
29081,1
29082,1
29083,1
29084,1
29085,1
29086,1
29087,1
29088,1
29089,1
29090,1
29091,1
29092,1
29093,1
29094,1
29095,1
29096,1
29097,1
29098,1
29099,1
29100,1
29101,1
29102,1
29103,1
29104,1
29105,1
29106,1
29107,1
29108,1
29109,1
29110,1
29111,1
29112,1
29113,1
29114,1
29115,1
29116,1
29117,1
29118,1
29119,1
29120,1
29121,1
29122,1
29123,1
29124,1
29125,1
29126,1
29127,1
29128,1
29129,1
29130,1
29131,1
29132,1
29133,1
29134,1
29135,1
29136,1
29137,1
29138,1
29139,1
29140,1
29141,1
29142,1
29143,1
29144,1
29145,1
29146,1
29147,1
29148,1
29149,1
29150,1
29151,1
29152,1
29153,1
29154,1
29155,1
29156,1
29157,1
29158,1
29159,1
29160,1
29161,1
29162,1
29163,1
29164,1
29165,1
29166,1
29167,1
29168,1
29169,1
29170,1
29171,1
29172,1
29173,1
29174,1
29175,1
29176,1
29177,1
29178,1
29179,1
29180,1
29181,1
29182,1
29183,1
29184,1
29185,1
29186,1
29187,1
29188,1
29189,1
29190,1
29191,1
29192,1
29193,1
29194,1
29195,1
29196,1
29197,1
29198,1
29199,1
29200,1
29201,1
29202,1
29203,1
29204,1
29205,1
29206,1
29207,1
29208,1
29209,1
29210,1
29211,1
29212,1
29213,1
29214,1
29215,1
29216,1
29217,1
29218,1
29219,1
29220,1
29221,1
29222,1
29223,1
29224,1
29225,1
29226,1
29227,1
29228,1
29229,1
29230,1
29231,1
29232,1
29233,1
29234,1
29235,1
29236,1
29237,1
29238,1
29239,1
29240,1
29241,1
29242,1
29243,1
29244,1
29245,1
29246,1
29247,1
29248,1
29249,1
29250,1
29251,1
29252,1
29253,1
29254,1
29255,1
29256,1
29257,1
29258,1
29259,1
29260,1
29261,1
29262,1
29263,1
29264,1
29265,1
29266,1
29267,1
29268,1
29269,1
29270,1
29271,1
29272,1
29273,1
29274,1
29275,1
29276,1
29277,1
29278,1
29279,1
29280,1
29281,1
29282,1
29283,1
29284,1
29285,1
29286,1
29287,1
29288,1
29289,1
29290,1
29291,1
29292,1
29293,1
29294,1
29295,1
29296,1
29297,1
29298,1
29299,1
29300,1
29301,1
29302,1
29303,1
29304,1
29305,1
29306,1
29307,1
29308,1
29309,1
29310,1
29311,1
29312,1
29313,1
29314,1
29315,1
29316,1
29317,1
29318,1
29319,1
29320,1
29321,1
29322,1
29323,1
29324,1
29325,1
29326,1
29327,1
29328,1
29329,1
29330,1
29331,1
29332,1
29333,1
29334,1
29335,1
29336,1
29337,1
29338,1
29339,1
29340,1
29341,1
29342,1
29343,1
29344,1
29345,1
29346,1
29347,1
29348,1
29349,1
29350,1
29351,1
29352,1
29353,1
29354,1
29355,1
29356,1
29357,1
29358,1
29359,1
29360,1
29361,1
29362,1
29363,1
29364,1
29365,1
29366,1
29367,1
29368,1
29369,1
29370,1
29371,1
29372,1
29373,1
29374,1
29375,1
29376,1
29377,1
29378,1
29379,1
29380,1
29381,1
29382,1
29383,1
29384,1
29385,1
29386,1
29387,1
29388,1
29389,1
29390,1
29391,1
29392,1
29393,1
29394,1
29395,1
29396,1
29397,1
29398,1
29399,1
29400,1
29401,1
29402,1
29403,1
29404,1
29405,1
29406,1
29407,1
29408,1
29409,1
29410,1
29411,1
29412,1
29413,1
29414,1
29415,1
29416,1
29417,1
29418,1
29419,1
29420,1
29421,1
29422,1
29423,1
29424,1
29425,1
29426,1
29427,1
29428,1
29429,1
29430,1
29431,1
29432,1
29433,1
29434,1
29435,1
29436,1
29437,1
29438,1
29439,1
29440,1
29441,1
29442,1
29443,1
29444,1
29445,1
29446,1
29447,1
29448,1
29449,1
29450,1
29451,1
29452,1
29453,1
29454,1
29455,1
29456,1
29457,1
29458,1
29459,1
29460,1
29461,1
29462,1
29463,1
29464,1
29465,1
29466,1
29467,1
29468,1
29469,1
29470,1
29471,1
29472,1
29473,1
29474,1
29475,1
29476,1
29477,1
29478,1
29479,1
29480,1
29481,1
29482,1
29483,1
29484,1
29485,1
29486,1
29487,1
29488,1
29489,1
29490,1
29491,1
29492,1
29493,1
29494,1
29495,1
29496,1
29497,1
29498,1
29499,1
29500,1
29501,1
29502,1
29503,1
29504,1
29505,1
29506,1
29507,1
29508,1
29509,1
29510,1
29511,1
29512,1
29513,1
29514,1
29515,1
29516,1
29517,1
29518,1
29519,1
29520,1
29521,1
29522,1
29523,1
29524,1
29525,1
29526,1
29527,1
29528,1
29529,1
29530,1
29531,1
29532,1
29533,1
29534,1
29535,1
29536,1
29537,1
29538,1
29539,1
29540,1
29541,1
29542,1
29543,1
29544,1
29545,1
29546,1
29547,1
29548,1
29549,1
29550,1
29551,1
29552,1
29553,1
29554,1
29555,1
29556,1
29557,1
29558,1
29559,1
29560,1
29561,1
29562,1
29563,1
29564,1
29565,1
29566,1
29567,1
29568,1
29569,1
29570,1
29571,1
29572,1
29573,1
29574,1
29575,1
29576,1
29577,1
29578,1
29579,1
29580,1
29581,1
29582,1
29583,1
29584,1
29585,1
29586,1
29587,1
29588,1
29589,1
29590,1
29591,1
29592,1
29593,1
29594,1
29595,1
29596,1
29597,1
29598,1
29599,1
29600,1
29601,1
29602,1
29603,1
29604,1
29605,1
29606,1
29607,1
29608,1
29609,1
29610,1
29611,1
29612,1
29613,1
29614,1
29615,1
29616,1
29617,1
29618,1
29619,1
29620,1
29621,1
29622,1
29623,1
29624,1
29625,1
29626,1
29627,1
29628,1
29629,1
29630,1
29631,1
29632,1
29633,1
29634,1
29635,1
29636,1
29637,1
29638,1
29639,1
29640,1
29641,1
29642,1
29643,1
29644,1
29645,1
29646,1
29647,1
29648,1
29649,1
29650,1
29651,1
29652,1
29653,1
29654,1
29655,1
29656,1
29657,1
29658,1
29659,1
29660,1
29661,1
29662,1
29663,1
29664,1
29665,1
29666,1
29667,1
29668,1
29669,1
29670,1
29671,1
29672,1
29673,1
29674,1
29675,1
29676,1
29677,1
29678,1
29679,1
29680,1
29681,1
29682,1
29683,1
29684,1
29685,1
29686,1
29687,1
29688,1
29689,1
29690,1
29691,1
29692,1
29693,1
29694,1
29695,1
29696,1
29697,1
29698,1
29699,1
29700,1
29701,1
29702,1
29703,1
29704,1
29705,1
29706,1
29707,1
29708,1
29709,1
29710,1
29711,1
29712,1
29713,1
29714,1
29715,1
29716,1
29717,1
29718,1
29719,1
29720,1
29721,1
29722,1
29723,1
29724,1
29725,1
29726,1
29727,1
29728,1
29729,1
29730,1
29731,1
29732,1
29733,1
29734,1
29735,1
29736,1
29737,1
29738,1
29739,1
29740,1
29741,1
29742,1
29743,1
29744,1
29745,1
29746,1
29747,1
29748,1
29749,1
29750,1
29751,1
29752,1
29753,1
29754,1
29755,1
29756,1
29757,1
29758,1
29759,1
29760,1
29761,1
29762,1
29763,1
29764,1
29765,1
29766,1
29767,1
29768,1
29769,1
29770,1
29771,1
29772,1
29773,1
29774,1
29775,1
29776,1
29777,1
29778,1
29779,1
29780,1
29781,1
29782,1
29783,1
29784,1
29785,1
29786,1
29787,1
29788,1
29789,1
29790,1
29791,1
29792,1
29793,1
29794,1
29795,1
29796,1
29797,1
29798,1
29799,1
29800,1
29801,1
29802,1
29803,1
29804,1
29805,1
29806,1
29807,1
29808,1
29809,1
29810,1
29811,1
29812,1
29813,1
29814,1
29815,1
29816,1
29817,1
29818,1
29819,1
29820,1
29821,1
29822,1
29823,1
29824,1
29825,1
29826,1
29827,1
29828,1
29829,1
29830,1
29831,1
29832,1
29833,1
29834,1
29835,1
29836,1
29837,1
29838,1
29839,1
29840,1
29841,1
29842,1
29843,1
29844,1
29845,1
29846,1
29847,1
29848,1
29849,1
29850,1
29851,1
29852,1
29853,1
29854,1
29855,1
29856,1
29857,1
29858,1
29859,1
29860,1
29861,1
29862,1
29863,1
29864,1
29865,1
29866,1
29867,1
29868,1
29869,1
29870,1
29871,1
29872,1
29873,1
29874,1
29875,1
29876,1
29877,1
29878,1
29879,1
29880,1
29881,1
29882,1
29883,1
29884,1
29885,1
29886,1
29887,1
29888,1
29889,1
29890,1
29891,1
29892,1
29893,1
29894,1
29895,1
29896,1
29897,1
29898,1
29899,1
29900,1
29901,1
29902,1
29903,1
29904,1
29905,1
29906,1
29907,1
29908,1
29909,1
29910,1
29911,1
29912,1
29913,1
29914,1
29915,1
29916,1
29917,1
29918,1
29919,1
29920,1
29921,1
29922,1
29923,1
29924,1
29925,1
29926,1
29927,1
29928,1
29929,1
29930,1
29931,1
29932,1
29933,1
29934,1
29935,1
29936,1
29937,1
29938,1
29939,1
29940,1
29941,1
29942,1
29943,1
29944,1
29945,1
29946,1
29947,1
29948,1
29949,1
29950,1
29951,1
29952,1
29953,1
29954,1
29955,1
29956,1
29957,1
29958,1
29959,1
29960,1
29961,1
29962,1
29963,1
29964,1
29965,1
29966,1
29967,1
29968,1
29969,1
29970,1
29971,1
29972,1
29973,1
29974,1
29975,1
29976,1
29977,1
29978,1
29979,1
29980,1
29981,1
29982,1
29983,1
29984,1
29985,1
29986,1
29987,1
29988,1
29989,1
29990,1
29991,1
29992,1
29993,1
29994,1
29995,1
29996,1
29997,1
29998,1
29999,1
30000,1
30001,1
30002,1
30003,1
30004,1
30005,1
30006,1
30007,1
30008,1
30009,1
30010,1
30011,1
30012,1
30013,1
30014,1
30015,1
30016,1
30017,1
30018,1
30019,1
30020,1
30021,1
30022,1
30023,1
30024,1
30025,1
30026,1
30027,1
30028,1
30029,1
30030,1
30031,1
30032,1
30033,1
30034,1
30035,1
30036,1
30037,1
30038,1
30039,1
30040,1
30041,1
30042,1
30043,1
30044,1
30045,1
30046,1
30047,1
30048,1
30049,1
30050,1
30051,1
30052,1
30053,1
30054,1
30055,1
30056,1
30057,1
30058,1
30059,1
30060,1
30061,1
30062,1
30063,1
30064,1
30065,1
30066,1
30067,1
30068,1
30069,1
30070,1
30071,1
30072,1
30073,1
30074,1
30075,1
30076,1
30077,1
30078,1
30079,1
30080,1
30081,1
30082,1
30083,1
30084,1
30085,1
30086,1
30087,1
30088,1
30089,1
30090,1
30091,1
30092,1
30093,1
30094,1
30095,1
30096,1
30097,1
30098,1
30099,1
30100,1
30101,1
30102,1
30103,1
30104,1
30105,1
30106,1
30107,1
30108,1
30109,1
30110,1
30111,1
30112,1
30113,1
30114,1
30115,1
30116,1
30117,1
30118,1
30119,1
30120,1
30121,1
30122,1
30123,1
30124,1
30125,1
30126,1
30127,1
30128,1
30129,1
30130,1
30131,1
30132,1
30133,1
30134,1
30135,1
30136,1
30137,1
30138,1
30139,1
30140,1
30141,1
30142,1
30143,1
30144,1
30145,1
30146,1
30147,1
30148,1
30149,1
30150,1
30151,1
30152,1
30153,1
30154,1
30155,1
30156,1
30157,1
30158,1
30159,1
30160,1
30161,1
30162,1
30163,1
30164,1
30165,1
30166,1
30167,1
30168,1
30169,1
30170,1
30171,1
30172,1
30173,1
30174,1
30175,1
30176,1
30177,1
30178,1
30179,1
30180,1
30181,1
30182,1
30183,1
30184,1
30185,1
30186,1
30187,1
30188,1
30189,1
30190,1
30191,1
30192,1
30193,1
30194,1
30195,1
30196,1
30197,1
30198,1
30199,1
30200,1
30201,1
30202,1
30203,1
30204,1
30205,1
30206,1
30207,1
30208,1
30209,1
30210,1
30211,1
30212,1
30213,1
30214,1
30215,1
30216,1
30217,1
30218,1
30219,1
30220,1
30221,1
30222,1
30223,1
30224,1
30225,1
30226,1
30227,1
30228,1
30229,1
30230,1
30231,1
30232,1
30233,1
30234,1
30235,1
30236,1
30237,1
30238,1
30239,1
30240,1
30241,1
30242,1
30243,1
30244,1
30245,1
30246,1
30247,1
30248,1
30249,1
30250,1
30251,1
30252,1
30253,1
30254,1
30255,1
30256,1
30257,1
30258,1
30259,1
30260,1
30261,1
30262,1
30263,1
30264,1
30265,1
30266,1
30267,1
30268,1
30269,1
30270,1
30271,1
30272,1
30273,1
30274,1
30275,1
30276,1
30277,1
30278,1
30279,1
30280,1
30281,1
30282,1
30283,1
30284,1
30285,1
30286,1
30287,1
30288,1
30289,1
30290,1
30291,1
30292,1
30293,1
30294,1
30295,1
30296,1
30297,1
30298,1
30299,1
30300,1
30301,1
30302,1
30303,1
30304,1
30305,1
30306,1
30307,1
30308,1
30309,1
30310,1
30311,1
30312,1
30313,1
30314,1
30315,1
30316,1
30317,1
30318,1
30319,1
30320,1
30321,1
30322,1
30323,1
30324,1
30325,1
30326,1
30327,1
30328,1
30329,1
30330,1
30331,1
30332,1
30333,1
30334,1
30335,1
30336,1
30337,1
30338,1
30339,1
30340,1
30341,1
30342,1
30343,1
30344,1
30345,1
30346,1
30347,1
30348,1
30349,1
30350,1
30351,1
30352,1
30353,1
30354,1
30355,1
30356,1
30357,1
30358,1
30359,1
30360,1
30361,1
30362,1
30363,1
30364,1
30365,1
30366,1
30367,1
30368,1
30369,1
30370,1
30371,1
30372,1
30373,1
30374,1
30375,1
30376,1
30377,1
30378,1
30379,1
30380,1
30381,1
30382,1
30383,1
30384,1
30385,1
30386,1
30387,1
30388,1
30389,1
30390,1
30391,1
30392,1
30393,1
30394,1
30395,1
30396,1
30397,1
30398,1
30399,1
30400,1
30401,1
30402,1
30403,1
30404,1
30405,1
30406,1
30407,1
30408,1
30409,1
30410,1
30411,1
30412,1
30413,1
30414,1
30415,1
30416,1
30417,1
30418,1
30419,1
30420,1
30421,1
30422,1
30423,1
30424,1
30425,1
30426,1
30427,1
30428,1
30429,1
30430,1
30431,1
30432,1
30433,1
30434,1
30435,1
30436,1
30437,1
30438,1
30439,1
30440,1
30441,1
30442,1
30443,1
30444,1
30445,1
30446,1
30447,1
30448,1
30449,1
30450,1
30451,1
30452,1
30453,1
30454,1
30455,1
30456,1
30457,1
30458,1
30459,1
30460,1
30461,1
30462,1
30463,1
30464,1
30465,1
30466,1
30467,1
30468,1
30469,1
30470,1
30471,1
30472,1
30473,1
30474,1
30475,1
30476,1
30477,1
30478,1
30479,1
30480,1
30481,1
30482,1
30483,1
30484,1
30485,1
30486,1
30487,1
30488,1
30489,1
30490,1
30491,1
30492,1
30493,1
30494,1
30495,1
30496,1
30497,1
30498,1
30499,1
30500,1
30501,1
30502,1
30503,1
30504,1
30505,1
30506,1
30507,1
30508,1
30509,1
30510,1
30511,1
30512,1
30513,1
30514,1
30515,1
30516,1
30517,1
30518,1
30519,1
30520,1
30521,1
30522,1
30523,1
30524,1
30525,1
30526,1
30527,1
30528,1
30529,1
30530,1
30531,1
30532,1
30533,1
30534,1
30535,1
30536,1
30537,1
30538,1
30539,1
30540,1
30541,1
30542,1
30543,1
30544,1
30545,1
30546,1
30547,1
30548,1
30549,1
30550,1
30551,1
30552,1
30553,1
30554,1
30555,1
30556,1
30557,1
30558,1
30559,1
30560,1
30561,1
30562,1
30563,1
30564,1
30565,1
30566,1
30567,1
30568,1
30569,1
30570,1
30571,1
30572,1
30573,1
30574,1
30575,1
30576,1
30577,1
30578,1
30579,1
30580,1
30581,1
30582,1
30583,1
30584,1
30585,1
30586,1
30587,1
30588,1
30589,1
30590,1
30591,1
30592,1
30593,1
30594,1
30595,1
30596,1
30597,1
30598,1
30599,1
30600,1
30601,1
30602,1
30603,1
30604,1
30605,1
30606,1
30607,1
30608,1
30609,1
30610,1
30611,1
30612,1
30613,1
30614,1
30615,1
30616,1
30617,1
30618,1
30619,1
30620,1
30621,1
30622,1
30623,1
30624,1
30625,1
30626,1
30627,1
30628,1
30629,1
30630,1
30631,1
30632,1
30633,1
30634,1
30635,1
30636,1
30637,1
30638,1
30639,1
30640,1
30641,1
30642,1
30643,1
30644,1
30645,1
30646,1
30647,1
30648,1
30649,1
30650,1
30651,1
30652,1
30653,1
30654,1
30655,1
30656,1
30657,1
30658,1
30659,1
30660,1
30661,1
30662,1
30663,1
30664,1
30665,1
30666,1
30667,1
30668,1
30669,1
30670,1
30671,1
30672,1
30673,1
30674,1
30675,1
30676,1
30677,1
30678,1
30679,1
30680,1
30681,1
30682,1
30683,1
30684,1
30685,1
30686,1
30687,1
30688,1
30689,1
30690,1
30691,1
30692,1
30693,1
30694,1
30695,1
30696,1
30697,1
30698,1
30699,1
30700,1
30701,1
30702,1
30703,1
30704,1
30705,1
30706,1
30707,1
30708,1
30709,1
30710,1
30711,1
30712,1
30713,1
30714,1
30715,1
30716,1
30717,1
30718,1
30719,1
30720,1
30721,1
30722,1
30723,1
30724,1
30725,1
30726,1
30727,1
30728,1
30729,1
30730,1
30731,1
30732,1
30733,1
30734,1
30735,1
30736,1
30737,1
30738,1
30739,1
30740,1
30741,1
30742,1
30743,1
30744,1
30745,1
30746,1
30747,1
30748,1
30749,1
30750,1
30751,1
30752,1
30753,1
30754,1
30755,1
30756,1
30757,1
30758,1
30759,1
30760,1
30761,1
30762,1
30763,1
30764,1
30765,1
30766,1
30767,1
30768,1
30769,1
30770,1
30771,1
30772,1
30773,1
30774,1
30775,1
30776,1
30777,1
30778,1
30779,1
30780,1
30781,1
30782,1
30783,1
30784,1
30785,1
30786,1
30787,1
30788,1
30789,1
30790,1
30791,1
30792,1
30793,1
30794,1
30795,1
30796,1
30797,1
30798,1
30799,1
30800,1
30801,1
30802,1
30803,1
30804,1
30805,1
30806,1
30807,1
30808,1
30809,1
30810,1
30811,1
30812,1
30813,1
30814,1
30815,1
30816,1
30817,1
30818,1
30819,1
30820,1
30821,1
30822,1
30823,1
30824,1
30825,1
30826,1
30827,1
30828,1
30829,1
30830,1
30831,1
30832,1
30833,1
30834,1
30835,1
30836,1
30837,1
30838,1
30839,1
30840,1
30841,1
30842,1
30843,1
30844,1
30845,1
30846,1
30847,1
30848,1
30849,1
30850,1
30851,1
30852,1
30853,1
30854,1
30855,1
30856,1
30857,1
30858,1
30859,1
30860,1
30861,1
30862,1
30863,1
30864,1
30865,1
30866,1
30867,1
30868,1
30869,1
30870,1
30871,1
30872,1
30873,1
30874,1
30875,1
30876,1
30877,1
30878,1
30879,1
30880,1
30881,1
30882,1
30883,1
30884,1
30885,1
30886,1
30887,1
30888,1
30889,1
30890,1
30891,1
30892,1
30893,1
30894,1
30895,1
30896,1
30897,1
30898,1
30899,1
30900,1
30901,1
30902,1
30903,1
30904,1
30905,1
30906,1
30907,1
30908,1
30909,1
30910,1
30911,1
30912,1
30913,1
30914,1
30915,1
30916,1
30917,1
30918,1
30919,1
30920,1
30921,1
30922,1
30923,1
30924,1
30925,1
30926,1
30927,1
30928,1
30929,1
30930,1
30931,1
30932,1
30933,1
30934,1
30935,1
30936,1
30937,1
30938,1
30939,1
30940,1
30941,1
30942,1
30943,1
30944,1
30945,1
30946,1
30947,1
30948,1
30949,1
30950,1
30951,1
30952,1
30953,1
30954,1
30955,1
30956,1
30957,1
30958,1
30959,1
30960,1
30961,1
30962,1
30963,1
30964,1
30965,1
30966,1
30967,1
30968,1
30969,1
30970,1
30971,1
30972,1
30973,1
30974,1
30975,1
30976,1
30977,1
30978,1
30979,1
30980,1
30981,1
30982,1
30983,1
30984,1
30985,1
30986,1
30987,1
30988,1
30989,1
30990,1
30991,1
30992,1
30993,1
30994,1
30995,1
30996,1
30997,1
30998,1
30999,1
31000,1
31001,1
31002,1
31003,1
31004,1
31005,1
31006,1
31007,1
31008,1
31009,1
31010,1
31011,1
31012,1
31013,1
31014,1
31015,1
31016,1
31017,1
31018,1
31019,1
31020,1
31021,1
31022,1
31023,1
31024,1
31025,1
31026,1
31027,1
31028,1
31029,1
31030,1
31031,1
31032,1
31033,1
31034,1
31035,1
31036,1
31037,1
31038,1
31039,1
31040,1
31041,1
31042,1
31043,1
31044,1
31045,1
31046,1
31047,1
31048,1
31049,1
31050,1
31051,1
31052,1
31053,1
31054,1
31055,1
31056,1
31057,1
31058,1
31059,1
31060,1
31061,1
31062,1
31063,1
31064,1
31065,1
31066,1
31067,1
31068,1
31069,1
31070,1
31071,1
31072,1
31073,1
31074,1
31075,1
31076,1
31077,1
31078,1
31079,1
31080,1
31081,1
31082,1
31083,1
31084,1
31085,1
31086,1
31087,1
31088,1
31089,1
31090,1
31091,1
31092,1
31093,1
31094,1
31095,1
31096,1
31097,1
31098,1
31099,1
31100,1
31101,1
31102,1
31103,1
31104,1
31105,1
31106,1
31107,1
31108,1
31109,1
31110,1
31111,1
31112,1
31113,1
31114,1
31115,1
31116,1
31117,1
31118,1
31119,1
31120,1
31121,1
31122,1
31123,1
31124,1
31125,1
31126,1
31127,1
31128,1
31129,1
31130,1
31131,1
31132,1
31133,1
31134,1
31135,1
31136,1
31137,1
31138,1
31139,1
31140,1
31141,1
31142,1
31143,1
31144,1
31145,1
31146,1
31147,1
31148,1
31149,1
31150,1
31151,1
31152,1
31153,1
31154,1
31155,1
31156,1
31157,1
31158,1
31159,1
31160,1
31161,1
31162,1
31163,1
31164,1
31165,1
31166,1
31167,1
31168,1
31169,1
31170,1
31171,1
31172,1
31173,1
31174,1
31175,1
31176,1
31177,1
31178,1
31179,1
31180,1
31181,1
31182,1
31183,1
31184,1
31185,1
31186,1
31187,1
31188,1
31189,1
31190,1
31191,1
31192,1
31193,1
31194,1
31195,1
31196,1
31197,1
31198,1
31199,1
31200,1
31201,1
31202,1
31203,1
31204,1
31205,1
31206,1
31207,1
31208,1
31209,1
31210,1
31211,1
31212,1
31213,1
31214,1
31215,1
31216,1
31217,1
31218,1
31219,1
31220,1
31221,1
31222,1
31223,1
31224,1
31225,1
31226,1
31227,1
31228,1
31229,1
31230,1
31231,1
31232,1
31233,1
31234,1
31235,1
31236,1
31237,1
31238,1
31239,1
31240,1
31241,1
31242,1
31243,1
31244,1
31245,1
31246,1
31247,1
31248,1
31249,1
31250,1
31251,1
31252,1
31253,1
31254,1
31255,1
31256,1
31257,1
31258,1
31259,1
31260,1
31261,1
31262,1
31263,1
31264,1
31265,1
31266,1
31267,1
31268,1
31269,1
31270,1
31271,1
31272,1
31273,1
31274,1
31275,1
31276,1
31277,1
31278,1
31279,1
31280,1
31281,1
31282,1
31283,1
31284,1
31285,1
31286,1
31287,1
31288,1
31289,1
31290,1
31291,1
31292,1
31293,1
31294,1
31295,1
31296,1
31297,1
31298,1
31299,1
31300,1
31301,1
31302,1
31303,1
31304,1
31305,1
31306,1
31307,1
31308,1
31309,1
31310,1
31311,1
31312,1
31313,1
31314,1
31315,1
31316,1
31317,1
31318,1
31319,1
31320,1
31321,1
31322,1
31323,1
31324,1
31325,1
31326,1
31327,1
31328,1
31329,1
31330,1
31331,1
31332,1
31333,1
31334,1
31335,1
31336,1
31337,1
31338,1
31339,1
31340,1
31341,1
31342,1
31343,1
31344,1
31345,1
31346,1
31347,1
31348,1
31349,1
31350,1
31351,1
31352,1
31353,1
31354,1
31355,1
31356,1
31357,1
31358,1
31359,1
31360,1
31361,1
31362,1
31363,1
31364,1
31365,1
31366,1
31367,1
31368,1
31369,1
31370,1
31371,1
31372,1
31373,1
31374,1
31375,1
31376,1
31377,1
31378,1
31379,1
31380,1
31381,1
31382,1
31383,1
31384,1
31385,1
31386,1
31387,1
31388,1
31389,1
31390,1
31391,1
31392,1
31393,1
31394,1
31395,1
31396,1
31397,1
31398,1
31399,1
31400,1
31401,1
31402,1
31403,1
31404,1
31405,1
31406,1
31407,1
31408,1
31409,1
31410,1
31411,1
31412,1
31413,1
31414,1
31415,1
31416,1
31417,1
31418,1
31419,1
31420,1
31421,1
31422,1
31423,1
31424,1
31425,1
31426,1
31427,1
31428,1
31429,1
31430,1
31431,1
31432,1
31433,1
31434,1
31435,1
31436,1
31437,1
31438,1
31439,1
31440,1
31441,1
31442,1
31443,1
31444,1
31445,1
31446,1
31447,1
31448,1
31449,1
31450,1
31451,1
31452,1
31453,1
31454,1
31455,1
31456,1
31457,1
31458,1
31459,1
31460,1
31461,1
31462,1
31463,1
31464,1
31465,1
31466,1
31467,1
31468,1
31469,1
31470,1
31471,1
31472,1
31473,1
31474,1
31475,1
31476,1
31477,1
31478,1
31479,1
31480,1
31481,1
31482,1
31483,1
31484,1
31485,1
31486,1
31487,1
31488,1
31489,1
31490,1
31491,1
31492,1
31493,1
31494,1
31495,1
31496,1
31497,1
31498,1
31499,1
31500,1
31501,1
31502,1
31503,1
31504,1
31505,1
31506,1
31507,1
31508,1
31509,1
31510,1
31511,1
31512,1
31513,1
31514,1
31515,1
31516,1
31517,1
31518,1
31519,1
31520,1
31521,1
31522,1
31523,1
31524,1
31525,1
31526,1
31527,1
31528,1
31529,1
31530,1
31531,1
31532,1
31533,1
31534,1
31535,1
31536,1
31537,1
31538,1
31539,1
31540,1
31541,1
31542,1
31543,1
31544,1
31545,1
31546,1
31547,1
31548,1
31549,1
31550,1
31551,1
31552,1
31553,1
31554,1
31555,1
31556,1
31557,1
31558,1
31559,1
31560,1
31561,1
31562,1
31563,1
31564,1
31565,1
31566,1
31567,1
31568,1
31569,1
31570,1
31571,1
31572,1
31573,1
31574,1
31575,1
31576,1
31577,1
31578,1
31579,1
31580,1
31581,1
31582,1
31583,1
31584,1
31585,1
31586,1
31587,1
31588,1
31589,1
31590,1
31591,1
31592,1
31593,1
31594,1
31595,1
31596,1
31597,1
31598,1
31599,1
31600,1
31601,1
31602,1
31603,1
31604,1
31605,1
31606,1
31607,1
31608,1
31609,1
31610,1
31611,1
31612,1
31613,1
31614,1
31615,1
31616,1
31617,1
31618,1
31619,1
31620,1
31621,1
31622,1
31623,1
31624,1
31625,1
31626,1
31627,1
31628,1
31629,1
31630,1
31631,1
31632,1
31633,1
31634,1
31635,1
31636,1
31637,1
31638,1
31639,1
31640,1
31641,1
31642,1
31643,1
31644,1
31645,1
31646,1
31647,1
31648,1
31649,1
31650,1
31651,1
31652,1
31653,1
31654,1
31655,1
31656,1
31657,1
31658,1
31659,1
31660,1
31661,1
31662,1
31663,1
31664,1
31665,1
31666,1
31667,1
31668,1
31669,1
31670,1
31671,1
31672,1
31673,1
31674,1
31675,1
31676,1
31677,1
31678,1
31679,1
31680,1
31681,1
31682,1
31683,1
31684,1
31685,1
31686,1
31687,1
31688,1
31689,1
31690,1
31691,1
31692,1
31693,1
31694,1
31695,1
31696,1
31697,1
31698,1
31699,1
31700,1
31701,1
31702,1
31703,1
31704,1
31705,1
31706,1
31707,1
31708,1
31709,1
31710,1
31711,1
31712,1
31713,1
31714,1
31715,1
31716,1
31717,1
31718,1
31719,1
31720,1
31721,1
31722,1
31723,1
31724,1
31725,1
31726,1
31727,1
31728,1
31729,1
31730,1
31731,1
31732,1
31733,1
31734,1
31735,1
31736,1
31737,1
31738,1
31739,1
31740,1
31741,1
31742,1
31743,1
31744,1
31745,1
31746,1
31747,1
31748,1
31749,1
31750,1
31751,1
31752,1
31753,1
31754,1
31755,1
31756,1
31757,1
31758,1
31759,1
31760,1
31761,1
31762,1
31763,1
31764,1
31765,1
31766,1
31767,1
31768,1
31769,1
31770,1
31771,1
31772,1
31773,1
31774,1
31775,1
31776,1
31777,1
31778,1
31779,1
31780,1
31781,1
31782,1
31783,1
31784,1
31785,1
31786,1
31787,1
31788,1
31789,1
31790,1
31791,1
31792,1
31793,1
31794,1
31795,1
31796,1
31797,1
31798,1
31799,1
31800,1
31801,1
31802,1
31803,1
31804,1
31805,1
31806,1
31807,1
31808,1
31809,1
31810,1
31811,1
31812,1
31813,1
31814,1
31815,1
31816,1
31817,1
31818,1
31819,1
31820,1
31821,1
31822,1
31823,1
31824,1
31825,1
31826,1
31827,1
31828,1
31829,1
31830,1
31831,1
31832,1
31833,1
31834,1
31835,1
31836,1
31837,1
31838,1
31839,1
31840,1
31841,1
31842,1
31843,1
31844,1
31845,1
31846,1
31847,1
31848,1
31849,1
31850,1
31851,1
31852,1
31853,1
31854,1
31855,1
31856,1
31857,1
31858,1
31859,1
31860,1
31861,1
31862,1
31863,1
31864,1
31865,1
31866,1
31867,1
31868,1
31869,1
31870,1
31871,1
31872,1
31873,1
31874,1
31875,1
31876,1
31877,1
31878,1
31879,1
31880,1
31881,1
31882,1
31883,1
31884,1
31885,1
31886,1
31887,1
31888,1
31889,1
31890,1
31891,1
31892,1
31893,1
31894,1
31895,1
31896,1
31897,1
31898,1
31899,1
31900,1
31901,1
31902,1
31903,1
31904,1
31905,1
31906,1
31907,1
31908,1
31909,1
31910,1
31911,1
31912,1
31913,1
31914,1
31915,1
31916,1
31917,1
31918,1
31919,1
31920,1
31921,1
31922,1
31923,1
31924,1
31925,1
31926,1
31927,1
31928,1
31929,1
31930,1
31931,1
31932,1
31933,1
31934,1
31935,1
31936,1
31937,1
31938,1
31939,1
31940,1
31941,1
31942,1
31943,1
31944,1
31945,1
31946,1
31947,1
31948,1
31949,1
31950,1
31951,1
31952,1
31953,1
31954,1
31955,1
31956,1
31957,1
31958,1
31959,1
31960,1
31961,1
31962,1
31963,1
31964,1
31965,1
31966,1
31967,1
31968,1
31969,1
31970,1
31971,1
31972,1
31973,1
31974,1
31975,1
31976,1
31977,1
31978,1
31979,1
31980,1
31981,1
31982,1
31983,1
31984,1
31985,1
31986,1
31987,1
31988,1
31989,1
31990,1
31991,1
31992,1
31993,1
31994,1
31995,1
31996,1
31997,1
31998,1
31999,1
32000,1
32001,1
32002,1
32003,1
32004,1
32005,1
32006,1
32007,1
32008,1
32009,1
32010,1
32011,1
32012,1
32013,1
32014,1
32015,1
32016,1
32017,1
32018,1
32019,1
32020,1
32021,1
32022,1
32023,1
32024,1
32025,1
32026,1
32027,1
32028,1
32029,1
32030,1
32031,1
32032,1
32033,1
32034,1
32035,1
32036,1
32037,1
32038,1
32039,1
32040,1
32041,1
32042,1
32043,1
32044,1
32045,1
32046,1
32047,1
32048,1
32049,1
32050,1
32051,1
32052,1
32053,1
32054,1
32055,1
32056,1
32057,1
32058,1
32059,1
32060,1
32061,1
32062,1
32063,1
32064,1
32065,1
32066,1
32067,1
32068,1
32069,1
32070,1
32071,1
32072,1
32073,1
32074,1
32075,1
32076,1
32077,1
32078,1
32079,1
32080,1
32081,1
32082,1
32083,1
32084,1
32085,1
32086,1
32087,1
32088,1
32089,1
32090,1
32091,1
32092,1
32093,1
32094,1
32095,1
32096,1
32097,1
32098,1
32099,1
32100,1
32101,1
32102,1
32103,1
32104,1
32105,1
32106,1
32107,1
32108,1
32109,1
32110,1
32111,1
32112,1
32113,1
32114,1
32115,1
32116,1
32117,1
32118,1
32119,1
32120,1
32121,1
32122,1
32123,1
32124,1
32125,1
32126,1
32127,1
32128,1
32129,1
32130,1
32131,1
32132,1
32133,1
32134,1
32135,1
32136,1
32137,1
32138,1
32139,1
32140,1
32141,1
32142,1
32143,1
32144,1
32145,1
32146,1
32147,1
32148,1
32149,1
32150,1
32151,1
32152,1
32153,1
32154,1
32155,1
32156,1
32157,1
32158,1
32159,1
32160,1
32161,1
32162,1
32163,1
32164,1
32165,1
32166,1
32167,1
32168,1
32169,1
32170,1
32171,1
32172,1
32173,1
32174,1
32175,1
32176,1
32177,1
32178,1
32179,1
32180,1
32181,1
32182,1
32183,1
32184,1
32185,1
32186,1
32187,1
32188,1
32189,1
32190,1
32191,1
32192,1
32193,1
32194,1
32195,1
32196,1
32197,1
32198,1
32199,1
32200,1
32201,1
32202,1
32203,1
32204,1
32205,1
32206,1
32207,1
32208,1
32209,1
32210,1
32211,1
32212,1
32213,1
32214,1
32215,1
32216,1
32217,1
32218,1
32219,1
32220,1
32221,1
32222,1
32223,1
32224,1
32225,1
32226,1
32227,1
32228,1
32229,1
32230,1
32231,1
32232,1
32233,1
32234,1
32235,1
32236,1
32237,1
32238,1
32239,1
32240,1
32241,1
32242,1
32243,1
32244,1
32245,1
32246,1
32247,1
32248,1
32249,1
32250,1
32251,1
32252,1
32253,1
32254,1
32255,1
32256,1
32257,1
32258,1
32259,1
32260,1
32261,1
32262,1
32263,1
32264,1
32265,1
32266,1
32267,1
32268,1
32269,1
32270,1
32271,1
32272,1
32273,1
32274,1
32275,1
32276,1
32277,1
32278,1
32279,1
32280,1
32281,1
32282,1
32283,1
32284,1
32285,1
32286,1
32287,1
32288,1
32289,1
32290,1
32291,1
32292,1
32293,1
32294,1
32295,1
32296,1
32297,1
32298,1
32299,1
32300,1
32301,1
32302,1
32303,1
32304,1
32305,1
32306,1
32307,1
32308,1
32309,1
32310,1
32311,1
32312,1
32313,1
32314,1
32315,1
32316,1
32317,1
32318,1
32319,1
32320,1
32321,1
32322,1
32323,1
32324,1
32325,1
32326,1
32327,1
32328,1
32329,1
32330,1
32331,1
32332,1
32333,1
32334,1
32335,1
32336,1
32337,1
32338,1
32339,1
32340,1
32341,1
32342,1
32343,1
32344,1
32345,1
32346,1
32347,1
32348,1
32349,1
32350,1
32351,1
32352,1
32353,1
32354,1
32355,1
32356,1
32357,1
32358,1
32359,1
32360,1
32361,1
32362,1
32363,1
32364,1
32365,1
32366,1
32367,1
32368,1
32369,1
32370,1
32371,1
32372,1
32373,1
32374,1
32375,1
32376,1
32377,1
32378,1
32379,1
32380,1
32381,1
32382,1
32383,1
32384,1
32385,1
32386,1
32387,1
32388,1
32389,1
32390,1
32391,1
32392,1
32393,1
32394,1
32395,1
32396,1
32397,1
32398,1
32399,1
32400,1
32401,1
32402,1
32403,1
32404,1
32405,1
32406,1
32407,1
32408,1
32409,1
32410,1
32411,1
32412,1
32413,1
32414,1
32415,1
32416,1
32417,1
32418,1
32419,1
32420,1
32421,1
32422,1
32423,1
32424,1
32425,1
32426,1
32427,1
32428,1
32429,1
32430,1
32431,1
32432,1
32433,1
32434,1
32435,1
32436,1
32437,1
32438,1
32439,1
32440,1
32441,1
32442,1
32443,1
32444,1
32445,1
32446,1
32447,1
32448,1
32449,1
32450,1
32451,1
32452,1
32453,1
32454,1
32455,1
32456,1
32457,1
32458,1
32459,1
32460,1
32461,1
32462,1
32463,1
32464,1
32465,1
32466,1
32467,1
32468,1
32469,1
32470,1
32471,1
32472,1
32473,1
32474,1
32475,1
32476,1
32477,1
32478,1
32479,1
32480,1
32481,1
32482,1
32483,1
32484,1
32485,1
32486,1
32487,1
32488,1
32489,1
32490,1
32491,1
32492,1
32493,1
32494,1
32495,1
32496,1
32497,1
32498,1
32499,1
32500,1
32501,1
32502,1
32503,1
32504,1
32505,1
32506,1
32507,1
32508,1
32509,1
32510,1
32511,1
32512,1
32513,1
32514,1
32515,1
32516,1
32517,1
32518,1
32519,1
32520,1
32521,1
32522,1
32523,1
32524,1
32525,1
32526,1
32527,1
32528,1
32529,1
32530,1
32531,1
32532,1
32533,1
32534,1
32535,1
32536,1
32537,1
32538,1
32539,1
32540,1
32541,1
32542,1
32543,1
32544,1
32545,1
32546,1
32547,1
32548,1
32549,1
32550,1
32551,1
32552,1
32553,1
32554,1
32555,1
32556,1
32557,1
32558,1
32559,1
32560,1
32561,1
32562,1
32563,1
32564,1
32565,1
32566,1
32567,1
32568,1
32569,1
32570,1
32571,1
32572,1
32573,1
32574,1
32575,1
32576,1
32577,1
32578,1
32579,1
32580,1
32581,1
32582,1
32583,1
32584,1
32585,1
32586,1
32587,1
32588,1
32589,1
32590,1
32591,1
32592,1
32593,1
32594,1
32595,1
32596,1
32597,1
32598,1
32599,1
32600,1
32601,1
32602,1
32603,1
32604,1
32605,1
32606,1
32607,1
32608,1
32609,1
32610,1
32611,1
32612,1
32613,1
32614,1
32615,1
32616,1
32617,1
32618,1
32619,1
32620,1
32621,1
32622,1
32623,1
32624,1
32625,1
32626,1
32627,1
32628,1
32629,1
32630,1
32631,1
32632,1
32633,1
32634,1
32635,1
32636,1
32637,1
32638,1
32639,1
32640,1
32641,1
32642,1
32643,1
32644,1
32645,1
32646,1
32647,1
32648,1
32649,1
32650,1
32651,1
32652,1
32653,1
32654,1
32655,1
32656,1
32657,1
32658,1
32659,1
32660,1
32661,1
32662,1
32663,1
32664,1
32665,1
32666,1
32667,1
32668,1
32669,1
32670,1
32671,1
32672,1
32673,1
32674,1
32675,1
32676,1
32677,1
32678,1
32679,1
32680,1
32681,1
32682,1
32683,1
32684,1
32685,1
32686,1
32687,1
32688,1
32689,1
32690,1
32691,1
32692,1
32693,1
32694,1
32695,1
32696,1
32697,1
32698,1
32699,1
32700,1
32701,1
32702,1
32703,1
32704,1
32705,1
32706,1
32707,1
32708,1
32709,1
32710,1
32711,1
32712,1
32713,1
32714,1
32715,1
32716,1
32717,1
32718,1
32719,1
32720,1
32721,1
32722,1
32723,1
32724,1
32725,1
32726,1
32727,1
32728,1
32729,1
32730,1
32731,1
32732,1
32733,1
32734,1
32735,1
32736,1
32737,1
32738,1
32739,1
32740,1
32741,1
32742,1
32743,1
32744,1
32745,1
32746,1
32747,1
32748,1
32749,1
32750,1
32751,1
32752,1
32753,1
32754,1
32755,1
32756,1
32757,1
32758,1
32759,1
32760,1
32761,1
32762,1
32763,1
32764,1
32765,1
32766,1
32767,1
32768,1
32769,1
32770,1
32771,1
32772,1
32773,1
32774,1
32775,1
32776,1
32777,1
32778,1
32779,1
32780,1
32781,1
32782,1
32783,1
32784,1
32785,1
32786,1
32787,1
32788,1
32789,1
32790,1
32791,1
32792,1
32793,1
32794,1
32795,1
32796,1
32797,1
32798,1
32799,1
32800,1
32801,1
32802,1
32803,1
32804,1
32805,1
32806,1
32807,1
32808,1
32809,1
32810,1
32811,1
32812,1
32813,1
32814,1
32815,1
32816,1
32817,1
32818,1
32819,1
32820,1
32821,1
32822,1
32823,1
32824,1
32825,1
32826,1
32827,1
32828,1
32829,1
32830,1
32831,1
32832,1
32833,1
32834,1
32835,1
32836,1
32837,1
32838,1
32839,1
32840,1
32841,1
32842,1
32843,1
32844,1
32845,1
32846,1
32847,1
32848,1
32849,1
32850,1
32851,1
32852,1
32853,1
32854,1
32855,1
32856,1
32857,1
32858,1
32859,1
32860,1
32861,1
32862,1
32863,1
32864,1
32865,1
32866,1
32867,1
32868,1
32869,1
32870,1
32871,1
32872,1
32873,1
32874,1
32875,1
32876,1
32877,1
32878,1
32879,1
32880,1
32881,1
32882,1
32883,1
32884,1
32885,1
32886,1
32887,1
32888,1
32889,1
32890,1
32891,1
32892,1
32893,1
32894,1
32895,1
32896,1
32897,1
32898,1
32899,1
32900,1
32901,1
32902,1
32903,1
32904,1
32905,1
32906,1
32907,1
32908,1
32909,1
32910,1
32911,1
32912,1
32913,1
32914,1
32915,1
32916,1
32917,1
32918,1
32919,1
32920,1
32921,1
32922,1
32923,1
32924,1
32925,1
32926,1
32927,1
32928,1
32929,1
32930,1
32931,1
32932,1
32933,1
32934,1
32935,1
32936,1
32937,1
32938,1
32939,1
32940,1
32941,1
32942,1
32943,1
32944,1
32945,1
32946,1
32947,1
32948,1
32949,1
32950,1
32951,1
32952,1
32953,1
32954,1
32955,1
32956,1
32957,1
32958,1
32959,1
32960,1
32961,1
32962,1
32963,1
32964,1
32965,1
32966,1
32967,1
32968,1
32969,1
32970,1
32971,1
32972,1
32973,1
32974,1
32975,1
32976,1
32977,1
32978,1
32979,1
32980,1
32981,1
32982,1
32983,1
32984,1
32985,1
32986,1
32987,1
32988,1
32989,1
32990,1
32991,1
32992,1
32993,1
32994,1
32995,1
32996,1
32997,1
32998,1
32999,1
33000,1
33001,1
33002,1
33003,1
33004,1
33005,1
33006,1
33007,1
33008,1
33009,1
33010,1
33011,1
33012,1
33013,1
33014,1
33015,1
33016,1
33017,1
33018,1
33019,1
33020,1
33021,1
33022,1
33023,1
33024,1
33025,1
33026,1
33027,1
33028,1
33029,1
33030,1
33031,1
33032,1
33033,1
33034,1
33035,1
33036,1
33037,1
33038,1
33039,1
33040,1
33041,1
33042,1
33043,1
33044,1
33045,1
33046,1
33047,1
33048,1
33049,1
33050,1
33051,1
33052,1
33053,1
33054,1
33055,1
33056,1
33057,1
33058,1
33059,1
33060,1
33061,1
33062,1
33063,1
33064,1
33065,1
33066,1
33067,1
33068,1
33069,1
33070,1
33071,1
33072,1
33073,1
33074,1
33075,1
33076,1
33077,1
33078,1
33079,1
33080,1
33081,1
33082,1
33083,1
33084,1
33085,1
33086,1
33087,1
33088,1
33089,1
33090,1
33091,1
33092,1
33093,1
33094,1
33095,1
33096,1
33097,1
33098,1
33099,1
33100,1
33101,1
33102,1
33103,1
33104,1
33105,1
33106,1
33107,1
33108,1
33109,1
33110,1
33111,1
33112,1
33113,1
33114,1
33115,1
33116,1
33117,1
33118,1
33119,1
33120,1
33121,1
33122,1
33123,1
33124,1
33125,1
33126,1
33127,1
33128,1
33129,1
33130,1
33131,1
33132,1
33133,1
33134,1
33135,1
33136,1
33137,1
33138,1
33139,1
33140,1
33141,1
33142,1
33143,1
33144,1
33145,1
33146,1
33147,1
33148,1
33149,1
33150,1
33151,1
33152,1
33153,1
33154,1
33155,1
33156,1
33157,1
33158,1
33159,1
33160,1
33161,1
33162,1
33163,1
33164,1
33165,1
33166,1
33167,1
33168,1
33169,1
33170,1
33171,1
33172,1
33173,1
33174,1
33175,1
33176,1
33177,1
33178,1
33179,1
33180,1
33181,1
33182,1
33183,1
33184,1
33185,1
33186,1
33187,1
33188,1
33189,1
33190,1
33191,1
33192,1
33193,1
33194,1
33195,1
33196,1
33197,1
33198,1
33199,1
33200,1
33201,1
33202,1
33203,1
33204,1
33205,1
33206,1
33207,1
33208,1
33209,1
33210,1
33211,1
33212,1
33213,1
33214,1
33215,1
33216,1
33217,1
33218,1
33219,1
33220,1
33221,1
33222,1
33223,1
33224,1
33225,1
33226,1
33227,1
33228,1
33229,1
33230,1
33231,1
33232,1
33233,1
33234,1
33235,1
33236,1
33237,1
33238,1
33239,1
33240,1
33241,1
33242,1
33243,1
33244,1
33245,1
33246,1
33247,1
33248,1
33249,1
33250,1
33251,1
33252,1
33253,1
33254,1
33255,1
33256,1
33257,1
33258,1
33259,1
33260,1
33261,1
33262,1
33263,1
33264,1
33265,1
33266,1
33267,1
33268,1
33269,1
33270,1
33271,1
33272,1
33273,1
33274,1
33275,1
33276,1
33277,1
33278,1
33279,1
33280,1
33281,1
33282,1
33283,1
33284,1
33285,1
33286,1
33287,1
33288,1
33289,1
33290,1
33291,1
33292,1
33293,1
33294,1
33295,1
33296,1
33297,1
33298,1
33299,1
33300,1
33301,1
33302,1
33303,1
33304,1
33305,1
33306,1
33307,1
33308,1
33309,1
33310,1
33311,1
33312,1
33313,1
33314,1
33315,1
33316,1
33317,1
33318,1
33319,1
33320,1
33321,1
33322,1
33323,1
33324,1
33325,1
33326,1
33327,1
33328,1
33329,1
33330,1
33331,1
33332,1
33333,1
33334,1
33335,1
33336,1
33337,1
33338,1
33339,1
33340,1
33341,1
33342,1
33343,1
33344,1
33345,1
33346,1
33347,1
33348,1
33349,1
33350,1
33351,1
33352,1
33353,1
33354,1
33355,1
33356,1
33357,1
33358,1
33359,1
33360,1
33361,1
33362,1
33363,1
33364,1
33365,1
33366,1
33367,1
33368,1
33369,1
33370,1
33371,1
33372,1
33373,1
33374,1
33375,1
33376,1
33377,1
33378,1
33379,1
33380,1
33381,1
33382,1
33383,1
33384,1
33385,1
33386,1
33387,1
33388,1
33389,1
33390,1
33391,1
33392,1
33393,1
33394,1
33395,1
33396,1
33397,1
33398,1
33399,1
33400,1
33401,1
33402,1
33403,1
33404,1
33405,1
33406,1
33407,1
33408,1
33409,1
33410,1
33411,1
33412,1
33413,1
33414,1
33415,1
33416,1
33417,1
33418,1
33419,1
33420,1
33421,1
33422,1
33423,1
33424,1
33425,1
33426,1
33427,1
33428,1
33429,1
33430,1
33431,1
33432,1
33433,1
33434,1
33435,1
33436,1
33437,1
33438,1
33439,1
33440,1
33441,1
33442,1
33443,1
33444,1
33445,1
33446,1
33447,1
33448,1
33449,1
33450,1
33451,1
33452,1
33453,1
33454,1
33455,1
33456,1
33457,1
33458,1
33459,1
33460,1
33461,1
33462,1
33463,1
33464,1
33465,1
33466,1
33467,1
33468,1
33469,1
33470,1
33471,1
33472,1
33473,1
33474,1
33475,1
33476,1
33477,1
33478,1
33479,1
33480,1
33481,1
33482,1
33483,1
33484,1
33485,1
33486,1
33487,1
33488,1
33489,1
33490,1
33491,1
33492,1
33493,1
33494,1
33495,1
33496,1
33497,1
33498,1
33499,1
33500,1
33501,1
33502,1
33503,1
33504,1
33505,1
33506,1
33507,1
33508,1
33509,1
33510,1
33511,1
33512,1
33513,1
33514,1
33515,1
33516,1
33517,1
33518,1
33519,1
33520,1
33521,1
33522,1
33523,1
33524,1
33525,1
33526,1
33527,1
33528,1
33529,1
33530,1
33531,1
33532,1
33533,1
33534,1
33535,1
33536,1
33537,1
33538,1
33539,1
33540,1
33541,1
33542,1
33543,1
33544,1
33545,1
33546,1
33547,1
33548,1
33549,1
33550,1
33551,1
33552,1
33553,1
33554,1
33555,1
33556,1
33557,1
33558,1
33559,1
33560,1
33561,1
33562,1
33563,1
33564,1
33565,1
33566,1
33567,1
33568,1
33569,1
33570,1
33571,1
33572,1
33573,1
33574,1
33575,1
33576,1
33577,1
33578,1
33579,1
33580,1
33581,1
33582,1
33583,1
33584,1
33585,1
33586,1
33587,1
33588,1
33589,1
33590,1
33591,1
33592,1
33593,1
33594,1
33595,1
33596,1
33597,1
33598,1
33599,1
33600,1
33601,1
33602,1
33603,1
33604,1
33605,1
33606,1
33607,1
33608,1
33609,1
33610,1
33611,1
33612,1
33613,1
33614,1
33615,1
33616,1
33617,1
33618,1
33619,1
33620,1
33621,1
33622,1
33623,1
33624,1
33625,1
33626,1
33627,1
33628,1
33629,1
33630,1
33631,1
33632,1
33633,1
33634,1
33635,1
33636,1
33637,1
33638,1
33639,1
33640,1
33641,1
33642,1
33643,1
33644,1
33645,1
33646,1
33647,1
33648,1
33649,1
33650,1
33651,1
33652,1
33653,1
33654,1
33655,1
33656,1
33657,1
33658,1
33659,1
33660,1
33661,1
33662,1
33663,1
33664,1
33665,1
33666,1
33667,1
33668,1
33669,1
33670,1
33671,1
33672,1
33673,1
33674,1
33675,1
33676,1
33677,1
33678,1
33679,1
33680,1
33681,1
33682,1
33683,1
33684,1
33685,1
33686,1
33687,1
33688,1
33689,1
33690,1
33691,1
33692,1
33693,1
33694,1
33695,1
33696,1
33697,1
33698,1
33699,1
33700,1
33701,1
33702,1
33703,1
33704,1
33705,1
33706,1
33707,1
33708,1
33709,1
33710,1
33711,1
33712,1
33713,1
33714,1
33715,1
33716,1
33717,1
33718,1
33719,1
33720,1
33721,1
33722,1
33723,1
33724,1
33725,1
33726,1
33727,1
33728,1
33729,1
33730,1
33731,1
33732,1
33733,1
33734,1
33735,1
33736,1
33737,1
33738,1
33739,1
33740,1
33741,1
33742,1
33743,1
33744,1
33745,1
33746,1
33747,1
33748,1
33749,1
33750,1
33751,1
33752,1
33753,1
33754,1
33755,1
33756,1
33757,1
33758,1
33759,1
33760,1
33761,1
33762,1
33763,1
33764,1
33765,1
33766,1
33767,1
33768,1
33769,1
33770,1
33771,1
33772,1
33773,1
33774,1
33775,1
33776,1
33777,1
33778,1
33779,1
33780,1
33781,1
33782,1
33783,1
33784,1
33785,1
33786,1
33787,1
33788,1
33789,1
33790,1
33791,1
33792,1
33793,1
33794,1
33795,1
33796,1
33797,1
33798,1
33799,1
33800,1
33801,1
33802,1
33803,1
33804,1
33805,1
33806,1
33807,1
33808,1
33809,1
33810,1
33811,1
33812,1
33813,1
33814,1
33815,1
33816,1
33817,1
33818,1
33819,1
33820,1
33821,1
33822,1
33823,1
33824,1
33825,1
33826,1
33827,1
33828,1
33829,1
33830,1
33831,1
33832,1
33833,1
33834,1
33835,1
33836,1
33837,1
33838,1
33839,1
33840,1
33841,1
33842,1
33843,1
33844,1
33845,1
33846,1
33847,1
33848,1
33849,1
33850,1
33851,1
33852,1
33853,1
33854,1
33855,1
33856,1
33857,1
33858,1
33859,1
33860,1
33861,1
33862,1
33863,1
33864,1
33865,1
33866,1
33867,1
33868,1
33869,1
33870,1
33871,1
33872,1
33873,1
33874,1
33875,1
33876,1
33877,1
33878,1
33879,1
33880,1
33881,1
33882,1
33883,1
33884,1
33885,1
33886,1
33887,1
33888,1
33889,1
33890,1
33891,1
33892,1
33893,1
33894,1
33895,1
33896,1
33897,1
33898,1
33899,1
33900,1
33901,1
33902,1
33903,1
33904,1
33905,1
33906,1
33907,1
33908,1
33909,1
33910,1
33911,1
33912,1
33913,1
33914,1
33915,1
33916,1
33917,1
33918,1
33919,1
33920,1
33921,1
33922,1
33923,1
33924,1
33925,1
33926,1
33927,1
33928,1
33929,1
33930,1
33931,1
33932,1
33933,1
33934,1
33935,1
33936,1
33937,1
33938,1
33939,1
33940,1
33941,1
33942,1
33943,1
33944,1
33945,1
33946,1
33947,1
33948,1
33949,1
33950,1
33951,1
33952,1
33953,1
33954,1
33955,1
33956,1
33957,1
33958,1
33959,1
33960,1
33961,1
33962,1
33963,1
33964,1
33965,1
33966,1
33967,1
33968,1
33969,1
33970,1
33971,1
33972,1
33973,1
33974,1
33975,1
33976,1
33977,1
33978,1
33979,1
33980,1
33981,1
33982,1
33983,1
33984,1
33985,1
33986,1
33987,1
33988,1
33989,1
33990,1
33991,1
33992,1
33993,1
33994,1
33995,1
33996,1
33997,1
33998,1
33999,1
34000,1
34001,1
34002,1
34003,1
34004,1
34005,1
34006,1
34007,1
34008,1
34009,1
34010,1
34011,1
34012,1
34013,1
34014,1
34015,1
34016,1
34017,1
34018,1
34019,1
34020,1
34021,1
34022,1
34023,1
34024,1
34025,1
34026,1
34027,1
34028,1
34029,1
34030,1
34031,1
34032,1
34033,1
34034,1
34035,1
34036,1
34037,1
34038,1
34039,1
34040,1
34041,1
34042,1
34043,1
34044,1
34045,1
34046,1
34047,1
34048,1
34049,1
34050,1
34051,1
34052,1
34053,1
34054,1
34055,1
34056,1
34057,1
34058,1
34059,1
34060,1
34061,1
34062,1
34063,1
34064,1
34065,1
34066,1
34067,1
34068,1
34069,1
34070,1
34071,1
34072,1
34073,1
34074,1
34075,1
34076,1
34077,1
34078,1
34079,1
34080,1
34081,1
34082,1
34083,1
34084,1
34085,1
34086,1
34087,1
34088,1
34089,1
34090,1
34091,1
34092,1
34093,1
34094,1
34095,1
34096,1
34097,1
34098,1
34099,1
34100,1
34101,1
34102,1
34103,1
34104,1
34105,1
34106,1
34107,1
34108,1
34109,1
34110,1
34111,1
34112,1
34113,1
34114,1
34115,1
34116,1
34117,1
34118,1
34119,1
34120,1
34121,1
34122,1
34123,1
34124,1
34125,1
34126,1
34127,1
34128,1
34129,1
34130,1
34131,1
34132,1
34133,1
34134,1
34135,1
34136,1
34137,1
34138,1
34139,1
34140,1
34141,1
34142,1
34143,1
34144,1
34145,1
34146,1
34147,1
34148,1
34149,1
34150,1
34151,1
34152,1
34153,1
34154,1
34155,1
34156,1
34157,1
34158,1
34159,1
34160,1
34161,1
34162,1
34163,1
34164,1
34165,1
34166,1
34167,1
34168,1
34169,1
34170,1
34171,1
34172,1
34173,1
34174,1
34175,1
34176,1
34177,1
34178,1
34179,1
34180,1
34181,1
34182,1
34183,1
34184,1
34185,1
34186,1
34187,1
34188,1
34189,1
34190,1
34191,1
34192,1
34193,1
34194,1
34195,1
34196,1
34197,1
34198,1
34199,1
34200,1
34201,1
34202,1
34203,1
34204,1
34205,1
34206,1
34207,1
34208,1
34209,1
34210,1
34211,1
34212,1
34213,1
34214,1
34215,1
34216,1
34217,1
34218,1
34219,1
34220,1
34221,1
34222,1
34223,1
34224,1
34225,1
34226,1
34227,1
34228,1
34229,1
34230,1
34231,1
34232,1
34233,1
34234,1
34235,1
34236,1
34237,1
34238,1
34239,1
34240,1
34241,1
34242,1
34243,1
34244,1
34245,1
34246,1
34247,1
34248,1
34249,1
34250,1
34251,1
34252,1
34253,1
34254,1
34255,1
34256,1
34257,1
34258,1
34259,1
34260,1
34261,1
34262,1
34263,1
34264,1
34265,1
34266,1
34267,1
34268,1
34269,1
34270,1
34271,1
34272,1
34273,1
34274,1
34275,1
34276,1
34277,1
34278,1
34279,1
34280,1
34281,1
34282,1
34283,1
34284,1
34285,1
34286,1
34287,1
34288,1
34289,1
34290,1
34291,1
34292,1
34293,1
34294,1
34295,1
34296,1
34297,1
34298,1
34299,1
34300,1
34301,1
34302,1
34303,1
34304,1
34305,1
34306,1
34307,1
34308,1
34309,1
34310,1
34311,1
34312,1
34313,1
34314,1
34315,1
34316,1
34317,1
34318,1
34319,1
34320,1
34321,1
34322,1
34323,1
34324,1
34325,1
34326,1
34327,1
34328,1
34329,1
34330,1
34331,1
34332,1
34333,1
34334,1
34335,1
34336,1
34337,1
34338,1
34339,1
34340,1
34341,1
34342,1
34343,1
34344,1
34345,1
34346,1
34347,1
34348,1
34349,1
34350,1
34351,1
34352,1
34353,1
34354,1
34355,1
34356,1
34357,1
34358,1
34359,1
34360,1
34361,1
34362,1
34363,1
34364,1
34365,1
34366,1
34367,1
34368,1
34369,1
34370,1
34371,1
34372,1
34373,1
34374,1
34375,1
34376,1
34377,1
34378,1
34379,1
34380,1
34381,1
34382,1
34383,1
34384,1
34385,1
34386,1
34387,1
34388,1
34389,1
34390,1
34391,1
34392,1
34393,1
34394,1
34395,1
34396,1
34397,1
34398,1
34399,1
34400,1
34401,1
34402,1
34403,1
34404,1
34405,1
34406,1
34407,1
34408,1
34409,1
34410,1
34411,1
34412,1
34413,1
34414,1
34415,1
34416,1
34417,1
34418,1
34419,1
34420,1
34421,1
34422,1
34423,1
34424,1
34425,1
34426,1
34427,1
34428,1
34429,1
34430,1
34431,1
34432,1
34433,1
34434,1
34435,1
34436,1
34437,1
34438,1
34439,1
34440,1
34441,1
34442,1
34443,1
34444,1
34445,1
34446,1
34447,1
34448,1
34449,1
34450,1
34451,1
34452,1
34453,1
34454,1
34455,1
34456,1
34457,1
34458,1
34459,1
34460,1
34461,1
34462,1
34463,1
34464,1
34465,1
34466,1
34467,1
34468,1
34469,1
34470,1
34471,1
34472,1
34473,1
34474,1
34475,1
34476,1
34477,1
34478,1
34479,1
34480,1
34481,1
34482,1
34483,1
34484,1
34485,1
34486,1
34487,1
34488,1
34489,1
34490,1
34491,1
34492,1
34493,1
34494,1
34495,1
34496,1
34497,1
34498,1
34499,1
34500,1
34501,1
34502,1
34503,1
34504,1
34505,1
34506,1
34507,1
34508,1
34509,1
34510,1
34511,1
34512,1
34513,1
34514,1
34515,1
34516,1
34517,1
34518,1
34519,1
34520,1
34521,1
34522,1
34523,1
34524,1
34525,1
34526,1
34527,1
34528,1
34529,1
34530,1
34531,1
34532,1
34533,1
34534,1
34535,1
34536,1
34537,1
34538,1
34539,1
34540,1
34541,1
34542,1
34543,1
34544,1
34545,1
34546,1
34547,1
34548,1
34549,1
34550,1
34551,1
34552,1
34553,1
34554,1
34555,1
34556,1
34557,1
34558,1
34559,1
34560,1
34561,1
34562,1
34563,1
34564,1
34565,1
34566,1
34567,1
34568,1
34569,1
34570,1
34571,1
34572,1
34573,1
34574,1
34575,1
34576,1
34577,1
34578,1
34579,1
34580,1
34581,1
34582,1
34583,1
34584,1
34585,1
34586,1
34587,1
34588,1
34589,1
34590,1
34591,1
34592,1
34593,1
34594,1
34595,1
34596,1
34597,1
34598,1
34599,1
34600,1
34601,1
34602,1
34603,1
34604,1
34605,1
34606,1
34607,1
34608,1
34609,1
34610,1
34611,1
34612,1
34613,1
34614,1
34615,1
34616,1
34617,1
34618,1
34619,1
34620,1
34621,1
34622,1
34623,1
34624,1
34625,1
34626,1
34627,1
34628,1
34629,1
34630,1
34631,1
34632,1
34633,1
34634,1
34635,1
34636,1
34637,1
34638,1
34639,1
34640,1
34641,1
34642,1
34643,1
34644,1
34645,1
34646,1
34647,1
34648,1
34649,1
34650,1
34651,1
34652,1
34653,1
34654,1
34655,1
34656,1
34657,1
34658,1
34659,1
34660,1
34661,1
34662,1
34663,1
34664,1
34665,1
34666,1
34667,1
34668,1
34669,1
34670,1
34671,1
34672,1
34673,1
34674,1
34675,1
34676,1
34677,1
34678,1
34679,1
34680,1
34681,1
34682,1
34683,1
34684,1
34685,1
34686,1
34687,1
34688,1
34689,1
34690,1
34691,1
34692,1
34693,1
34694,1
34695,1
34696,1
34697,1
34698,1
34699,1
34700,1
34701,1
34702,1
34703,1
34704,1
34705,1
34706,1
34707,1
34708,1
34709,1
34710,1
34711,1
34712,1
34713,1
34714,1
34715,1
34716,1
34717,1
34718,1
34719,1
34720,1
34721,1
34722,1
34723,1
34724,1
34725,1
34726,1
34727,1
34728,1
34729,1
34730,1
34731,1
34732,1
34733,1
34734,1
34735,1
34736,1
34737,1
34738,1
34739,1
34740,1
34741,1
34742,1
34743,1
34744,1
34745,1
34746,1
34747,1
34748,1
34749,1
34750,1
34751,1
34752,1
34753,1
34754,1
34755,1
34756,1
34757,1
34758,1
34759,1
34760,1
34761,1
34762,1
34763,1
34764,1
34765,1
34766,1
34767,1
34768,1
34769,1
34770,1
34771,1
34772,1
34773,1
34774,1
34775,1
34776,1
34777,1
34778,1
34779,1
34780,1
34781,1
34782,1
34783,1
34784,1
34785,1
34786,1
34787,1
34788,1
34789,1
34790,1
34791,1
34792,1
34793,1
34794,1
34795,1
34796,1
34797,1
34798,1
34799,1
34800,1
34801,1
34802,1
34803,1
34804,1
34805,1
34806,1
34807,1
34808,1
34809,1
34810,1
34811,1
34812,1
34813,1
34814,1
34815,1
34816,1
34817,1
34818,1
34819,1
34820,1
34821,1
34822,1
34823,1
34824,1
34825,1
34826,1
34827,1
34828,1
34829,1
34830,1
34831,1
34832,1
34833,1
34834,1
34835,1
34836,1
34837,1
34838,1
34839,1
34840,1
34841,1
34842,1
34843,1
34844,1
34845,1
34846,1
34847,1
34848,1
34849,1
34850,1
34851,1
34852,1
34853,1
34854,1
34855,1
34856,1
34857,1
34858,1
34859,1
34860,1
34861,1
34862,1
34863,1
34864,1
34865,1
34866,1
34867,1
34868,1
34869,1
34870,1
34871,1
34872,1
34873,1
34874,1
34875,1
34876,1
34877,1
34878,1
34879,1
34880,1
34881,1
34882,1
34883,1
34884,1
34885,1
34886,1
34887,1
34888,1
34889,1
34890,1
34891,1
34892,1
34893,1
34894,1
34895,1
34896,1
34897,1
34898,1
34899,1
34900,1
34901,1
34902,1
34903,1
34904,1
34905,1
34906,1
34907,1
34908,1
34909,1
34910,1
34911,1
34912,1
34913,1
34914,1
34915,1
34916,1
34917,1
34918,1
34919,1
34920,1
34921,1
34922,1
34923,1
34924,1
34925,1
34926,1
34927,1
34928,1
34929,1
34930,1
34931,1
34932,1
34933,1
34934,1
34935,1
34936,1
34937,1
34938,1
34939,1
34940,1
34941,1
34942,1
34943,1
34944,1
34945,1
34946,1
34947,1
34948,1
34949,1
34950,1
34951,1
34952,1
34953,1
34954,1
34955,1
34956,1
34957,1
34958,1
34959,1
34960,1
34961,1
34962,1
34963,1
34964,1
34965,1
34966,1
34967,1
34968,1
34969,1
34970,1
34971,1
34972,1
34973,1
34974,1
34975,1
34976,1
34977,1
34978,1
34979,1
34980,1
34981,1
34982,1
34983,1
34984,1
34985,1
34986,1
34987,1
34988,1
34989,1
34990,1
34991,1
34992,1
34993,1
34994,1
34995,1
34996,1
34997,1
34998,1
34999,1
35000,1
35001,1
35002,1
35003,1
35004,1
35005,1
35006,1
35007,1
35008,1
35009,1
35010,1
35011,1
35012,1
35013,1
35014,1
35015,1
35016,1
35017,1
35018,1
35019,1
35020,1
35021,1
35022,1
35023,1
35024,1
35025,1
35026,1
35027,1
35028,1
35029,1
35030,1
35031,1
35032,1
35033,1
35034,1
35035,1
35036,1
35037,1
35038,1
35039,1
35040,1
35041,1
35042,1
35043,1
35044,1
35045,1
35046,1
35047,1
35048,1
35049,1
35050,1
35051,1
35052,1
35053,1
35054,1
35055,1
35056,1
35057,1
35058,1
35059,1
35060,1
35061,1
35062,1
35063,1
35064,1
35065,1
35066,1
35067,1
35068,1
35069,1
35070,1
35071,1
35072,1
35073,1
35074,1
35075,1
35076,1
35077,1
35078,1
35079,1
35080,1
35081,1
35082,1
35083,1
35084,1
35085,1
35086,1
35087,1
35088,1
35089,1
35090,1
35091,1
35092,1
35093,1
35094,1
35095,1
35096,1
35097,1
35098,1
35099,1
35100,1
35101,1
35102,1
35103,1
35104,1
35105,1
35106,1
35107,1
35108,1
35109,1
35110,1
35111,1
35112,1
35113,1
35114,1
35115,1
35116,1
35117,1
35118,1
35119,1
35120,1
35121,1
35122,1
35123,1
35124,1
35125,1
35126,1
35127,1
35128,1
35129,1
35130,1
35131,1
35132,1
35133,1
35134,1
35135,1
35136,1
35137,1
35138,1
35139,1
35140,1
35141,1
35142,1
35143,1
35144,1
35145,1
35146,1
35147,1
35148,1
35149,1
35150,1
35151,1
35152,1
35153,1
35154,1
35155,1
35156,1
35157,1
35158,1
35159,1
35160,1
35161,1
35162,1
35163,1
35164,1
35165,1
35166,1
35167,1
35168,1
35169,1
35170,1
35171,1
35172,1
35173,1
35174,1
35175,1
35176,1
35177,1
35178,1
35179,1
35180,1
35181,1
35182,1
35183,1
35184,1
35185,1
35186,1
35187,1
35188,1
35189,1
35190,1
35191,1
35192,1
35193,1
35194,1
35195,1
35196,1
35197,1
35198,1
35199,1
35200,1
35201,1
35202,1
35203,1
35204,1
35205,1
35206,1
35207,1
35208,1
35209,1
35210,1
35211,1
35212,1
35213,1
35214,1
35215,1
35216,1
35217,1
35218,1
35219,1
35220,1
35221,1
35222,1
35223,1
35224,1
35225,1
35226,1
35227,1
35228,1
35229,1
35230,1
35231,1
35232,1
35233,1
35234,1
35235,1
35236,1
35237,1
35238,1
35239,1
35240,1
35241,1
35242,1
35243,1
35244,1
35245,1
35246,1
35247,1
35248,1
35249,1
35250,1
35251,1
35252,1
35253,1
35254,1
35255,1
35256,1
35257,1
35258,1
35259,1
35260,1
35261,1
35262,1
35263,1
35264,1
35265,1
35266,1
35267,1
35268,1
35269,1
35270,1
35271,1
35272,1
35273,1
35274,1
35275,1
35276,1
35277,1
35278,1
35279,1
35280,1
35281,1
35282,1
35283,1
35284,1
35285,1
35286,1
35287,1
35288,1
35289,1
35290,1
35291,1
35292,1
35293,1
35294,1
35295,1
35296,1
35297,1
35298,1
35299,1
35300,1
35301,1
35302,1
35303,1
35304,1
35305,1
35306,1
35307,1
35308,1
35309,1
35310,1
35311,1
35312,1
35313,1
35314,1
35315,1
35316,1
35317,1
35318,1
35319,1
35320,1
35321,1
35322,1
35323,1
35324,1
35325,1
35326,1
35327,1
35328,1
35329,1
35330,1
35331,1
35332,1
35333,1
35334,1
35335,1
35336,1
35337,1
35338,1
35339,1
35340,1
35341,1
35342,1
35343,1
35344,1
35345,1
35346,1
35347,1
35348,1
35349,1
35350,1
35351,1
35352,1
35353,1
35354,1
35355,1
35356,1
35357,1
35358,1
35359,1
35360,1
35361,1
35362,1
35363,1
35364,1
35365,1
35366,1
35367,1
35368,1
35369,1
35370,1
35371,1
35372,1
35373,1
35374,1
35375,1
35376,1
35377,1
35378,1
35379,1
35380,1
35381,1
35382,1
35383,1
35384,1
35385,1
35386,1
35387,1
35388,1
35389,1
35390,1
35391,1
35392,1
35393,1
35394,1
35395,1
35396,1
35397,1
35398,1
35399,1
35400,1
35401,1
35402,1
35403,1
35404,1
35405,1
35406,1
35407,1
35408,1
35409,1
35410,1
35411,1
35412,1
35413,1
35414,1
35415,1
35416,1
35417,1
35418,1
35419,1
35420,1
35421,1
35422,1
35423,1
35424,1
35425,1
35426,1
35427,1
35428,1
35429,1
35430,1
35431,1
35432,1
35433,1
35434,1
35435,1
35436,1
35437,1
35438,1
35439,1
35440,1
35441,1
35442,1
35443,1
35444,1
35445,1
35446,1
35447,1
35448,1
35449,1
35450,1
35451,1
35452,1
35453,1
35454,1
35455,1
35456,1
35457,1
35458,1
35459,1
35460,1
35461,1
35462,1
35463,1
35464,1
35465,1
35466,1
35467,1
35468,1
35469,1
35470,1
35471,1
35472,1
35473,1
35474,1
35475,1
35476,1
35477,1
35478,1
35479,1
35480,1
35481,1
35482,1
35483,1
35484,1
35485,1
35486,1
35487,1
35488,1
35489,1
35490,1
35491,1
35492,1
35493,1
35494,1
35495,1
35496,1
35497,1
35498,1
35499,1
35500,1
35501,1
35502,1
35503,1
35504,1
35505,1
35506,1
35507,1
35508,1
35509,1
35510,1
35511,1
35512,1
35513,1
35514,1
35515,1
35516,1
35517,1
35518,1
35519,1
35520,1
35521,1
35522,1
35523,1
35524,1
35525,1
35526,1
35527,1
35528,1
35529,1
35530,1
35531,1
35532,1
35533,1
35534,1
35535,1
35536,1
35537,1
35538,1
35539,1
35540,1
35541,1
35542,1
35543,1
35544,1
35545,1
35546,1
35547,1
35548,1
35549,1
35550,1
35551,1
35552,1
35553,1
35554,1
35555,1
35556,1
35557,1
35558,1
35559,1
35560,1
35561,1
35562,1
35563,1
35564,1
35565,1
35566,1
35567,1
35568,1
35569,1
35570,1
35571,1
35572,1
35573,1
35574,1
35575,1
35576,1
35577,1
35578,1
35579,1
35580,1
35581,1
35582,1
35583,1
35584,1
35585,1
35586,1
35587,1
35588,1
35589,1
35590,1
35591,1
35592,1
35593,1
35594,1
35595,1
35596,1
35597,1
35598,1
35599,1
35600,1
35601,1
35602,1
35603,1
35604,1
35605,1
35606,1
35607,1
35608,1
35609,1
35610,1
35611,1
35612,1
35613,1
35614,1
35615,1
35616,1
35617,1
35618,1
35619,1
35620,1
35621,1
35622,1
35623,1
35624,1
35625,1
35626,1
35627,1
35628,1
35629,1
35630,1
35631,1
35632,1
35633,1
35634,1
35635,1
35636,1
35637,1
35638,1
35639,1
35640,1
35641,1
35642,1
35643,1
35644,1
35645,1
35646,1
35647,1
35648,1
35649,1
35650,1
35651,1
35652,1
35653,1
35654,1
35655,1
35656,1
35657,1
35658,1
35659,1
35660,1
35661,1
35662,1
35663,1
35664,1
35665,1
35666,1
35667,1
35668,1
35669,1
35670,1
35671,1
35672,1
35673,1
35674,1
35675,1
35676,1
35677,1
35678,1
35679,1
35680,1
35681,1
35682,1
35683,1
35684,1
35685,1
35686,1
35687,1
35688,1
35689,1
35690,1
35691,1
35692,1
35693,1
35694,1
35695,1
35696,1
35697,1
35698,1
35699,1
35700,1
35701,1
35702,1
35703,1
35704,1
35705,1
35706,1
35707,1
35708,1
35709,1
35710,1
35711,1
35712,1
35713,1
35714,1
35715,1
35716,1
35717,1
35718,1
35719,1
35720,1
35721,1
35722,1
35723,1
35724,1
35725,1
35726,1
35727,1
35728,1
35729,1
35730,1
35731,1
35732,1
35733,1
35734,1
35735,1
35736,1
35737,1
35738,1
35739,1
35740,1
35741,1
35742,1
35743,1
35744,1
35745,1
35746,1
35747,1
35748,1
35749,1
35750,1
35751,1
35752,1
35753,1
35754,1
35755,1
35756,1
35757,1
35758,1
35759,1
35760,1
35761,1
35762,1
35763,1
35764,1
35765,1
35766,1
35767,1
35768,1
35769,1
35770,1
35771,1
35772,1
35773,1
35774,1
35775,1
35776,1
35777,1
35778,1
35779,1
35780,1
35781,1
35782,1
35783,1
35784,1
35785,1
35786,1
35787,1
35788,1
35789,1
35790,1
35791,1
35792,1
35793,1
35794,1
35795,1
35796,1
35797,1
35798,1
35799,1
35800,1
35801,1
35802,1
35803,1
35804,1
35805,1
35806,1
35807,1
35808,1
35809,1
35810,1
35811,1
35812,1
35813,1
35814,1
35815,1
35816,1
35817,1
35818,1
35819,1
35820,1
35821,1
35822,1
35823,1
35824,1
35825,1
35826,1
35827,1
35828,1
35829,1
35830,1
35831,1
35832,1
35833,1
35834,1
35835,1
35836,1
35837,1
35838,1
35839,1
35840,1
35841,1
35842,1
35843,1
35844,1
35845,1
35846,1
35847,1
35848,1
35849,1
35850,1
35851,1
35852,1
35853,1
35854,1
35855,1
35856,1
35857,1
35858,1
35859,1
35860,1
35861,1
35862,1
35863,1
35864,1
35865,1
35866,1
35867,1
35868,1
35869,1
35870,1
35871,1
35872,1
35873,1
35874,1
35875,1
35876,1
35877,1
35878,1
35879,1
35880,1
35881,1
35882,1
35883,1
35884,1
35885,1
35886,1
35887,1
35888,1
35889,1
35890,1
35891,1
35892,1
35893,1
35894,1
35895,1
35896,1
35897,1
35898,1
35899,1
35900,1
35901,1
35902,1
35903,1
35904,1
35905,1
35906,1
35907,1
35908,1
35909,1
35910,1
35911,1
35912,1
35913,1
35914,1
35915,1
35916,1
35917,1
35918,1
35919,1
35920,1
35921,1
35922,1
35923,1
35924,1
35925,1
35926,1
35927,1
35928,1
35929,1
35930,1
35931,1
35932,1
35933,1
35934,1
35935,1
35936,1
35937,1
35938,1
35939,1
35940,1
35941,1
35942,1
35943,1
35944,1
35945,1
35946,1
35947,1
35948,1
35949,1
35950,1
35951,1
35952,1
35953,1
35954,1
35955,1
35956,1
35957,1
35958,1
35959,1
35960,1
35961,1
35962,1
35963,1
35964,1
35965,1
35966,1
35967,1
35968,1
35969,1
35970,1
35971,1
35972,1
35973,1
35974,1
35975,1
35976,1
35977,1
35978,1
35979,1
35980,1
35981,1
35982,1
35983,1
35984,1
35985,1
35986,1
35987,1
35988,1
35989,1
35990,1
35991,1
35992,1
35993,1
35994,1
35995,1
35996,1
35997,1
35998,1
35999,1
36000,1
